id,code_station,code_polluant,insee_com,valeur,date_mesure
2026-06-10 23:00:00FR23001_SO2_A,FR23001,1,44052,0.13,2026-06-10 23:00:00+00:00
2026-06-10 23:00:00FR23003_NO2_A,FR23003,3,44052,0.63,2026-06-10 23:00:00+00:00
2026-06-10 23:00:00FR23003_PM10_1,FR23003,24,44052,6.1,2026-06-10 23:00:00+00:00
2026-06-10 23:00:00FR23003_PM2.5_1,FR23003,39,44052,3.2,2026-06-10 23:00:00+00:00
2026-06-10 23:00:00FR23003_SO2_A,FR23003,1,44052,0.0,2026-06-10 23:00:00+00:00
2026-06-10 23:00:00FR23068_NO2_A,FR23068,3,44061,1.5,2026-06-10 23:00:00+00:00
2026-06-10 23:00:00FR23068_PM10_4,FR23068,24,44061,6.5,2026-06-10 23:00:00+00:00
2026-06-10 23:00:00FR23068_PM2.5_1,FR23068,39,44061,3.5,2026-06-10 23:00:00+00:00
2026-06-10 23:00:00FR23068_SO2_A,FR23068,1,44061,0.0,2026-06-10 23:00:00+00:00
2026-06-10 23:00:00FR23069_SO2_A,FR23069,1,44195,0.0,2026-06-10 23:00:00+00:00
2026-06-10 23:00:00FR23070_NO2_A,FR23070,3,44158,1.5,2026-06-10 23:00:00+00:00
2026-06-10 23:00:00FR23070_PM10_3,FR23070,24,44158,6.8,2026-06-10 23:00:00+00:00
2026-06-10 23:00:00FR23070_PM2.5_1,FR23070,39,44158,3.5,2026-06-10 23:00:00+00:00
2026-06-10 23:00:00FR23070_SO2_A,FR23070,1,44158,0.0,2026-06-10 23:00:00+00:00
2026-06-10 23:00:00FR23075_NO2_A,FR23075,3,44210,1.7,2026-06-10 23:00:00+00:00
2026-06-10 23:00:00FR23078_NO2_A,FR23078,3,49099,3.5,2026-06-10 23:00:00+00:00
2026-06-10 23:00:00FR23078_O3_A,FR23078,8,49099,59.0,2026-06-10 23:00:00+00:00
2026-06-10 23:00:00FR23078_PM10_2,FR23078,24,49099,5.9,2026-06-10 23:00:00+00:00
2026-06-10 23:00:00FR23078_PM2.5_2,FR23078,39,49099,0.0,2026-06-10 23:00:00+00:00
2026-06-10 23:00:00FR23110_NO2_A,FR23110,3,44184,1.1,2026-06-10 23:00:00+00:00
2026-06-10 23:00:00FR23110_O3_A,FR23110,8,44184,68.0,2026-06-10 23:00:00+00:00
2026-06-10 23:00:00FR23110_PM10_3,FR23110,24,44184,6.9,2026-06-10 23:00:00+00:00
2026-06-10 23:00:00FR23110_PM2.5_3,FR23110,39,44184,3.4,2026-06-10 23:00:00+00:00
2026-06-10 23:00:00FR23120_NO2_A,FR23120,3,49007,3.2,2026-06-10 23:00:00+00:00
2026-06-10 23:00:00FR23120_PM10_4,FR23120,24,49007,5.9,2026-06-10 23:00:00+00:00
2026-06-10 23:00:00FR23120_PM2.5_2,FR23120,39,49007,3.1,2026-06-10 23:00:00+00:00
2026-06-10 23:00:00FR23123_NO2_A,FR23123,3,53130,2.4,2026-06-10 23:00:00+00:00
2026-06-10 23:00:00FR23123_O3_A,FR23123,8,53130,64.0,2026-06-10 23:00:00+00:00
2026-06-10 23:00:00FR23123_PM10_3,FR23123,24,53130,8.2,2026-06-10 23:00:00+00:00
2026-06-10 23:00:00FR23123_PM2.5_3,FR23123,39,53130,3.6,2026-06-10 23:00:00+00:00
2026-06-10 23:00:00FR23124_NO2_A,FR23124,3,85289,3.1,2026-06-10 23:00:00+00:00
2026-06-10 23:00:00FR23124_O3_A,FR23124,8,85289,48.0,2026-06-10 23:00:00+00:00
2026-06-10 23:00:00FR23124_PM10_4,FR23124,24,85289,5.1,2026-06-10 23:00:00+00:00
2026-06-10 23:00:00FR23124_PM2.5_2,FR23124,39,85289,2.3,2026-06-10 23:00:00+00:00
2026-06-10 23:00:00FR23149_SO2_A,FR23149,1,44116,0.0,2026-06-10 23:00:00+00:00
2026-06-10 23:00:00FR23150_NO2_A,FR23150,3,49007,1.9,2026-06-10 23:00:00+00:00
2026-06-10 23:00:00FR23150_O3_A,FR23150,8,49007,65.0,2026-06-10 23:00:00+00:00
2026-06-10 23:00:00FR23152_NO2_A,FR23152,3,85191,2.5,2026-06-10 23:00:00+00:00
2026-06-10 23:00:00FR23152_O3_A,FR23152,8,85191,52.0,2026-06-10 23:00:00+00:00
2026-06-10 23:00:00FR23152_PM10_4,FR23152,24,85191,5.2,2026-06-10 23:00:00+00:00
2026-06-10 23:00:00FR23152_PM2.5_2,FR23152,39,85191,2.6,2026-06-10 23:00:00+00:00
2026-06-10 23:00:00FR23157_O3_A,FR23157,8,44018,44.0,2026-06-10 23:00:00+00:00
2026-06-10 23:00:00FR23163_O3_A,FR23163,8,72344,69.0,2026-06-10 23:00:00+00:00
2026-06-10 23:00:00FR23174_NO2_A,FR23174,3,72181,3.4,2026-06-10 23:00:00+00:00
2026-06-10 23:00:00FR23174_PM10_2,FR23174,24,72181,6.5,2026-06-10 23:00:00+00:00
2026-06-10 23:00:00FR23174_PM2.5_1,FR23174,39,72181,2.9,2026-06-10 23:00:00+00:00
2026-06-10 23:00:00FR23175_O3_A,FR23175,8,49035,57.0,2026-06-10 23:00:00+00:00
2026-06-10 23:00:00FR23177_NO2_1,FR23177,3,53210,1.9,2026-06-10 23:00:00+00:00
2026-06-10 23:00:00FR23177_O3_A,FR23177,8,53210,70.0,2026-06-10 23:00:00+00:00
2026-06-10 23:00:00FR23177_PM10_4,FR23177,24,53210,5.7,2026-06-10 23:00:00+00:00
2026-06-10 23:00:00FR23177_PM2.5_2,FR23177,39,53210,2.5,2026-06-10 23:00:00+00:00
2026-06-10 23:00:00FR23178_NO2_1,FR23178,3,44052,1.8,2026-06-10 23:00:00+00:00
2026-06-10 23:00:00FR23178_PM10_3,FR23178,24,44052,6.6,2026-06-10 23:00:00+00:00
2026-06-10 23:00:00FR23178_PM2.5_2,FR23178,39,44052,3.4,2026-06-10 23:00:00+00:00
2026-06-10 23:00:00FR23178_SO2_A,FR23178,1,44052,0.0,2026-06-10 23:00:00+00:00
2026-06-10 23:00:00FR23181_NO2_1,FR23181,3,44184,1.3,2026-06-10 23:00:00+00:00
2026-06-10 23:00:00FR23181_SO2_1,FR23181,1,44184,0.48,2026-06-10 23:00:00+00:00
2026-06-10 23:00:00FR23182_NO2_A,FR23182,3,72181,4.4,2026-06-10 23:00:00+00:00
2026-06-10 23:00:00FR23182_O3_A,FR23182,8,72181,66.0,2026-06-10 23:00:00+00:00
2026-06-10 23:00:00FR23182_PM10_3,FR23182,24,72181,6.5,2026-06-10 23:00:00+00:00
2026-06-10 23:00:00FR23182_PM2.5_2,FR23182,39,72181,3.0,2026-06-10 23:00:00+00:00
2026-06-10 23:00:00FR23188_NO2_A,FR23188,3,44109,2.9,2026-06-10 23:00:00+00:00
2026-06-10 23:00:00FR23188_O3_A,FR23188,8,44109,67.0,2026-06-10 23:00:00+00:00
2026-06-10 23:00:00FR23188_PM10_4,FR23188,24,44109,6.9,2026-06-10 23:00:00+00:00
2026-06-10 23:00:00FR23188_PM2.5_2,FR23188,39,44109,3.7,2026-06-10 23:00:00+00:00
2026-06-10 23:00:00FR23230_O3_A,FR23230,8,44132,71.0,2026-06-10 23:00:00+00:00
2026-06-10 23:00:00FR23239_NO2_A,FR23239,3,44020,3.8,2026-06-10 23:00:00+00:00
2026-06-10 23:00:00FR23239_PM10_1,FR23239,24,44020,6.6,2026-06-10 23:00:00+00:00
2026-06-10 23:00:00FR23239_PM2.5_6,FR23239,39,44020,3.6,2026-06-10 23:00:00+00:00
2026-06-10 23:00:00FR23242_NO2_1,FR23242,3,49007,13.0,2026-06-10 23:00:00+00:00
2026-06-10 23:00:00FR23242_PM10_1,FR23242,24,49007,7.7,2026-06-10 23:00:00+00:00
2026-06-10 23:00:00FR23242_PM2.5_1,FR23242,39,49007,2.2,2026-06-10 23:00:00+00:00
2026-06-10 23:00:00FR23249_NO2_A,FR23249,3,44103,2.0,2026-06-10 23:00:00+00:00
2026-06-10 23:00:00FR23249_PM10_1,FR23249,24,44103,6.1,2026-06-10 23:00:00+00:00
2026-06-10 23:00:00FR23249_PM2.5_1,FR23249,39,44103,3.0,2026-06-10 23:00:00+00:00
2026-06-10 23:00:00FR23249_SO2_A,FR23249,1,44103,0.0,2026-06-10 23:00:00+00:00
2026-06-10 23:00:00FR23251_NO2_1,FR23251,3,44109,9.4,2026-06-10 23:00:00+00:00
2026-06-10 23:00:00FR23251_PM2.5_1,FR23251,39,44109,6.1,2026-06-10 23:00:00+00:00
2026-06-10 23:00:00FR23252_NO2_1,FR23252,3,53130,6.0,2026-06-10 23:00:00+00:00
2026-06-10 23:00:00FR23252_PM2.5_1,FR23252,39,53130,7.3,2026-06-10 23:00:00+00:00
2026-06-10 23:00:00FR23259_PM10_1,FR23259,24,44109,6.7,2026-06-10 23:00:00+00:00
2026-06-10 23:00:00FR23259_PM2.5_1,FR23259,39,44109,3.7,2026-06-10 23:00:00+00:00
2026-06-10 22:00:00FR23001_SO2_A,FR23001,1,44052,0.23,2026-06-10 22:00:00+00:00
2026-06-10 22:00:00FR23003_NO2_A,FR23003,3,44052,0.55,2026-06-10 22:00:00+00:00
2026-06-10 22:00:00FR23003_PM10_1,FR23003,24,44052,7.1,2026-06-10 22:00:00+00:00
2026-06-10 22:00:00FR23003_PM2.5_1,FR23003,39,44052,3.5,2026-06-10 22:00:00+00:00
2026-06-10 22:00:00FR23003_SO2_A,FR23003,1,44052,0.0,2026-06-10 22:00:00+00:00
2026-06-10 22:00:00FR23068_NO2_A,FR23068,3,44061,1.4,2026-06-10 22:00:00+00:00
2026-06-10 22:00:00FR23068_PM10_4,FR23068,24,44061,7.2,2026-06-10 22:00:00+00:00
2026-06-10 22:00:00FR23068_PM2.5_1,FR23068,39,44061,3.8,2026-06-10 22:00:00+00:00
2026-06-10 22:00:00FR23068_SO2_A,FR23068,1,44061,0.025,2026-06-10 22:00:00+00:00
2026-06-10 22:00:00FR23069_SO2_A,FR23069,1,44195,0.0,2026-06-10 22:00:00+00:00
2026-06-10 22:00:00FR23070_NO2_A,FR23070,3,44158,1.6,2026-06-10 22:00:00+00:00
2026-06-10 22:00:00FR23070_PM10_3,FR23070,24,44158,6.7,2026-06-10 22:00:00+00:00
2026-06-10 22:00:00FR23070_PM2.5_1,FR23070,39,44158,3.4,2026-06-10 22:00:00+00:00
2026-06-10 22:00:00FR23070_SO2_A,FR23070,1,44158,0.0,2026-06-10 22:00:00+00:00
2026-06-10 22:00:00FR23075_NO2_A,FR23075,3,44210,1.9,2026-06-10 22:00:00+00:00
2026-06-10 22:00:00FR23078_NO2_A,FR23078,3,49099,2.5,2026-06-10 22:00:00+00:00
2026-06-10 22:00:00FR23078_O3_A,FR23078,8,49099,66.0,2026-06-10 22:00:00+00:00
2026-06-10 22:00:00FR23078_PM10_2,FR23078,24,49099,7.4,2026-06-10 22:00:00+00:00
2026-06-10 22:00:00FR23078_PM2.5_2,FR23078,39,49099,1.6,2026-06-10 22:00:00+00:00
2026-06-10 22:00:00FR23110_NO2_A,FR23110,3,44184,0.93,2026-06-10 22:00:00+00:00
2026-06-10 22:00:00FR23110_O3_A,FR23110,8,44184,69.0,2026-06-10 22:00:00+00:00
2026-06-10 22:00:00FR23110_PM10_3,FR23110,24,44184,6.6,2026-06-10 22:00:00+00:00
2026-06-10 22:00:00FR23110_PM2.5_3,FR23110,39,44184,3.5,2026-06-10 22:00:00+00:00
2026-06-10 22:00:00FR23120_NO2_A,FR23120,3,49007,4.7,2026-06-10 22:00:00+00:00
2026-06-10 22:00:00FR23120_PM10_4,FR23120,24,49007,5.6,2026-06-10 22:00:00+00:00
2026-06-10 22:00:00FR23120_PM2.5_2,FR23120,39,49007,3.0,2026-06-10 22:00:00+00:00
2026-06-10 22:00:00FR23123_NO2_A,FR23123,3,53130,2.8,2026-06-10 22:00:00+00:00
2026-06-10 22:00:00FR23123_O3_A,FR23123,8,53130,68.0,2026-06-10 22:00:00+00:00
2026-06-10 22:00:00FR23123_PM10_3,FR23123,24,53130,12.0,2026-06-10 22:00:00+00:00
2026-06-10 22:00:00FR23123_PM2.5_3,FR23123,39,53130,7.6,2026-06-10 22:00:00+00:00
2026-06-10 22:00:00FR23124_NO2_A,FR23124,3,85289,1.3,2026-06-10 22:00:00+00:00
2026-06-10 22:00:00FR23124_O3_A,FR23124,8,85289,59.0,2026-06-10 22:00:00+00:00
2026-06-10 22:00:00FR23124_PM10_4,FR23124,24,85289,4.9,2026-06-10 22:00:00+00:00
2026-06-10 22:00:00FR23124_PM2.5_2,FR23124,39,85289,2.0,2026-06-10 22:00:00+00:00
2026-06-10 22:00:00FR23149_SO2_A,FR23149,1,44116,0.0,2026-06-10 22:00:00+00:00
2026-06-10 22:00:00FR23150_NO2_A,FR23150,3,49007,1.7,2026-06-10 22:00:00+00:00
2026-06-10 22:00:00FR23150_O3_A,FR23150,8,49007,67.0,2026-06-10 22:00:00+00:00
2026-06-10 22:00:00FR23152_NO2_A,FR23152,3,85191,2.1,2026-06-10 22:00:00+00:00
2026-06-10 22:00:00FR23152_O3_A,FR23152,8,85191,57.0,2026-06-10 22:00:00+00:00
2026-06-10 22:00:00FR23152_PM10_4,FR23152,24,85191,4.9,2026-06-10 22:00:00+00:00
2026-06-10 22:00:00FR23152_PM2.5_2,FR23152,39,85191,2.5,2026-06-10 22:00:00+00:00
2026-06-10 22:00:00FR23157_O3_A,FR23157,8,44018,57.0,2026-06-10 22:00:00+00:00
2026-06-10 22:00:00FR23163_O3_A,FR23163,8,72344,65.0,2026-06-10 22:00:00+00:00
2026-06-10 22:00:00FR23174_NO2_A,FR23174,3,72181,2.8,2026-06-10 22:00:00+00:00
2026-06-10 22:00:00FR23174_PM10_2,FR23174,24,72181,7.5,2026-06-10 22:00:00+00:00
2026-06-10 22:00:00FR23174_PM2.5_1,FR23174,39,72181,3.0,2026-06-10 22:00:00+00:00
2026-06-10 22:00:00FR23175_O3_A,FR23175,8,49035,64.0,2026-06-10 22:00:00+00:00
2026-06-10 22:00:00FR23177_NO2_1,FR23177,3,53210,2.1,2026-06-10 22:00:00+00:00
2026-06-10 22:00:00FR23177_O3_A,FR23177,8,53210,66.0,2026-06-10 22:00:00+00:00
2026-06-10 22:00:00FR23177_PM10_4,FR23177,24,53210,5.8,2026-06-10 22:00:00+00:00
2026-06-10 22:00:00FR23177_PM2.5_2,FR23177,39,53210,2.7,2026-06-10 22:00:00+00:00
2026-06-10 22:00:00FR23178_NO2_1,FR23178,3,44052,1.6,2026-06-10 22:00:00+00:00
2026-06-10 22:00:00FR23178_PM10_3,FR23178,24,44052,7.2,2026-06-10 22:00:00+00:00
2026-06-10 22:00:00FR23178_PM2.5_2,FR23178,39,44052,3.6,2026-06-10 22:00:00+00:00
2026-06-10 22:00:00FR23178_SO2_A,FR23178,1,44052,0.0,2026-06-10 22:00:00+00:00
2026-06-10 22:00:00FR23181_NO2_1,FR23181,3,44184,1.3,2026-06-10 22:00:00+00:00
2026-06-10 22:00:00FR23181_SO2_1,FR23181,1,44184,0.73,2026-06-10 22:00:00+00:00
2026-06-10 22:00:00FR23182_NO2_A,FR23182,3,72181,3.0,2026-06-10 22:00:00+00:00
2026-06-10 22:00:00FR23182_O3_A,FR23182,8,72181,71.0,2026-06-10 22:00:00+00:00
2026-06-10 22:00:00FR23182_PM10_3,FR23182,24,72181,5.9,2026-06-10 22:00:00+00:00
2026-06-10 22:00:00FR23182_PM2.5_2,FR23182,39,72181,2.9,2026-06-10 22:00:00+00:00
2026-06-10 22:00:00FR23188_NO2_A,FR23188,3,44109,2.8,2026-06-10 22:00:00+00:00
2026-06-10 22:00:00FR23188_O3_A,FR23188,8,44109,66.0,2026-06-10 22:00:00+00:00
2026-06-10 22:00:00FR23188_PM10_4,FR23188,24,44109,6.4,2026-06-10 22:00:00+00:00
2026-06-10 22:00:00FR23188_PM2.5_2,FR23188,39,44109,3.5,2026-06-10 22:00:00+00:00
2026-06-10 22:00:00FR23230_O3_A,FR23230,8,44132,68.0,2026-06-10 22:00:00+00:00
2026-06-10 22:00:00FR23239_NO2_A,FR23239,3,44020,4.5,2026-06-10 22:00:00+00:00
2026-06-10 22:00:00FR23239_PM10_1,FR23239,24,44020,6.7,2026-06-10 22:00:00+00:00
2026-06-10 22:00:00FR23239_PM2.5_6,FR23239,39,44020,3.3,2026-06-10 22:00:00+00:00
2026-06-10 22:00:00FR23242_NO2_1,FR23242,3,49007,19.0,2026-06-10 22:00:00+00:00
2026-06-10 22:00:00FR23242_PM10_1,FR23242,24,49007,9.9,2026-06-10 22:00:00+00:00
2026-06-10 22:00:00FR23242_PM2.5_1,FR23242,39,49007,3.5,2026-06-10 22:00:00+00:00
2026-06-10 22:00:00FR23249_NO2_A,FR23249,3,44103,1.5,2026-06-10 22:00:00+00:00
2026-06-10 22:00:00FR23249_PM10_1,FR23249,24,44103,6.1,2026-06-10 22:00:00+00:00
2026-06-10 22:00:00FR23249_PM2.5_1,FR23249,39,44103,3.2,2026-06-10 22:00:00+00:00
2026-06-10 22:00:00FR23249_SO2_A,FR23249,1,44103,0.0,2026-06-10 22:00:00+00:00
2026-06-10 22:00:00FR23251_NO2_1,FR23251,3,44109,14.0,2026-06-10 22:00:00+00:00
2026-06-10 22:00:00FR23251_PM2.5_1,FR23251,39,44109,7.9,2026-06-10 22:00:00+00:00
2026-06-10 22:00:00FR23252_NO2_1,FR23252,3,53130,6.6,2026-06-10 22:00:00+00:00
2026-06-10 22:00:00FR23252_PM2.5_1,FR23252,39,53130,7.1,2026-06-10 22:00:00+00:00
2026-06-10 22:00:00FR23259_PM10_1,FR23259,24,44109,7.9,2026-06-10 22:00:00+00:00
2026-06-10 22:00:00FR23259_PM2.5_1,FR23259,39,44109,3.7,2026-06-10 22:00:00+00:00
2026-06-10 21:00:00FR23001_SO2_A,FR23001,1,44052,0.25,2026-06-10 21:00:00+00:00
2026-06-10 21:00:00FR23003_NO2_A,FR23003,3,44052,1.1,2026-06-10 21:00:00+00:00
2026-06-10 21:00:00FR23003_PM10_1,FR23003,24,44052,6.8,2026-06-10 21:00:00+00:00
2026-06-10 21:00:00FR23003_PM2.5_1,FR23003,39,44052,3.5,2026-06-10 21:00:00+00:00
2026-06-10 21:00:00FR23003_SO2_A,FR23003,1,44052,0.0,2026-06-10 21:00:00+00:00
2026-06-10 21:00:00FR23068_NO2_A,FR23068,3,44061,1.1,2026-06-10 21:00:00+00:00
2026-06-10 21:00:00FR23068_PM10_4,FR23068,24,44061,7.8,2026-06-10 21:00:00+00:00
2026-06-10 21:00:00FR23068_PM2.5_1,FR23068,39,44061,3.8,2026-06-10 21:00:00+00:00
2026-06-10 21:00:00FR23068_SO2_A,FR23068,1,44061,0.0,2026-06-10 21:00:00+00:00
2026-06-10 21:00:00FR23069_SO2_A,FR23069,1,44195,0.0,2026-06-10 21:00:00+00:00
2026-06-10 21:00:00FR23070_NO2_A,FR23070,3,44158,1.3,2026-06-10 21:00:00+00:00
2026-06-10 21:00:00FR23070_PM10_3,FR23070,24,44158,6.3,2026-06-10 21:00:00+00:00
2026-06-10 21:00:00FR23070_PM2.5_1,FR23070,39,44158,3.1,2026-06-10 21:00:00+00:00
2026-06-10 21:00:00FR23070_SO2_A,FR23070,1,44158,0.25,2026-06-10 21:00:00+00:00
2026-06-10 21:00:00FR23075_NO2_A,FR23075,3,44210,2.2,2026-06-10 21:00:00+00:00
2026-06-10 21:00:00FR23078_NO2_A,FR23078,3,49099,2.4,2026-06-10 21:00:00+00:00
2026-06-10 21:00:00FR23078_O3_A,FR23078,8,49099,69.0,2026-06-10 21:00:00+00:00
2026-06-10 21:00:00FR23078_PM10_2,FR23078,24,49099,7.0,2026-06-10 21:00:00+00:00
2026-06-10 21:00:00FR23078_PM2.5_2,FR23078,39,49099,1.9,2026-06-10 21:00:00+00:00
2026-06-10 21:00:00FR23110_NO2_A,FR23110,3,44184,1.3,2026-06-10 21:00:00+00:00
2026-06-10 21:00:00FR23110_O3_A,FR23110,8,44184,72.0,2026-06-10 21:00:00+00:00
2026-06-10 21:00:00FR23110_PM10_3,FR23110,24,44184,8.1,2026-06-10 21:00:00+00:00
2026-06-10 21:00:00FR23110_PM2.5_3,FR23110,39,44184,3.9,2026-06-10 21:00:00+00:00
2026-06-10 21:00:00FR23120_NO2_A,FR23120,3,49007,5.4,2026-06-10 21:00:00+00:00
2026-06-10 21:00:00FR23120_PM10_4,FR23120,24,49007,6.5,2026-06-10 21:00:00+00:00
2026-06-10 21:00:00FR23120_PM2.5_2,FR23120,39,49007,3.0,2026-06-10 21:00:00+00:00
2026-06-10 21:00:00FR23123_NO2_A,FR23123,3,53130,0.73,2026-06-10 21:00:00+00:00
2026-06-10 21:00:00FR23123_O3_A,FR23123,8,53130,72.0,2026-06-10 21:00:00+00:00
2026-06-10 21:00:00FR23123_PM10_3,FR23123,24,53130,7.1,2026-06-10 21:00:00+00:00
2026-06-10 21:00:00FR23123_PM2.5_3,FR23123,39,53130,3.4,2026-06-10 21:00:00+00:00
2026-06-10 21:00:00FR23124_NO2_A,FR23124,3,85289,1.2,2026-06-10 21:00:00+00:00
2026-06-10 21:00:00FR23124_O3_A,FR23124,8,85289,64.0,2026-06-10 21:00:00+00:00
2026-06-10 21:00:00FR23124_PM10_4,FR23124,24,85289,3.8,2026-06-10 21:00:00+00:00
2026-06-10 21:00:00FR23124_PM2.5_2,FR23124,39,85289,1.7,2026-06-10 21:00:00+00:00
2026-06-10 21:00:00FR23149_SO2_A,FR23149,1,44116,0.0,2026-06-10 21:00:00+00:00
2026-06-10 21:00:00FR23150_NO2_A,FR23150,3,49007,1.7,2026-06-10 21:00:00+00:00
2026-06-10 21:00:00FR23150_O3_A,FR23150,8,49007,69.0,2026-06-10 21:00:00+00:00
2026-06-10 21:00:00FR23152_NO2_A,FR23152,3,85191,1.5,2026-06-10 21:00:00+00:00
2026-06-10 21:00:00FR23152_O3_A,FR23152,8,85191,63.0,2026-06-10 21:00:00+00:00
2026-06-10 21:00:00FR23152_PM10_4,FR23152,24,85191,4.8,2026-06-10 21:00:00+00:00
2026-06-10 21:00:00FR23152_PM2.5_2,FR23152,39,85191,2.4,2026-06-10 21:00:00+00:00
2026-06-10 21:00:00FR23157_O3_A,FR23157,8,44018,62.0,2026-06-10 21:00:00+00:00
2026-06-10 21:00:00FR23163_O3_A,FR23163,8,72344,71.0,2026-06-10 21:00:00+00:00
2026-06-10 21:00:00FR23174_NO2_A,FR23174,3,72181,2.6,2026-06-10 21:00:00+00:00
2026-06-10 21:00:00FR23174_PM10_2,FR23174,24,72181,6.3,2026-06-10 21:00:00+00:00
2026-06-10 21:00:00FR23174_PM2.5_1,FR23174,39,72181,3.0,2026-06-10 21:00:00+00:00
2026-06-10 21:00:00FR23175_O3_A,FR23175,8,49035,68.0,2026-06-10 21:00:00+00:00
2026-06-10 21:00:00FR23177_NO2_1,FR23177,3,53210,1.8,2026-06-10 21:00:00+00:00
2026-06-10 21:00:00FR23177_O3_A,FR23177,8,53210,69.0,2026-06-10 21:00:00+00:00
2026-06-10 21:00:00FR23177_PM10_4,FR23177,24,53210,6.0,2026-06-10 21:00:00+00:00
2026-06-10 21:00:00FR23177_PM2.5_2,FR23177,39,53210,2.7,2026-06-10 21:00:00+00:00
2026-06-10 21:00:00FR23178_NO2_1,FR23178,3,44052,1.5,2026-06-10 21:00:00+00:00
2026-06-10 21:00:00FR23178_PM10_3,FR23178,24,44052,7.5,2026-06-10 21:00:00+00:00
2026-06-10 21:00:00FR23178_PM2.5_2,FR23178,39,44052,3.8,2026-06-10 21:00:00+00:00
2026-06-10 21:00:00FR23178_SO2_A,FR23178,1,44052,0.0,2026-06-10 21:00:00+00:00
2026-06-10 21:00:00FR23181_NO2_1,FR23181,3,44184,1.7,2026-06-10 21:00:00+00:00
2026-06-10 21:00:00FR23181_SO2_1,FR23181,1,44184,0.75,2026-06-10 21:00:00+00:00
2026-06-10 21:00:00FR23182_NO2_A,FR23182,3,72181,2.2,2026-06-10 21:00:00+00:00
2026-06-10 21:00:00FR23182_O3_A,FR23182,8,72181,73.0,2026-06-10 21:00:00+00:00
2026-06-10 21:00:00FR23182_PM10_3,FR23182,24,72181,6.2,2026-06-10 21:00:00+00:00
2026-06-10 21:00:00FR23182_PM2.5_2,FR23182,39,72181,2.9,2026-06-10 21:00:00+00:00
2026-06-10 21:00:00FR23188_NO2_A,FR23188,3,44109,2.6,2026-06-10 21:00:00+00:00
2026-06-10 21:00:00FR23188_O3_A,FR23188,8,44109,69.0,2026-06-10 21:00:00+00:00
2026-06-10 21:00:00FR23188_PM10_4,FR23188,24,44109,6.4,2026-06-10 21:00:00+00:00
2026-06-10 21:00:00FR23188_PM2.5_2,FR23188,39,44109,3.3,2026-06-10 21:00:00+00:00
2026-06-10 21:00:00FR23230_O3_A,FR23230,8,44132,70.0,2026-06-10 21:00:00+00:00
2026-06-10 21:00:00FR23239_NO2_A,FR23239,3,44020,4.3,2026-06-10 21:00:00+00:00
2026-06-10 21:00:00FR23239_PM10_1,FR23239,24,44020,7.1,2026-06-10 21:00:00+00:00
2026-06-10 21:00:00FR23239_PM2.5_6,FR23239,39,44020,3.2,2026-06-10 21:00:00+00:00
2026-06-10 21:00:00FR23242_NO2_1,FR23242,3,49007,17.0,2026-06-10 21:00:00+00:00
2026-06-10 21:00:00FR23242_PM10_1,FR23242,24,49007,13.0,2026-06-10 21:00:00+00:00
2026-06-10 21:00:00FR23242_PM2.5_1,FR23242,39,49007,4.0,2026-06-10 21:00:00+00:00
2026-06-10 21:00:00FR23249_NO2_A,FR23249,3,44103,2.0,2026-06-10 21:00:00+00:00
2026-06-10 21:00:00FR23249_PM10_1,FR23249,24,44103,5.9,2026-06-10 21:00:00+00:00
2026-06-10 21:00:00FR23249_PM2.5_1,FR23249,39,44103,3.3,2026-06-10 21:00:00+00:00
2026-06-10 21:00:00FR23249_SO2_A,FR23249,1,44103,0.0,2026-06-10 21:00:00+00:00
2026-06-10 21:00:00FR23251_NO2_1,FR23251,3,44109,14.0,2026-06-10 21:00:00+00:00
2026-06-10 21:00:00FR23251_PM2.5_1,FR23251,39,44109,3.7,2026-06-10 21:00:00+00:00
2026-06-10 21:00:00FR23252_NO2_1,FR23252,3,53130,4.7,2026-06-10 21:00:00+00:00
2026-06-10 21:00:00FR23252_PM2.5_1,FR23252,39,53130,5.0,2026-06-10 21:00:00+00:00
2026-06-10 21:00:00FR23259_PM10_1,FR23259,24,44109,7.6,2026-06-10 21:00:00+00:00
2026-06-10 21:00:00FR23259_PM2.5_1,FR23259,39,44109,3.8,2026-06-10 21:00:00+00:00
2026-06-10 20:00:00FR23001_SO2_A,FR23001,1,44052,0.28,2026-06-10 20:00:00+00:00
2026-06-10 20:00:00FR23003_NO2_A,FR23003,3,44052,0.7,2026-06-10 20:00:00+00:00
2026-06-10 20:00:00FR23003_PM10_1,FR23003,24,44052,6.6,2026-06-10 20:00:00+00:00
2026-06-10 20:00:00FR23003_PM2.5_1,FR23003,39,44052,3.4,2026-06-10 20:00:00+00:00
2026-06-10 20:00:00FR23003_SO2_A,FR23003,1,44052,0.0,2026-06-10 20:00:00+00:00
2026-06-10 20:00:00FR23068_NO2_A,FR23068,3,44061,0.65,2026-06-10 20:00:00+00:00
2026-06-10 20:00:00FR23068_PM10_4,FR23068,24,44061,7.0,2026-06-10 20:00:00+00:00
2026-06-10 20:00:00FR23068_PM2.5_1,FR23068,39,44061,3.4,2026-06-10 20:00:00+00:00
2026-06-10 20:00:00FR23068_SO2_A,FR23068,1,44061,0.05,2026-06-10 20:00:00+00:00
2026-06-10 20:00:00FR23069_SO2_A,FR23069,1,44195,0.0,2026-06-10 20:00:00+00:00
2026-06-10 20:00:00FR23070_NO2_A,FR23070,3,44158,1.3,2026-06-10 20:00:00+00:00
2026-06-10 20:00:00FR23070_PM10_3,FR23070,24,44158,5.8,2026-06-10 20:00:00+00:00
2026-06-10 20:00:00FR23070_PM2.5_1,FR23070,39,44158,2.9,2026-06-10 20:00:00+00:00
2026-06-10 20:00:00FR23070_SO2_A,FR23070,1,44158,0.2,2026-06-10 20:00:00+00:00
2026-06-10 20:00:00FR23075_NO2_A,FR23075,3,44210,1.8,2026-06-10 20:00:00+00:00
2026-06-10 20:00:00FR23078_NO2_A,FR23078,3,49099,2.4,2026-06-10 20:00:00+00:00
2026-06-10 20:00:00FR23078_O3_A,FR23078,8,49099,72.0,2026-06-10 20:00:00+00:00
2026-06-10 20:00:00FR23078_PM10_2,FR23078,24,49099,3.9,2026-06-10 20:00:00+00:00
2026-06-10 20:00:00FR23078_PM2.5_2,FR23078,39,49099,2.4,2026-06-10 20:00:00+00:00
2026-06-10 20:00:00FR23110_NO2_A,FR23110,3,44184,1.2,2026-06-10 20:00:00+00:00
2026-06-10 20:00:00FR23110_O3_A,FR23110,8,44184,69.0,2026-06-10 20:00:00+00:00
2026-06-10 20:00:00FR23110_PM10_3,FR23110,24,44184,8.5,2026-06-10 20:00:00+00:00
2026-06-10 20:00:00FR23110_PM2.5_3,FR23110,39,44184,4.0,2026-06-10 20:00:00+00:00
2026-06-10 20:00:00FR23120_NO2_A,FR23120,3,49007,4.8,2026-06-10 20:00:00+00:00
2026-06-10 20:00:00FR23120_PM10_4,FR23120,24,49007,8.0,2026-06-10 20:00:00+00:00
2026-06-10 20:00:00FR23120_PM2.5_2,FR23120,39,49007,2.6,2026-06-10 20:00:00+00:00
2026-06-10 20:00:00FR23123_NO2_A,FR23123,3,53130,0.9,2026-06-10 20:00:00+00:00
2026-06-10 20:00:00FR23123_O3_A,FR23123,8,53130,74.0,2026-06-10 20:00:00+00:00
2026-06-10 20:00:00FR23123_PM10_3,FR23123,24,53130,8.6,2026-06-10 20:00:00+00:00
2026-06-10 20:00:00FR23123_PM2.5_3,FR23123,39,53130,4.1,2026-06-10 20:00:00+00:00
2026-06-10 20:00:00FR23124_NO2_A,FR23124,3,85289,1.0,2026-06-10 20:00:00+00:00
2026-06-10 20:00:00FR23124_O3_A,FR23124,8,85289,69.0,2026-06-10 20:00:00+00:00
2026-06-10 20:00:00FR23124_PM10_4,FR23124,24,85289,6.4,2026-06-10 20:00:00+00:00
2026-06-10 20:00:00FR23124_PM2.5_2,FR23124,39,85289,2.0,2026-06-10 20:00:00+00:00
2026-06-10 20:00:00FR23149_SO2_A,FR23149,1,44116,0.0,2026-06-10 20:00:00+00:00
2026-06-10 20:00:00FR23150_NO2_A,FR23150,3,49007,1.7,2026-06-10 20:00:00+00:00
2026-06-10 20:00:00FR23150_O3_A,FR23150,8,49007,73.0,2026-06-10 20:00:00+00:00
2026-06-10 20:00:00FR23152_NO2_A,FR23152,3,85191,0.8,2026-06-10 20:00:00+00:00
2026-06-10 20:00:00FR23152_O3_A,FR23152,8,85191,70.0,2026-06-10 20:00:00+00:00
2026-06-10 20:00:00FR23152_PM10_4,FR23152,24,85191,4.6,2026-06-10 20:00:00+00:00
2026-06-10 20:00:00FR23152_PM2.5_2,FR23152,39,85191,2.3,2026-06-10 20:00:00+00:00
2026-06-10 20:00:00FR23157_O3_A,FR23157,8,44018,67.0,2026-06-10 20:00:00+00:00
2026-06-10 20:00:00FR23163_O3_A,FR23163,8,72344,70.0,2026-06-10 20:00:00+00:00
2026-06-10 20:00:00FR23174_NO2_A,FR23174,3,72181,3.4,2026-06-10 20:00:00+00:00
2026-06-10 20:00:00FR23174_PM10_2,FR23174,24,72181,7.1,2026-06-10 20:00:00+00:00
2026-06-10 20:00:00FR23174_PM2.5_1,FR23174,39,72181,3.0,2026-06-10 20:00:00+00:00
2026-06-10 20:00:00FR23175_O3_A,FR23175,8,49035,72.0,2026-06-10 20:00:00+00:00
2026-06-10 20:00:00FR23177_NO2_1,FR23177,3,53210,2.0,2026-06-10 20:00:00+00:00
2026-06-10 20:00:00FR23177_O3_A,FR23177,8,53210,70.0,2026-06-10 20:00:00+00:00
2026-06-10 20:00:00FR23177_PM10_4,FR23177,24,53210,5.4,2026-06-10 20:00:00+00:00
2026-06-10 20:00:00FR23177_PM2.5_2,FR23177,39,53210,2.6,2026-06-10 20:00:00+00:00
2026-06-10 20:00:00FR23178_NO2_1,FR23178,3,44052,2.2,2026-06-10 20:00:00+00:00
2026-06-10 20:00:00FR23178_PM10_3,FR23178,24,44052,8.0,2026-06-10 20:00:00+00:00
2026-06-10 20:00:00FR23178_PM2.5_2,FR23178,39,44052,3.8,2026-06-10 20:00:00+00:00
2026-06-10 20:00:00FR23178_SO2_A,FR23178,1,44052,0.0,2026-06-10 20:00:00+00:00
2026-06-10 20:00:00FR23181_NO2_1,FR23181,3,44184,1.1,2026-06-10 20:00:00+00:00
2026-06-10 20:00:00FR23181_SO2_1,FR23181,1,44184,0.9,2026-06-10 20:00:00+00:00
2026-06-10 20:00:00FR23182_NO2_A,FR23182,3,72181,3.1,2026-06-10 20:00:00+00:00
2026-06-10 20:00:00FR23182_O3_A,FR23182,8,72181,70.0,2026-06-10 20:00:00+00:00
2026-06-10 20:00:00FR23182_PM10_3,FR23182,24,72181,6.6,2026-06-10 20:00:00+00:00
2026-06-10 20:00:00FR23182_PM2.5_2,FR23182,39,72181,2.7,2026-06-10 20:00:00+00:00
2026-06-10 20:00:00FR23188_NO2_A,FR23188,3,44109,1.9,2026-06-10 20:00:00+00:00
2026-06-10 20:00:00FR23188_O3_A,FR23188,8,44109,73.0,2026-06-10 20:00:00+00:00
2026-06-10 20:00:00FR23188_PM10_4,FR23188,24,44109,6.7,2026-06-10 20:00:00+00:00
2026-06-10 20:00:00FR23188_PM2.5_2,FR23188,39,44109,3.3,2026-06-10 20:00:00+00:00
2026-06-10 20:00:00FR23230_O3_A,FR23230,8,44132,67.0,2026-06-10 20:00:00+00:00
2026-06-10 20:00:00FR23239_NO2_A,FR23239,3,44020,1.8,2026-06-10 20:00:00+00:00
2026-06-10 20:00:00FR23239_PM10_1,FR23239,24,44020,5.8,2026-06-10 20:00:00+00:00
2026-06-10 20:00:00FR23239_PM2.5_6,FR23239,39,44020,3.0,2026-06-10 20:00:00+00:00
2026-06-10 20:00:00FR23242_NO2_1,FR23242,3,49007,15.0,2026-06-10 20:00:00+00:00
2026-06-10 20:00:00FR23242_PM10_1,FR23242,24,49007,11.0,2026-06-10 20:00:00+00:00
2026-06-10 20:00:00FR23242_PM2.5_1,FR23242,39,49007,3.9,2026-06-10 20:00:00+00:00
2026-06-10 20:00:00FR23249_NO2_A,FR23249,3,44103,1.5,2026-06-10 20:00:00+00:00
2026-06-10 20:00:00FR23249_PM10_1,FR23249,24,44103,6.3,2026-06-10 20:00:00+00:00
2026-06-10 20:00:00FR23249_PM2.5_1,FR23249,39,44103,3.2,2026-06-10 20:00:00+00:00
2026-06-10 20:00:00FR23249_SO2_A,FR23249,1,44103,0.0,2026-06-10 20:00:00+00:00
2026-06-10 20:00:00FR23251_NO2_1,FR23251,3,44109,9.7,2026-06-10 20:00:00+00:00
2026-06-10 20:00:00FR23251_PM2.5_1,FR23251,39,44109,5.3,2026-06-10 20:00:00+00:00
2026-06-10 20:00:00FR23252_NO2_1,FR23252,3,53130,5.2,2026-06-10 20:00:00+00:00
2026-06-10 20:00:00FR23252_PM2.5_1,FR23252,39,53130,9.3,2026-06-10 20:00:00+00:00
2026-06-10 20:00:00FR23259_PM10_1,FR23259,24,44109,6.9,2026-06-10 20:00:00+00:00
2026-06-10 20:00:00FR23259_PM2.5_1,FR23259,39,44109,3.5,2026-06-10 20:00:00+00:00
2026-06-10 19:00:00FR23001_SO2_A,FR23001,1,44052,0.33,2026-06-10 19:00:00+00:00
2026-06-10 19:00:00FR23003_NO2_A,FR23003,3,44052,0.5,2026-06-10 19:00:00+00:00
2026-06-10 19:00:00FR23003_PM10_1,FR23003,24,44052,7.0,2026-06-10 19:00:00+00:00
2026-06-10 19:00:00FR23003_PM2.5_1,FR23003,39,44052,3.3,2026-06-10 19:00:00+00:00
2026-06-10 19:00:00FR23003_SO2_A,FR23003,1,44052,0.05,2026-06-10 19:00:00+00:00
2026-06-10 19:00:00FR23068_NO2_A,FR23068,3,44061,0.6,2026-06-10 19:00:00+00:00
2026-06-10 19:00:00FR23068_PM10_4,FR23068,24,44061,7.5,2026-06-10 19:00:00+00:00
2026-06-10 19:00:00FR23068_PM2.5_1,FR23068,39,44061,3.5,2026-06-10 19:00:00+00:00
2026-06-10 19:00:00FR23068_SO2_A,FR23068,1,44061,0.15,2026-06-10 19:00:00+00:00
2026-06-10 19:00:00FR23069_SO2_A,FR23069,1,44195,0.0,2026-06-10 19:00:00+00:00
2026-06-10 19:00:00FR23070_NO2_A,FR23070,3,44158,1.2,2026-06-10 19:00:00+00:00
2026-06-10 19:00:00FR23070_PM10_3,FR23070,24,44158,5.4,2026-06-10 19:00:00+00:00
2026-06-10 19:00:00FR23070_PM2.5_1,FR23070,39,44158,2.7,2026-06-10 19:00:00+00:00
2026-06-10 19:00:00FR23070_SO2_A,FR23070,1,44158,0.0,2026-06-10 19:00:00+00:00
2026-06-10 19:00:00FR23075_NO2_A,FR23075,3,44210,1.6,2026-06-10 19:00:00+00:00
2026-06-10 19:00:00FR23078_NO2_A,FR23078,3,49099,2.8,2026-06-10 19:00:00+00:00
2026-06-10 19:00:00FR23078_O3_A,FR23078,8,49099,76.0,2026-06-10 19:00:00+00:00
2026-06-10 19:00:00FR23078_PM10_2,FR23078,24,49099,7.8,2026-06-10 19:00:00+00:00
2026-06-10 19:00:00FR23078_PM2.5_2,FR23078,39,49099,3.8,2026-06-10 19:00:00+00:00
2026-06-10 19:00:00FR23110_NO2_A,FR23110,3,44184,1.3,2026-06-10 19:00:00+00:00
2026-06-10 19:00:00FR23110_O3_A,FR23110,8,44184,71.0,2026-06-10 19:00:00+00:00
2026-06-10 19:00:00FR23110_PM10_3,FR23110,24,44184,8.5,2026-06-10 19:00:00+00:00
2026-06-10 19:00:00FR23110_PM2.5_3,FR23110,39,44184,3.6,2026-06-10 19:00:00+00:00
2026-06-10 19:00:00FR23120_NO2_A,FR23120,3,49007,6.0,2026-06-10 19:00:00+00:00
2026-06-10 19:00:00FR23120_PM10_4,FR23120,24,49007,8.0,2026-06-10 19:00:00+00:00
2026-06-10 19:00:00FR23120_PM2.5_2,FR23120,39,49007,2.7,2026-06-10 19:00:00+00:00
2026-06-10 19:00:00FR23123_NO2_A,FR23123,3,53130,2.5,2026-06-10 19:00:00+00:00
2026-06-10 19:00:00FR23123_O3_A,FR23123,8,53130,71.0,2026-06-10 19:00:00+00:00
2026-06-10 19:00:00FR23123_PM10_3,FR23123,24,53130,13.0,2026-06-10 19:00:00+00:00
2026-06-10 19:00:00FR23123_PM2.5_3,FR23123,39,53130,7.5,2026-06-10 19:00:00+00:00
2026-06-10 19:00:00FR23124_NO2_A,FR23124,3,85289,0.93,2026-06-10 19:00:00+00:00
2026-06-10 19:00:00FR23124_O3_A,FR23124,8,85289,71.0,2026-06-10 19:00:00+00:00
2026-06-10 19:00:00FR23124_PM10_4,FR23124,24,85289,4.5,2026-06-10 19:00:00+00:00
2026-06-10 19:00:00FR23124_PM2.5_2,FR23124,39,85289,1.8,2026-06-10 19:00:00+00:00
2026-06-10 19:00:00FR23149_SO2_A,FR23149,1,44116,0.0,2026-06-10 19:00:00+00:00
2026-06-10 19:00:00FR23150_NO2_A,FR23150,3,49007,2.1,2026-06-10 19:00:00+00:00
2026-06-10 19:00:00FR23150_O3_A,FR23150,8,49007,76.0,2026-06-10 19:00:00+00:00
2026-06-10 19:00:00FR23152_NO2_A,FR23152,3,85191,1.5,2026-06-10 19:00:00+00:00
2026-06-10 19:00:00FR23152_O3_A,FR23152,8,85191,73.0,2026-06-10 19:00:00+00:00
2026-06-10 19:00:00FR23152_PM10_4,FR23152,24,85191,3.9,2026-06-10 19:00:00+00:00
2026-06-10 19:00:00FR23152_PM2.5_2,FR23152,39,85191,1.7,2026-06-10 19:00:00+00:00
2026-06-10 19:00:00FR23157_O3_A,FR23157,8,44018,69.0,2026-06-10 19:00:00+00:00
2026-06-10 19:00:00FR23163_O3_A,FR23163,8,72344,75.0,2026-06-10 19:00:00+00:00
2026-06-10 19:00:00FR23174_NO2_A,FR23174,3,72181,3.0,2026-06-10 19:00:00+00:00
2026-06-10 19:00:00FR23174_PM10_2,FR23174,24,72181,4.7,2026-06-10 19:00:00+00:00
2026-06-10 19:00:00FR23174_PM2.5_1,FR23174,39,72181,2.2,2026-06-10 19:00:00+00:00
2026-06-10 19:00:00FR23175_O3_A,FR23175,8,49035,74.0,2026-06-10 19:00:00+00:00
2026-06-10 19:00:00FR23177_NO2_1,FR23177,3,53210,2.5,2026-06-10 19:00:00+00:00
2026-06-10 19:00:00FR23177_O3_A,FR23177,8,53210,72.0,2026-06-10 19:00:00+00:00
2026-06-10 19:00:00FR23177_PM10_4,FR23177,24,53210,4.4,2026-06-10 19:00:00+00:00
2026-06-10 19:00:00FR23177_PM2.5_2,FR23177,39,53210,1.9,2026-06-10 19:00:00+00:00
2026-06-10 19:00:00FR23178_NO2_1,FR23178,3,44052,1.4,2026-06-10 19:00:00+00:00
2026-06-10 19:00:00FR23178_PM10_3,FR23178,24,44052,6.1,2026-06-10 19:00:00+00:00
2026-06-10 19:00:00FR23178_PM2.5_2,FR23178,39,44052,3.2,2026-06-10 19:00:00+00:00
2026-06-10 19:00:00FR23178_SO2_A,FR23178,1,44052,0.0,2026-06-10 19:00:00+00:00
2026-06-10 19:00:00FR23181_NO2_1,FR23181,3,44184,0.88,2026-06-10 19:00:00+00:00
2026-06-10 19:00:00FR23181_SO2_1,FR23181,1,44184,1.0,2026-06-10 19:00:00+00:00
2026-06-10 19:00:00FR23182_NO2_A,FR23182,3,72181,4.6,2026-06-10 19:00:00+00:00
2026-06-10 19:00:00FR23182_O3_A,FR23182,8,72181,73.0,2026-06-10 19:00:00+00:00
2026-06-10 19:00:00FR23182_PM10_3,FR23182,24,72181,6.0,2026-06-10 19:00:00+00:00
2026-06-10 19:00:00FR23182_PM2.5_2,FR23182,39,72181,2.2,2026-06-10 19:00:00+00:00
2026-06-10 19:00:00FR23188_NO2_A,FR23188,3,44109,1.7,2026-06-10 19:00:00+00:00
2026-06-10 19:00:00FR23188_O3_A,FR23188,8,44109,74.0,2026-06-10 19:00:00+00:00
2026-06-10 19:00:00FR23188_PM10_4,FR23188,24,44109,6.0,2026-06-10 19:00:00+00:00
2026-06-10 19:00:00FR23188_PM2.5_2,FR23188,39,44109,3.0,2026-06-10 19:00:00+00:00
2026-06-10 19:00:00FR23230_O3_A,FR23230,8,44132,67.0,2026-06-10 19:00:00+00:00
2026-06-10 19:00:00FR23239_NO2_A,FR23239,3,44020,2.1,2026-06-10 19:00:00+00:00
2026-06-10 19:00:00FR23239_PM10_1,FR23239,24,44020,6.1,2026-06-10 19:00:00+00:00
2026-06-10 19:00:00FR23239_PM2.5_6,FR23239,39,44020,3.1,2026-06-10 19:00:00+00:00
2026-06-10 19:00:00FR23242_NO2_1,FR23242,3,49007,20.0,2026-06-10 19:00:00+00:00
2026-06-10 19:00:00FR23242_PM10_1,FR23242,24,49007,13.0,2026-06-10 19:00:00+00:00
2026-06-10 19:00:00FR23242_PM2.5_1,FR23242,39,49007,4.5,2026-06-10 19:00:00+00:00
2026-06-10 19:00:00FR23249_NO2_A,FR23249,3,44103,1.2,2026-06-10 19:00:00+00:00
2026-06-10 19:00:00FR23249_PM10_1,FR23249,24,44103,6.0,2026-06-10 19:00:00+00:00
2026-06-10 19:00:00FR23249_PM2.5_1,FR23249,39,44103,2.9,2026-06-10 19:00:00+00:00
2026-06-10 19:00:00FR23249_SO2_A,FR23249,1,44103,0.0,2026-06-10 19:00:00+00:00
2026-06-10 19:00:00FR23251_NO2_1,FR23251,3,44109,11.0,2026-06-10 19:00:00+00:00
2026-06-10 19:00:00FR23251_PM2.5_1,FR23251,39,44109,8.2,2026-06-10 19:00:00+00:00
2026-06-10 19:00:00FR23252_NO2_1,FR23252,3,53130,7.6,2026-06-10 19:00:00+00:00
2026-06-10 19:00:00FR23252_PM2.5_1,FR23252,39,53130,14.0,2026-06-10 19:00:00+00:00
2026-06-10 19:00:00FR23259_PM10_1,FR23259,24,44109,7.2,2026-06-10 19:00:00+00:00
2026-06-10 19:00:00FR23259_PM2.5_1,FR23259,39,44109,3.3,2026-06-10 19:00:00+00:00
2026-06-10 18:00:00FR23001_SO2_A,FR23001,1,44052,0.28,2026-06-10 18:00:00+00:00
2026-06-10 18:00:00FR23003_NO2_A,FR23003,3,44052,0.28,2026-06-10 18:00:00+00:00
2026-06-10 18:00:00FR23003_PM10_1,FR23003,24,44052,5.9,2026-06-10 18:00:00+00:00
2026-06-10 18:00:00FR23003_PM2.5_1,FR23003,39,44052,2.8,2026-06-10 18:00:00+00:00
2026-06-10 18:00:00FR23003_SO2_A,FR23003,1,44052,0.075,2026-06-10 18:00:00+00:00
2026-06-10 18:00:00FR23068_NO2_A,FR23068,3,44061,0.68,2026-06-10 18:00:00+00:00
2026-06-10 18:00:00FR23068_PM10_4,FR23068,24,44061,6.8,2026-06-10 18:00:00+00:00
2026-06-10 18:00:00FR23068_PM2.5_1,FR23068,39,44061,3.3,2026-06-10 18:00:00+00:00
2026-06-10 18:00:00FR23068_SO2_A,FR23068,1,44061,0.18,2026-06-10 18:00:00+00:00
2026-06-10 18:00:00FR23069_SO2_A,FR23069,1,44195,0.0,2026-06-10 18:00:00+00:00
2026-06-10 18:00:00FR23070_NO2_A,FR23070,3,44158,1.1,2026-06-10 18:00:00+00:00
2026-06-10 18:00:00FR23070_PM10_3,FR23070,24,44158,5.4,2026-06-10 18:00:00+00:00
2026-06-10 18:00:00FR23070_PM2.5_1,FR23070,39,44158,2.6,2026-06-10 18:00:00+00:00
2026-06-10 18:00:00FR23070_SO2_A,FR23070,1,44158,0.05,2026-06-10 18:00:00+00:00
2026-06-10 18:00:00FR23075_NO2_A,FR23075,3,44210,2.0,2026-06-10 18:00:00+00:00
2026-06-10 18:00:00FR23078_NO2_A,FR23078,3,49099,3.3,2026-06-10 18:00:00+00:00
2026-06-10 18:00:00FR23078_O3_A,FR23078,8,49099,79.0,2026-06-10 18:00:00+00:00
2026-06-10 18:00:00FR23078_PM10_2,FR23078,24,49099,13.0,2026-06-10 18:00:00+00:00
2026-06-10 18:00:00FR23078_PM2.5_2,FR23078,39,49099,5.3,2026-06-10 18:00:00+00:00
2026-06-10 18:00:00FR23110_NO2_A,FR23110,3,44184,1.6,2026-06-10 18:00:00+00:00
2026-06-10 18:00:00FR23110_O3_A,FR23110,8,44184,73.0,2026-06-10 18:00:00+00:00
2026-06-10 18:00:00FR23110_PM10_3,FR23110,24,44184,8.7,2026-06-10 18:00:00+00:00
2026-06-10 18:00:00FR23110_PM2.5_3,FR23110,39,44184,3.7,2026-06-10 18:00:00+00:00
2026-06-10 18:00:00FR23120_NO2_A,FR23120,3,49007,6.6,2026-06-10 18:00:00+00:00
2026-06-10 18:00:00FR23120_PM10_4,FR23120,24,49007,5.8,2026-06-10 18:00:00+00:00
2026-06-10 18:00:00FR23120_PM2.5_2,FR23120,39,49007,2.1,2026-06-10 18:00:00+00:00
2026-06-10 18:00:00FR23123_NO2_A,FR23123,3,53130,2.6,2026-06-10 18:00:00+00:00
2026-06-10 18:00:00FR23123_O3_A,FR23123,8,53130,69.0,2026-06-10 18:00:00+00:00
2026-06-10 18:00:00FR23123_PM10_3,FR23123,24,53130,8.2,2026-06-10 18:00:00+00:00
2026-06-10 18:00:00FR23123_PM2.5_3,FR23123,39,53130,3.4,2026-06-10 18:00:00+00:00
2026-06-10 18:00:00FR23124_NO2_A,FR23124,3,85289,0.9,2026-06-10 18:00:00+00:00
2026-06-10 18:00:00FR23124_O3_A,FR23124,8,85289,71.0,2026-06-10 18:00:00+00:00
2026-06-10 18:00:00FR23124_PM10_4,FR23124,24,85289,5.4,2026-06-10 18:00:00+00:00
2026-06-10 18:00:00FR23124_PM2.5_2,FR23124,39,85289,1.7,2026-06-10 18:00:00+00:00
2026-06-10 18:00:00FR23149_SO2_A,FR23149,1,44116,0.0,2026-06-10 18:00:00+00:00
2026-06-10 18:00:00FR23150_NO2_A,FR23150,3,49007,3.2,2026-06-10 18:00:00+00:00
2026-06-10 18:00:00FR23150_O3_A,FR23150,8,49007,78.0,2026-06-10 18:00:00+00:00
2026-06-10 18:00:00FR23152_NO2_A,FR23152,3,85191,0.95,2026-06-10 18:00:00+00:00
2026-06-10 18:00:00FR23152_O3_A,FR23152,8,85191,74.0,2026-06-10 18:00:00+00:00
2026-06-10 18:00:00FR23152_PM10_4,FR23152,24,85191,3.1,2026-06-10 18:00:00+00:00
2026-06-10 18:00:00FR23152_PM2.5_2,FR23152,39,85191,1.4,2026-06-10 18:00:00+00:00
2026-06-10 18:00:00FR23157_O3_A,FR23157,8,44018,70.0,2026-06-10 18:00:00+00:00
2026-06-10 18:00:00FR23163_O3_A,FR23163,8,72344,82.0,2026-06-10 18:00:00+00:00
2026-06-10 18:00:00FR23174_NO2_A,FR23174,3,72181,3.1,2026-06-10 18:00:00+00:00
2026-06-10 18:00:00FR23174_PM10_2,FR23174,24,72181,4.9,2026-06-10 18:00:00+00:00
2026-06-10 18:00:00FR23174_PM2.5_1,FR23174,39,72181,2.1,2026-06-10 18:00:00+00:00
2026-06-10 18:00:00FR23175_O3_A,FR23175,8,49035,77.0,2026-06-10 18:00:00+00:00
2026-06-10 18:00:00FR23177_NO2_1,FR23177,3,53210,2.3,2026-06-10 18:00:00+00:00
2026-06-10 18:00:00FR23177_O3_A,FR23177,8,53210,78.0,2026-06-10 18:00:00+00:00
2026-06-10 18:00:00FR23177_PM10_4,FR23177,24,53210,3.9,2026-06-10 18:00:00+00:00
2026-06-10 18:00:00FR23177_PM2.5_2,FR23177,39,53210,1.7,2026-06-10 18:00:00+00:00
2026-06-10 18:00:00FR23178_NO2_1,FR23178,3,44052,1.0,2026-06-10 18:00:00+00:00
2026-06-10 18:00:00FR23178_PM10_3,FR23178,24,44052,6.0,2026-06-10 18:00:00+00:00
2026-06-10 18:00:00FR23178_PM2.5_2,FR23178,39,44052,3.0,2026-06-10 18:00:00+00:00
2026-06-10 18:00:00FR23178_SO2_A,FR23178,1,44052,0.0,2026-06-10 18:00:00+00:00
2026-06-10 18:00:00FR23181_NO2_1,FR23181,3,44184,1.1,2026-06-10 18:00:00+00:00
2026-06-10 18:00:00FR23181_SO2_1,FR23181,1,44184,1.1,2026-06-10 18:00:00+00:00
2026-06-10 18:00:00FR23182_NO2_A,FR23182,3,72181,4.9,2026-06-10 18:00:00+00:00
2026-06-10 18:00:00FR23182_O3_A,FR23182,8,72181,79.0,2026-06-10 18:00:00+00:00
2026-06-10 18:00:00FR23182_PM10_3,FR23182,24,72181,5.8,2026-06-10 18:00:00+00:00
2026-06-10 18:00:00FR23182_PM2.5_2,FR23182,39,72181,2.5,2026-06-10 18:00:00+00:00
2026-06-10 18:00:00FR23188_NO2_A,FR23188,3,44109,1.8,2026-06-10 18:00:00+00:00
2026-06-10 18:00:00FR23188_O3_A,FR23188,8,44109,75.0,2026-06-10 18:00:00+00:00
2026-06-10 18:00:00FR23188_PM10_4,FR23188,24,44109,5.0,2026-06-10 18:00:00+00:00
2026-06-10 18:00:00FR23188_PM2.5_2,FR23188,39,44109,2.2,2026-06-10 18:00:00+00:00
2026-06-10 18:00:00FR23230_O3_A,FR23230,8,44132,70.0,2026-06-10 18:00:00+00:00
2026-06-10 18:00:00FR23239_NO2_A,FR23239,3,44020,2.8,2026-06-10 18:00:00+00:00
2026-06-10 18:00:00FR23239_PM10_1,FR23239,24,44020,7.2,2026-06-10 18:00:00+00:00
2026-06-10 18:00:00FR23239_PM2.5_6,FR23239,39,44020,2.5,2026-06-10 18:00:00+00:00
2026-06-10 18:00:00FR23242_NO2_1,FR23242,3,49007,22.0,2026-06-10 18:00:00+00:00
2026-06-10 18:00:00FR23242_PM10_1,FR23242,24,49007,13.0,2026-06-10 18:00:00+00:00
2026-06-10 18:00:00FR23242_PM2.5_1,FR23242,39,49007,4.8,2026-06-10 18:00:00+00:00
2026-06-10 18:00:00FR23249_NO2_A,FR23249,3,44103,0.93,2026-06-10 18:00:00+00:00
2026-06-10 18:00:00FR23249_PM10_1,FR23249,24,44103,6.5,2026-06-10 18:00:00+00:00
2026-06-10 18:00:00FR23249_PM2.5_1,FR23249,39,44103,2.7,2026-06-10 18:00:00+00:00
2026-06-10 18:00:00FR23249_SO2_A,FR23249,1,44103,0.0,2026-06-10 18:00:00+00:00
2026-06-10 18:00:00FR23251_NO2_1,FR23251,3,44109,11.0,2026-06-10 18:00:00+00:00
2026-06-10 18:00:00FR23251_PM2.5_1,FR23251,39,44109,6.7,2026-06-10 18:00:00+00:00
2026-06-10 18:00:00FR23252_NO2_1,FR23252,3,53130,8.6,2026-06-10 18:00:00+00:00
2026-06-10 18:00:00FR23252_PM2.5_1,FR23252,39,53130,14.0,2026-06-10 18:00:00+00:00
2026-06-10 18:00:00FR23259_PM10_1,FR23259,24,44109,6.6,2026-06-10 18:00:00+00:00
2026-06-10 18:00:00FR23259_PM2.5_1,FR23259,39,44109,2.5,2026-06-10 18:00:00+00:00
2026-06-10 17:00:00FR23001_SO2_A,FR23001,1,44052,0.28,2026-06-10 17:00:00+00:00
2026-06-10 17:00:00FR23003_NO2_A,FR23003,3,44052,0.68,2026-06-10 17:00:00+00:00
2026-06-10 17:00:00FR23003_PM10_1,FR23003,24,44052,5.9,2026-06-10 17:00:00+00:00
2026-06-10 17:00:00FR23003_PM2.5_1,FR23003,39,44052,2.7,2026-06-10 17:00:00+00:00
2026-06-10 17:00:00FR23003_SO2_A,FR23003,1,44052,0.0,2026-06-10 17:00:00+00:00
2026-06-10 17:00:00FR23068_NO2_A,FR23068,3,44061,0.63,2026-06-10 17:00:00+00:00
2026-06-10 17:00:00FR23068_PM10_4,FR23068,24,44061,5.4,2026-06-10 17:00:00+00:00
2026-06-10 17:00:00FR23068_PM2.5_1,FR23068,39,44061,2.2,2026-06-10 17:00:00+00:00
2026-06-10 17:00:00FR23068_SO2_A,FR23068,1,44061,0.23,2026-06-10 17:00:00+00:00
2026-06-10 17:00:00FR23069_SO2_A,FR23069,1,44195,0.0,2026-06-10 17:00:00+00:00
2026-06-10 17:00:00FR23070_NO2_A,FR23070,3,44158,1.1,2026-06-10 17:00:00+00:00
2026-06-10 17:00:00FR23070_PM10_3,FR23070,24,44158,5.3,2026-06-10 17:00:00+00:00
2026-06-10 17:00:00FR23070_PM2.5_1,FR23070,39,44158,2.3,2026-06-10 17:00:00+00:00
2026-06-10 17:00:00FR23070_SO2_A,FR23070,1,44158,0.3,2026-06-10 17:00:00+00:00
2026-06-10 17:00:00FR23075_NO2_A,FR23075,3,44210,2.4,2026-06-10 17:00:00+00:00
2026-06-10 17:00:00FR23078_NO2_A,FR23078,3,49099,2.5,2026-06-10 17:00:00+00:00
2026-06-10 17:00:00FR23078_O3_A,FR23078,8,49099,81.0,2026-06-10 17:00:00+00:00
2026-06-10 17:00:00FR23078_PM10_2,FR23078,24,49099,5.2,2026-06-10 17:00:00+00:00
2026-06-10 17:00:00FR23078_PM2.5_2,FR23078,39,49099,2.7,2026-06-10 17:00:00+00:00
2026-06-10 17:00:00FR23110_NO2_A,FR23110,3,44184,2.1,2026-06-10 17:00:00+00:00
2026-06-10 17:00:00FR23110_O3_A,FR23110,8,44184,72.0,2026-06-10 17:00:00+00:00
2026-06-10 17:00:00FR23110_PM10_3,FR23110,24,44184,6.9,2026-06-10 17:00:00+00:00
2026-06-10 17:00:00FR23110_PM2.5_3,FR23110,39,44184,2.9,2026-06-10 17:00:00+00:00
2026-06-10 17:00:00FR23120_NO2_A,FR23120,3,49007,6.9,2026-06-10 17:00:00+00:00
2026-06-10 17:00:00FR23120_PM10_4,FR23120,24,49007,5.8,2026-06-10 17:00:00+00:00
2026-06-10 17:00:00FR23120_PM2.5_2,FR23120,39,49007,2.1,2026-06-10 17:00:00+00:00
2026-06-10 17:00:00FR23123_NO2_A,FR23123,3,53130,4.7,2026-06-10 17:00:00+00:00
2026-06-10 17:00:00FR23123_O3_A,FR23123,8,53130,71.0,2026-06-10 17:00:00+00:00
2026-06-10 17:00:00FR23123_PM10_3,FR23123,24,53130,11.0,2026-06-10 17:00:00+00:00
2026-06-10 17:00:00FR23123_PM2.5_3,FR23123,39,53130,3.0,2026-06-10 17:00:00+00:00
2026-06-10 17:00:00FR23124_NO2_A,FR23124,3,85289,0.9,2026-06-10 17:00:00+00:00
2026-06-10 17:00:00FR23124_O3_A,FR23124,8,85289,71.0,2026-06-10 17:00:00+00:00
2026-06-10 17:00:00FR23124_PM10_4,FR23124,24,85289,6.2,2026-06-10 17:00:00+00:00
2026-06-10 17:00:00FR23124_PM2.5_2,FR23124,39,85289,2.1,2026-06-10 17:00:00+00:00
2026-06-10 17:00:00FR23149_SO2_A,FR23149,1,44116,0.0,2026-06-10 17:00:00+00:00
2026-06-10 17:00:00FR23150_NO2_A,FR23150,3,49007,2.6,2026-06-10 17:00:00+00:00
2026-06-10 17:00:00FR23150_O3_A,FR23150,8,49007,79.0,2026-06-10 17:00:00+00:00
2026-06-10 17:00:00FR23152_NO2_A,FR23152,3,85191,1.3,2026-06-10 17:00:00+00:00
2026-06-10 17:00:00FR23152_O3_A,FR23152,8,85191,75.0,2026-06-10 17:00:00+00:00
2026-06-10 17:00:00FR23152_PM10_4,FR23152,24,85191,3.8,2026-06-10 17:00:00+00:00
2026-06-10 17:00:00FR23152_PM2.5_2,FR23152,39,85191,1.4,2026-06-10 17:00:00+00:00
2026-06-10 17:00:00FR23157_O3_A,FR23157,8,44018,72.0,2026-06-10 17:00:00+00:00
2026-06-10 17:00:00FR23163_O3_A,FR23163,8,72344,82.0,2026-06-10 17:00:00+00:00
2026-06-10 17:00:00FR23174_NO2_A,FR23174,3,72181,2.9,2026-06-10 17:00:00+00:00
2026-06-10 17:00:00FR23174_PM10_2,FR23174,24,72181,5.3,2026-06-10 17:00:00+00:00
2026-06-10 17:00:00FR23174_PM2.5_1,FR23174,39,72181,2.1,2026-06-10 17:00:00+00:00
2026-06-10 17:00:00FR23175_O3_A,FR23175,8,49035,77.0,2026-06-10 17:00:00+00:00
2026-06-10 17:00:00FR23177_NO2_1,FR23177,3,53210,2.6,2026-06-10 17:00:00+00:00
2026-06-10 17:00:00FR23177_O3_A,FR23177,8,53210,81.0,2026-06-10 17:00:00+00:00
2026-06-10 17:00:00FR23177_PM10_4,FR23177,24,53210,4.5,2026-06-10 17:00:00+00:00
2026-06-10 17:00:00FR23177_PM2.5_2,FR23177,39,53210,1.6,2026-06-10 17:00:00+00:00
2026-06-10 17:00:00FR23178_NO2_1,FR23178,3,44052,1.2,2026-06-10 17:00:00+00:00
2026-06-10 17:00:00FR23178_PM10_3,FR23178,24,44052,5.6,2026-06-10 17:00:00+00:00
2026-06-10 17:00:00FR23178_PM2.5_2,FR23178,39,44052,2.5,2026-06-10 17:00:00+00:00
2026-06-10 17:00:00FR23178_SO2_A,FR23178,1,44052,0.0,2026-06-10 17:00:00+00:00
2026-06-10 17:00:00FR23181_NO2_1,FR23181,3,44184,1.4,2026-06-10 17:00:00+00:00
2026-06-10 17:00:00FR23181_SO2_1,FR23181,1,44184,1.1,2026-06-10 17:00:00+00:00
2026-06-10 17:00:00FR23182_NO2_A,FR23182,3,72181,4.6,2026-06-10 17:00:00+00:00
2026-06-10 17:00:00FR23182_O3_A,FR23182,8,72181,79.0,2026-06-10 17:00:00+00:00
2026-06-10 17:00:00FR23182_PM10_3,FR23182,24,72181,6.6,2026-06-10 17:00:00+00:00
2026-06-10 17:00:00FR23182_PM2.5_2,FR23182,39,72181,2.3,2026-06-10 17:00:00+00:00
2026-06-10 17:00:00FR23188_NO2_A,FR23188,3,44109,1.9,2026-06-10 17:00:00+00:00
2026-06-10 17:00:00FR23188_O3_A,FR23188,8,44109,79.0,2026-06-10 17:00:00+00:00
2026-06-10 17:00:00FR23188_PM10_4,FR23188,24,44109,6.0,2026-06-10 17:00:00+00:00
2026-06-10 17:00:00FR23188_PM2.5_2,FR23188,39,44109,2.5,2026-06-10 17:00:00+00:00
2026-06-10 17:00:00FR23230_O3_A,FR23230,8,44132,70.0,2026-06-10 17:00:00+00:00
2026-06-10 17:00:00FR23239_NO2_A,FR23239,3,44020,3.4,2026-06-10 17:00:00+00:00
2026-06-10 17:00:00FR23239_PM10_1,FR23239,24,44020,12.0,2026-06-10 17:00:00+00:00
2026-06-10 17:00:00FR23239_PM2.5_6,FR23239,39,44020,3.2,2026-06-10 17:00:00+00:00
2026-06-10 17:00:00FR23242_NO2_1,FR23242,3,49007,37.0,2026-06-10 17:00:00+00:00
2026-06-10 17:00:00FR23242_PM10_1,FR23242,24,49007,13.0,2026-06-10 17:00:00+00:00
2026-06-10 17:00:00FR23242_PM2.5_1,FR23242,39,49007,6.4,2026-06-10 17:00:00+00:00
2026-06-10 17:00:00FR23249_NO2_A,FR23249,3,44103,1.1,2026-06-10 17:00:00+00:00
2026-06-10 17:00:00FR23249_PM10_1,FR23249,24,44103,6.2,2026-06-10 17:00:00+00:00
2026-06-10 17:00:00FR23249_PM2.5_1,FR23249,39,44103,2.5,2026-06-10 17:00:00+00:00
2026-06-10 17:00:00FR23249_SO2_A,FR23249,1,44103,0.0,2026-06-10 17:00:00+00:00
2026-06-10 17:00:00FR23251_NO2_1,FR23251,3,44109,8.5,2026-06-10 17:00:00+00:00
2026-06-10 17:00:00FR23251_PM2.5_1,FR23251,39,44109,2.5,2026-06-10 17:00:00+00:00
2026-06-10 17:00:00FR23252_NO2_1,FR23252,3,53130,11.0,2026-06-10 17:00:00+00:00
2026-06-10 17:00:00FR23252_PM2.5_1,FR23252,39,53130,3.8,2026-06-10 17:00:00+00:00
2026-06-10 17:00:00FR23259_PM10_1,FR23259,24,44109,8.4,2026-06-10 17:00:00+00:00
2026-06-10 17:00:00FR23259_PM2.5_1,FR23259,39,44109,2.9,2026-06-10 17:00:00+00:00
2026-06-10 16:00:00FR23001_SO2_A,FR23001,1,44052,0.23,2026-06-10 16:00:00+00:00
2026-06-10 16:00:00FR23003_NO2_A,FR23003,3,44052,0.95,2026-06-10 16:00:00+00:00
2026-06-10 16:00:00FR23003_PM10_1,FR23003,24,44052,6.1,2026-06-10 16:00:00+00:00
2026-06-10 16:00:00FR23003_PM2.5_1,FR23003,39,44052,2.3,2026-06-10 16:00:00+00:00
2026-06-10 16:00:00FR23003_SO2_A,FR23003,1,44052,0.025,2026-06-10 16:00:00+00:00
2026-06-10 16:00:00FR23068_NO2_A,FR23068,3,44061,1.1,2026-06-10 16:00:00+00:00
2026-06-10 16:00:00FR23068_PM10_4,FR23068,24,44061,7.2,2026-06-10 16:00:00+00:00
2026-06-10 16:00:00FR23068_PM2.5_1,FR23068,39,44061,2.6,2026-06-10 16:00:00+00:00
2026-06-10 16:00:00FR23068_SO2_A,FR23068,1,44061,0.28,2026-06-10 16:00:00+00:00
2026-06-10 16:00:00FR23069_SO2_A,FR23069,1,44195,0.0,2026-06-10 16:00:00+00:00
2026-06-10 16:00:00FR23070_NO2_A,FR23070,3,44158,1.0,2026-06-10 16:00:00+00:00
2026-06-10 16:00:00FR23070_PM10_3,FR23070,24,44158,7.2,2026-06-10 16:00:00+00:00
2026-06-10 16:00:00FR23070_PM2.5_1,FR23070,39,44158,2.8,2026-06-10 16:00:00+00:00
2026-06-10 16:00:00FR23070_SO2_A,FR23070,1,44158,0.23,2026-06-10 16:00:00+00:00
2026-06-10 16:00:00FR23075_NO2_A,FR23075,3,44210,1.8,2026-06-10 16:00:00+00:00
2026-06-10 16:00:00FR23078_NO2_A,FR23078,3,49099,1.9,2026-06-10 16:00:00+00:00
2026-06-10 16:00:00FR23078_O3_A,FR23078,8,49099,77.0,2026-06-10 16:00:00+00:00
2026-06-10 16:00:00FR23078_PM10_2,FR23078,24,49099,4.1,2026-06-10 16:00:00+00:00
2026-06-10 16:00:00FR23078_PM2.5_2,FR23078,39,49099,0.1,2026-06-10 16:00:00+00:00
2026-06-10 16:00:00FR23110_NO2_A,FR23110,3,44184,1.8,2026-06-10 16:00:00+00:00
2026-06-10 16:00:00FR23110_O3_A,FR23110,8,44184,74.0,2026-06-10 16:00:00+00:00
2026-06-10 16:00:00FR23110_PM10_3,FR23110,24,44184,5.7,2026-06-10 16:00:00+00:00
2026-06-10 16:00:00FR23110_PM2.5_3,FR23110,39,44184,2.3,2026-06-10 16:00:00+00:00
2026-06-10 16:00:00FR23120_NO2_A,FR23120,3,49007,5.5,2026-06-10 16:00:00+00:00
2026-06-10 16:00:00FR23120_PM10_4,FR23120,24,49007,8.8,2026-06-10 16:00:00+00:00
2026-06-10 16:00:00FR23120_PM2.5_2,FR23120,39,49007,2.5,2026-06-10 16:00:00+00:00
2026-06-10 16:00:00FR23123_NO2_A,FR23123,3,53130,2.5,2026-06-10 16:00:00+00:00
2026-06-10 16:00:00FR23123_O3_A,FR23123,8,53130,78.0,2026-06-10 16:00:00+00:00
2026-06-10 16:00:00FR23123_PM10_3,FR23123,24,53130,5.3,2026-06-10 16:00:00+00:00
2026-06-10 16:00:00FR23123_PM2.5_3,FR23123,39,53130,2.1,2026-06-10 16:00:00+00:00
2026-06-10 16:00:00FR23124_NO2_A,FR23124,3,85289,0.7,2026-06-10 16:00:00+00:00
2026-06-10 16:00:00FR23124_O3_A,FR23124,8,85289,71.0,2026-06-10 16:00:00+00:00
2026-06-10 16:00:00FR23124_PM10_4,FR23124,24,85289,6.9,2026-06-10 16:00:00+00:00
2026-06-10 16:00:00FR23124_PM2.5_2,FR23124,39,85289,2.2,2026-06-10 16:00:00+00:00
2026-06-10 16:00:00FR23149_SO2_A,FR23149,1,44116,0.1,2026-06-10 16:00:00+00:00
2026-06-10 16:00:00FR23150_NO2_A,FR23150,3,49007,2.4,2026-06-10 16:00:00+00:00
2026-06-10 16:00:00FR23150_O3_A,FR23150,8,49007,77.0,2026-06-10 16:00:00+00:00
2026-06-10 16:00:00FR23152_NO2_A,FR23152,3,85191,1.5,2026-06-10 16:00:00+00:00
2026-06-10 16:00:00FR23152_O3_A,FR23152,8,85191,75.0,2026-06-10 16:00:00+00:00
2026-06-10 16:00:00FR23152_PM10_4,FR23152,24,85191,3.7,2026-06-10 16:00:00+00:00
2026-06-10 16:00:00FR23152_PM2.5_2,FR23152,39,85191,1.3,2026-06-10 16:00:00+00:00
2026-06-10 16:00:00FR23157_O3_A,FR23157,8,44018,75.0,2026-06-10 16:00:00+00:00
2026-06-10 16:00:00FR23163_O3_A,FR23163,8,72344,80.0,2026-06-10 16:00:00+00:00
2026-06-10 16:00:00FR23174_NO2_A,FR23174,3,72181,2.4,2026-06-10 16:00:00+00:00
2026-06-10 16:00:00FR23174_PM10_2,FR23174,24,72181,6.5,2026-06-10 16:00:00+00:00
2026-06-10 16:00:00FR23174_PM2.5_1,FR23174,39,72181,2.4,2026-06-10 16:00:00+00:00
2026-06-10 16:00:00FR23175_O3_A,FR23175,8,49035,74.0,2026-06-10 16:00:00+00:00
2026-06-10 16:00:00FR23177_NO2_1,FR23177,3,53210,1.4,2026-06-10 16:00:00+00:00
2026-06-10 16:00:00FR23177_O3_A,FR23177,8,53210,82.0,2026-06-10 16:00:00+00:00
2026-06-10 16:00:00FR23177_PM10_4,FR23177,24,53210,3.8,2026-06-10 16:00:00+00:00
2026-06-10 16:00:00FR23177_PM2.5_2,FR23177,39,53210,1.5,2026-06-10 16:00:00+00:00
2026-06-10 16:00:00FR23178_NO2_1,FR23178,3,44052,1.5,2026-06-10 16:00:00+00:00
2026-06-10 16:00:00FR23178_PM10_3,FR23178,24,44052,5.6,2026-06-10 16:00:00+00:00
2026-06-10 16:00:00FR23178_PM2.5_2,FR23178,39,44052,2.2,2026-06-10 16:00:00+00:00
2026-06-10 16:00:00FR23178_SO2_A,FR23178,1,44052,0.0,2026-06-10 16:00:00+00:00
2026-06-10 16:00:00FR23181_NO2_1,FR23181,3,44184,1.1,2026-06-10 16:00:00+00:00
2026-06-10 16:00:00FR23181_SO2_1,FR23181,1,44184,0.95,2026-06-10 16:00:00+00:00
2026-06-10 16:00:00FR23182_NO2_A,FR23182,3,72181,2.7,2026-06-10 16:00:00+00:00
2026-06-10 16:00:00FR23182_O3_A,FR23182,8,72181,79.0,2026-06-10 16:00:00+00:00
2026-06-10 16:00:00FR23182_PM10_3,FR23182,24,72181,5.8,2026-06-10 16:00:00+00:00
2026-06-10 16:00:00FR23182_PM2.5_2,FR23182,39,72181,2.3,2026-06-10 16:00:00+00:00
2026-06-10 16:00:00FR23188_NO2_A,FR23188,3,44109,1.8,2026-06-10 16:00:00+00:00
2026-06-10 16:00:00FR23188_O3_A,FR23188,8,44109,80.0,2026-06-10 16:00:00+00:00
2026-06-10 16:00:00FR23188_PM10_4,FR23188,24,44109,7.1,2026-06-10 16:00:00+00:00
2026-06-10 16:00:00FR23188_PM2.5_2,FR23188,39,44109,2.4,2026-06-10 16:00:00+00:00
2026-06-10 16:00:00FR23230_O3_A,FR23230,8,44132,70.0,2026-06-10 16:00:00+00:00
2026-06-10 16:00:00FR23239_NO2_A,FR23239,3,44020,3.4,2026-06-10 16:00:00+00:00
2026-06-10 16:00:00FR23239_PM10_1,FR23239,24,44020,13.0,2026-06-10 16:00:00+00:00
2026-06-10 16:00:00FR23239_PM2.5_6,FR23239,39,44020,3.1,2026-06-10 16:00:00+00:00
2026-06-10 16:00:00FR23242_NO2_1,FR23242,3,49007,35.0,2026-06-10 16:00:00+00:00
2026-06-10 16:00:00FR23242_PM10_1,FR23242,24,49007,15.0,2026-06-10 16:00:00+00:00
2026-06-10 16:00:00FR23242_PM2.5_1,FR23242,39,49007,2.6,2026-06-10 16:00:00+00:00
2026-06-10 16:00:00FR23249_NO2_A,FR23249,3,44103,1.5,2026-06-10 16:00:00+00:00
2026-06-10 16:00:00FR23249_PM10_1,FR23249,24,44103,7.2,2026-06-10 16:00:00+00:00
2026-06-10 16:00:00FR23249_PM2.5_1,FR23249,39,44103,2.3,2026-06-10 16:00:00+00:00
2026-06-10 16:00:00FR23249_SO2_A,FR23249,1,44103,0.0,2026-06-10 16:00:00+00:00
2026-06-10 16:00:00FR23251_NO2_1,FR23251,3,44109,15.0,2026-06-10 16:00:00+00:00
2026-06-10 16:00:00FR23251_PM2.5_1,FR23251,39,44109,6.1,2026-06-10 16:00:00+00:00
2026-06-10 16:00:00FR23252_NO2_1,FR23252,3,53130,22.0,2026-06-10 16:00:00+00:00
2026-06-10 16:00:00FR23252_PM2.5_1,FR23252,39,53130,3.5,2026-06-10 16:00:00+00:00
2026-06-10 16:00:00FR23259_PM10_1,FR23259,24,44109,8.4,2026-06-10 16:00:00+00:00
2026-06-10 16:00:00FR23259_PM2.5_1,FR23259,39,44109,2.6,2026-06-10 16:00:00+00:00
2026-06-10 15:00:00FR23001_SO2_A,FR23001,1,44052,0.35,2026-06-10 15:00:00+00:00
2026-06-10 15:00:00FR23003_NO2_A,FR23003,3,44052,0.5,2026-06-10 15:00:00+00:00
2026-06-10 15:00:00FR23003_PM10_1,FR23003,24,44052,5.6,2026-06-10 15:00:00+00:00
2026-06-10 15:00:00FR23003_PM2.5_1,FR23003,39,44052,1.9,2026-06-10 15:00:00+00:00
2026-06-10 15:00:00FR23003_SO2_A,FR23003,1,44052,0.025,2026-06-10 15:00:00+00:00
2026-06-10 15:00:00FR23068_NO2_A,FR23068,3,44061,1.3,2026-06-10 15:00:00+00:00
2026-06-10 15:00:00FR23068_PM10_4,FR23068,24,44061,7.1,2026-06-10 15:00:00+00:00
2026-06-10 15:00:00FR23068_PM2.5_1,FR23068,39,44061,2.5,2026-06-10 15:00:00+00:00
2026-06-10 15:00:00FR23068_SO2_A,FR23068,1,44061,0.2,2026-06-10 15:00:00+00:00
2026-06-10 15:00:00FR23069_SO2_A,FR23069,1,44195,0.0,2026-06-10 15:00:00+00:00
2026-06-10 15:00:00FR23070_NO2_A,FR23070,3,44158,0.98,2026-06-10 15:00:00+00:00
2026-06-10 15:00:00FR23070_PM10_3,FR23070,24,44158,5.4,2026-06-10 15:00:00+00:00
2026-06-10 15:00:00FR23070_PM2.5_1,FR23070,39,44158,2.1,2026-06-10 15:00:00+00:00
2026-06-10 15:00:00FR23070_SO2_A,FR23070,1,44158,0.0,2026-06-10 15:00:00+00:00
2026-06-10 15:00:00FR23075_NO2_A,FR23075,3,44210,1.9,2026-06-10 15:00:00+00:00
2026-06-10 15:00:00FR23078_NO2_A,FR23078,3,49099,1.9,2026-06-10 15:00:00+00:00
2026-06-10 15:00:00FR23078_O3_A,FR23078,8,49099,78.0,2026-06-10 15:00:00+00:00
2026-06-10 15:00:00FR23078_PM10_2,FR23078,24,49099,3.4,2026-06-10 15:00:00+00:00
2026-06-10 15:00:00FR23078_PM2.5_2,FR23078,39,49099,2.1,2026-06-10 15:00:00+00:00
2026-06-10 15:00:00FR23110_NO2_A,FR23110,3,44184,2.1,2026-06-10 15:00:00+00:00
2026-06-10 15:00:00FR23110_O3_A,FR23110,8,44184,80.0,2026-06-10 15:00:00+00:00
2026-06-10 15:00:00FR23110_PM10_3,FR23110,24,44184,7.5,2026-06-10 15:00:00+00:00
2026-06-10 15:00:00FR23110_PM2.5_3,FR23110,39,44184,3.2,2026-06-10 15:00:00+00:00
2026-06-10 15:00:00FR23120_NO2_A,FR23120,3,49007,5.3,2026-06-10 15:00:00+00:00
2026-06-10 15:00:00FR23120_PM10_4,FR23120,24,49007,9.2,2026-06-10 15:00:00+00:00
2026-06-10 15:00:00FR23120_PM2.5_2,FR23120,39,49007,2.5,2026-06-10 15:00:00+00:00
2026-06-10 15:00:00FR23123_NO2_A,FR23123,3,53130,1.9,2026-06-10 15:00:00+00:00
2026-06-10 15:00:00FR23123_O3_A,FR23123,8,53130,78.0,2026-06-10 15:00:00+00:00
2026-06-10 15:00:00FR23123_PM10_3,FR23123,24,53130,5.1,2026-06-10 15:00:00+00:00
2026-06-10 15:00:00FR23123_PM2.5_3,FR23123,39,53130,2.1,2026-06-10 15:00:00+00:00
2026-06-10 15:00:00FR23124_NO2_A,FR23124,3,85289,0.7,2026-06-10 15:00:00+00:00
2026-06-10 15:00:00FR23124_O3_A,FR23124,8,85289,70.0,2026-06-10 15:00:00+00:00
2026-06-10 15:00:00FR23124_PM10_4,FR23124,24,85289,7.5,2026-06-10 15:00:00+00:00
2026-06-10 15:00:00FR23124_PM2.5_2,FR23124,39,85289,2.2,2026-06-10 15:00:00+00:00
2026-06-10 15:00:00FR23149_SO2_A,FR23149,1,44116,0.05,2026-06-10 15:00:00+00:00
2026-06-10 15:00:00FR23150_NO2_A,FR23150,3,49007,2.3,2026-06-10 15:00:00+00:00
2026-06-10 15:00:00FR23150_O3_A,FR23150,8,49007,77.0,2026-06-10 15:00:00+00:00
2026-06-10 15:00:00FR23152_NO2_A,FR23152,3,85191,1.2,2026-06-10 15:00:00+00:00
2026-06-10 15:00:00FR23152_O3_A,FR23152,8,85191,74.0,2026-06-10 15:00:00+00:00
2026-06-10 15:00:00FR23152_PM10_4,FR23152,24,85191,3.7,2026-06-10 15:00:00+00:00
2026-06-10 15:00:00FR23152_PM2.5_2,FR23152,39,85191,1.6,2026-06-10 15:00:00+00:00
2026-06-10 15:00:00FR23157_O3_A,FR23157,8,44018,74.0,2026-06-10 15:00:00+00:00
2026-06-10 15:00:00FR23163_O3_A,FR23163,8,72344,78.0,2026-06-10 15:00:00+00:00
2026-06-10 15:00:00FR23174_NO2_A,FR23174,3,72181,3.1,2026-06-10 15:00:00+00:00
2026-06-10 15:00:00FR23174_PM10_2,FR23174,24,72181,5.8,2026-06-10 15:00:00+00:00
2026-06-10 15:00:00FR23174_PM2.5_1,FR23174,39,72181,2.3,2026-06-10 15:00:00+00:00
2026-06-10 15:00:00FR23175_O3_A,FR23175,8,49035,70.0,2026-06-10 15:00:00+00:00
2026-06-10 15:00:00FR23177_NO2_1,FR23177,3,53210,1.8,2026-06-10 15:00:00+00:00
2026-06-10 15:00:00FR23177_O3_A,FR23177,8,53210,80.0,2026-06-10 15:00:00+00:00
2026-06-10 15:00:00FR23177_PM10_4,FR23177,24,53210,4.5,2026-06-10 15:00:00+00:00
2026-06-10 15:00:00FR23177_PM2.5_2,FR23177,39,53210,1.7,2026-06-10 15:00:00+00:00
2026-06-10 15:00:00FR23178_NO2_1,FR23178,3,44052,1.1,2026-06-10 15:00:00+00:00
2026-06-10 15:00:00FR23178_PM10_3,FR23178,24,44052,4.5,2026-06-10 15:00:00+00:00
2026-06-10 15:00:00FR23178_PM2.5_2,FR23178,39,44052,2.0,2026-06-10 15:00:00+00:00
2026-06-10 15:00:00FR23178_SO2_A,FR23178,1,44052,0.0,2026-06-10 15:00:00+00:00
2026-06-10 15:00:00FR23181_NO2_1,FR23181,3,44184,1.2,2026-06-10 15:00:00+00:00
2026-06-10 15:00:00FR23181_SO2_1,FR23181,1,44184,0.85,2026-06-10 15:00:00+00:00
2026-06-10 15:00:00FR23182_NO2_A,FR23182,3,72181,2.6,2026-06-10 15:00:00+00:00
2026-06-10 15:00:00FR23182_O3_A,FR23182,8,72181,77.0,2026-06-10 15:00:00+00:00
2026-06-10 15:00:00FR23182_PM10_3,FR23182,24,72181,5.9,2026-06-10 15:00:00+00:00
2026-06-10 15:00:00FR23182_PM2.5_2,FR23182,39,72181,2.3,2026-06-10 15:00:00+00:00
2026-06-10 15:00:00FR23188_NO2_A,FR23188,3,44109,1.5,2026-06-10 15:00:00+00:00
2026-06-10 15:00:00FR23188_O3_A,FR23188,8,44109,80.0,2026-06-10 15:00:00+00:00
2026-06-10 15:00:00FR23188_PM10_4,FR23188,24,44109,5.1,2026-06-10 15:00:00+00:00
2026-06-10 15:00:00FR23188_PM2.5_2,FR23188,39,44109,1.9,2026-06-10 15:00:00+00:00
2026-06-10 15:00:00FR23230_O3_A,FR23230,8,44132,77.0,2026-06-10 15:00:00+00:00
2026-06-10 15:00:00FR23239_NO2_A,FR23239,3,44020,3.6,2026-06-10 15:00:00+00:00
2026-06-10 15:00:00FR23239_PM10_1,FR23239,24,44020,9.8,2026-06-10 15:00:00+00:00
2026-06-10 15:00:00FR23239_PM2.5_6,FR23239,39,44020,2.5,2026-06-10 15:00:00+00:00
2026-06-10 15:00:00FR23242_NO2_1,FR23242,3,49007,29.0,2026-06-10 15:00:00+00:00
2026-06-10 15:00:00FR23242_PM10_1,FR23242,24,49007,20.0,2026-06-10 15:00:00+00:00
2026-06-10 15:00:00FR23242_PM2.5_1,FR23242,39,49007,2.9,2026-06-10 15:00:00+00:00
2026-06-10 15:00:00FR23249_NO2_A,FR23249,3,44103,0.7,2026-06-10 15:00:00+00:00
2026-06-10 15:00:00FR23249_PM10_1,FR23249,24,44103,5.3,2026-06-10 15:00:00+00:00
2026-06-10 15:00:00FR23249_PM2.5_1,FR23249,39,44103,1.9,2026-06-10 15:00:00+00:00
2026-06-10 15:00:00FR23249_SO2_A,FR23249,1,44103,0.0,2026-06-10 15:00:00+00:00
2026-06-10 15:00:00FR23251_NO2_1,FR23251,3,44109,15.0,2026-06-10 15:00:00+00:00
2026-06-10 15:00:00FR23251_PM2.5_1,FR23251,39,44109,8.6,2026-06-10 15:00:00+00:00
2026-06-10 15:00:00FR23252_NO2_1,FR23252,3,53130,13.0,2026-06-10 15:00:00+00:00
2026-06-10 15:00:00FR23252_PM2.5_1,FR23252,39,53130,3.6,2026-06-10 15:00:00+00:00
2026-06-10 15:00:00FR23259_PM10_1,FR23259,24,44109,7.2,2026-06-10 15:00:00+00:00
2026-06-10 15:00:00FR23259_PM2.5_1,FR23259,39,44109,2.2,2026-06-10 15:00:00+00:00
2026-06-10 14:00:00FR23001_SO2_A,FR23001,1,44052,0.3,2026-06-10 14:00:00+00:00
2026-06-10 14:00:00FR23003_NO2_A,FR23003,3,44052,0.5,2026-06-10 14:00:00+00:00
2026-06-10 14:00:00FR23003_PM10_1,FR23003,24,44052,4.7,2026-06-10 14:00:00+00:00
2026-06-10 14:00:00FR23003_PM2.5_1,FR23003,39,44052,1.8,2026-06-10 14:00:00+00:00
2026-06-10 14:00:00FR23003_SO2_A,FR23003,1,44052,0.1,2026-06-10 14:00:00+00:00
2026-06-10 14:00:00FR23068_NO2_A,FR23068,3,44061,1.1,2026-06-10 14:00:00+00:00
2026-06-10 14:00:00FR23068_PM10_4,FR23068,24,44061,4.8,2026-06-10 14:00:00+00:00
2026-06-10 14:00:00FR23068_PM2.5_1,FR23068,39,44061,2.0,2026-06-10 14:00:00+00:00
2026-06-10 14:00:00FR23068_SO2_A,FR23068,1,44061,0.13,2026-06-10 14:00:00+00:00
2026-06-10 14:00:00FR23069_SO2_A,FR23069,1,44195,0.0,2026-06-10 14:00:00+00:00
2026-06-10 14:00:00FR23070_NO2_A,FR23070,3,44158,0.63,2026-06-10 14:00:00+00:00
2026-06-10 14:00:00FR23070_PM10_3,FR23070,24,44158,4.7,2026-06-10 14:00:00+00:00
2026-06-10 14:00:00FR23070_PM2.5_1,FR23070,39,44158,1.9,2026-06-10 14:00:00+00:00
2026-06-10 14:00:00FR23070_SO2_A,FR23070,1,44158,0.0,2026-06-10 14:00:00+00:00
2026-06-10 14:00:00FR23075_NO2_A,FR23075,3,44210,2.7,2026-06-10 14:00:00+00:00
2026-06-10 14:00:00FR23078_NO2_A,FR23078,3,49099,1.7,2026-06-10 14:00:00+00:00
2026-06-10 14:00:00FR23078_O3_A,FR23078,8,49099,79.0,2026-06-10 14:00:00+00:00
2026-06-10 14:00:00FR23078_PM10_2,FR23078,24,49099,4.1,2026-06-10 14:00:00+00:00
2026-06-10 14:00:00FR23078_PM2.5_2,FR23078,39,49099,2.7,2026-06-10 14:00:00+00:00
2026-06-10 14:00:00FR23110_NO2_A,FR23110,3,44184,1.9,2026-06-10 14:00:00+00:00
2026-06-10 14:00:00FR23110_O3_A,FR23110,8,44184,77.0,2026-06-10 14:00:00+00:00
2026-06-10 14:00:00FR23110_PM10_3,FR23110,24,44184,5.9,2026-06-10 14:00:00+00:00
2026-06-10 14:00:00FR23110_PM2.5_3,FR23110,39,44184,2.4,2026-06-10 14:00:00+00:00
2026-06-10 14:00:00FR23120_NO2_A,FR23120,3,49007,6.0,2026-06-10 14:00:00+00:00
2026-06-10 14:00:00FR23120_PM10_4,FR23120,24,49007,15.0,2026-06-10 14:00:00+00:00
2026-06-10 14:00:00FR23120_PM2.5_2,FR23120,39,49007,3.4,2026-06-10 14:00:00+00:00
2026-06-10 14:00:00FR23123_NO2_A,FR23123,3,53130,1.3,2026-06-10 14:00:00+00:00
2026-06-10 14:00:00FR23123_O3_A,FR23123,8,53130,74.0,2026-06-10 14:00:00+00:00
2026-06-10 14:00:00FR23123_PM10_3,FR23123,24,53130,5.8,2026-06-10 14:00:00+00:00
2026-06-10 14:00:00FR23123_PM2.5_3,FR23123,39,53130,2.3,2026-06-10 14:00:00+00:00
2026-06-10 14:00:00FR23124_NO2_A,FR23124,3,85289,0.75,2026-06-10 14:00:00+00:00
2026-06-10 14:00:00FR23124_O3_A,FR23124,8,85289,67.0,2026-06-10 14:00:00+00:00
2026-06-10 14:00:00FR23124_PM10_4,FR23124,24,85289,6.0,2026-06-10 14:00:00+00:00
2026-06-10 14:00:00FR23124_PM2.5_2,FR23124,39,85289,2.1,2026-06-10 14:00:00+00:00
2026-06-10 14:00:00FR23149_SO2_A,FR23149,1,44116,0.0,2026-06-10 14:00:00+00:00
2026-06-10 14:00:00FR23150_NO2_A,FR23150,3,49007,1.9,2026-06-10 14:00:00+00:00
2026-06-10 14:00:00FR23150_O3_A,FR23150,8,49007,78.0,2026-06-10 14:00:00+00:00
2026-06-10 14:00:00FR23152_NO2_A,FR23152,3,85191,1.2,2026-06-10 14:00:00+00:00
2026-06-10 14:00:00FR23152_O3_A,FR23152,8,85191,74.0,2026-06-10 14:00:00+00:00
2026-06-10 14:00:00FR23152_PM10_4,FR23152,24,85191,4.8,2026-06-10 14:00:00+00:00
2026-06-10 14:00:00FR23152_PM2.5_2,FR23152,39,85191,2.2,2026-06-10 14:00:00+00:00
2026-06-10 14:00:00FR23157_O3_A,FR23157,8,44018,72.0,2026-06-10 14:00:00+00:00
2026-06-10 14:00:00FR23163_O3_A,FR23163,8,72344,77.0,2026-06-10 14:00:00+00:00
2026-06-10 14:00:00FR23174_NO2_A,FR23174,3,72181,2.1,2026-06-10 14:00:00+00:00
2026-06-10 14:00:00FR23174_PM10_2,FR23174,24,72181,5.5,2026-06-10 14:00:00+00:00
2026-06-10 14:00:00FR23174_PM2.5_1,FR23174,39,72181,1.9,2026-06-10 14:00:00+00:00
2026-06-10 14:00:00FR23177_NO2_1,FR23177,3,53210,1.4,2026-06-10 14:00:00+00:00
2026-06-10 14:00:00FR23177_O3_A,FR23177,8,53210,79.0,2026-06-10 14:00:00+00:00
2026-06-10 14:00:00FR23177_PM10_4,FR23177,24,53210,4.0,2026-06-10 14:00:00+00:00
2026-06-10 14:00:00FR23177_PM2.5_2,FR23177,39,53210,1.7,2026-06-10 14:00:00+00:00
2026-06-10 14:00:00FR23178_NO2_1,FR23178,3,44052,1.4,2026-06-10 14:00:00+00:00
2026-06-10 14:00:00FR23178_PM10_3,FR23178,24,44052,4.4,2026-06-10 14:00:00+00:00
2026-06-10 14:00:00FR23178_PM2.5_2,FR23178,39,44052,1.7,2026-06-10 14:00:00+00:00
2026-06-10 14:00:00FR23178_SO2_A,FR23178,1,44052,0.0,2026-06-10 14:00:00+00:00
2026-06-10 14:00:00FR23181_NO2_1,FR23181,3,44184,1.3,2026-06-10 14:00:00+00:00
2026-06-10 14:00:00FR23181_SO2_1,FR23181,1,44184,0.73,2026-06-10 14:00:00+00:00
2026-06-10 14:00:00FR23182_NO2_A,FR23182,3,72181,1.2,2026-06-10 14:00:00+00:00
2026-06-10 14:00:00FR23182_O3_A,FR23182,8,72181,77.0,2026-06-10 14:00:00+00:00
2026-06-10 14:00:00FR23182_PM10_3,FR23182,24,72181,5.3,2026-06-10 14:00:00+00:00
2026-06-10 14:00:00FR23182_PM2.5_2,FR23182,39,72181,1.9,2026-06-10 14:00:00+00:00
2026-06-10 14:00:00FR23188_NO2_A,FR23188,3,44109,1.6,2026-06-10 14:00:00+00:00
2026-06-10 14:00:00FR23188_O3_A,FR23188,8,44109,78.0,2026-06-10 14:00:00+00:00
2026-06-10 14:00:00FR23188_PM10_4,FR23188,24,44109,4.7,2026-06-10 14:00:00+00:00
2026-06-10 14:00:00FR23188_PM2.5_2,FR23188,39,44109,1.7,2026-06-10 14:00:00+00:00
2026-06-10 14:00:00FR23230_O3_A,FR23230,8,44132,74.0,2026-06-10 14:00:00+00:00
2026-06-10 14:00:00FR23239_NO2_A,FR23239,3,44020,2.2,2026-06-10 14:00:00+00:00
2026-06-10 14:00:00FR23239_PM10_1,FR23239,24,44020,8.2,2026-06-10 14:00:00+00:00
2026-06-10 14:00:00FR23239_PM2.5_6,FR23239,39,44020,2.1,2026-06-10 14:00:00+00:00
2026-06-10 14:00:00FR23242_NO2_1,FR23242,3,49007,23.0,2026-06-10 14:00:00+00:00
2026-06-10 14:00:00FR23242_PM10_1,FR23242,24,49007,11.0,2026-06-10 14:00:00+00:00
2026-06-10 14:00:00FR23242_PM2.5_1,FR23242,39,49007,4.8,2026-06-10 14:00:00+00:00
2026-06-10 14:00:00FR23249_NO2_A,FR23249,3,44103,0.93,2026-06-10 14:00:00+00:00
2026-06-10 14:00:00FR23249_PM10_1,FR23249,24,44103,5.0,2026-06-10 14:00:00+00:00
2026-06-10 14:00:00FR23249_PM2.5_1,FR23249,39,44103,1.6,2026-06-10 14:00:00+00:00
2026-06-10 14:00:00FR23249_SO2_A,FR23249,1,44103,0.0,2026-06-10 14:00:00+00:00
2026-06-10 14:00:00FR23251_NO2_1,FR23251,3,44109,23.0,2026-06-10 14:00:00+00:00
2026-06-10 14:00:00FR23251_PM2.5_1,FR23251,39,44109,5.9,2026-06-10 14:00:00+00:00
2026-06-10 14:00:00FR23252_NO2_1,FR23252,3,53130,15.0,2026-06-10 14:00:00+00:00
2026-06-10 14:00:00FR23252_PM2.5_1,FR23252,39,53130,2.0,2026-06-10 14:00:00+00:00
2026-06-10 14:00:00FR23259_PM10_1,FR23259,24,44109,9.4,2026-06-10 14:00:00+00:00
2026-06-10 14:00:00FR23259_PM2.5_1,FR23259,39,44109,2.1,2026-06-10 14:00:00+00:00
2026-06-10 13:00:00FR23001_SO2_A,FR23001,1,44052,0.33,2026-06-10 13:00:00+00:00
2026-06-10 13:00:00FR23003_NO2_A,FR23003,3,44052,0.38,2026-06-10 13:00:00+00:00
2026-06-10 13:00:00FR23003_PM10_1,FR23003,24,44052,4.8,2026-06-10 13:00:00+00:00
2026-06-10 13:00:00FR23003_PM2.5_1,FR23003,39,44052,1.9,2026-06-10 13:00:00+00:00
2026-06-10 13:00:00FR23003_SO2_A,FR23003,1,44052,0.0,2026-06-10 13:00:00+00:00
2026-06-10 13:00:00FR23068_NO2_A,FR23068,3,44061,1.2,2026-06-10 13:00:00+00:00
2026-06-10 13:00:00FR23068_PM10_4,FR23068,24,44061,4.2,2026-06-10 13:00:00+00:00
2026-06-10 13:00:00FR23068_PM2.5_1,FR23068,39,44061,1.7,2026-06-10 13:00:00+00:00
2026-06-10 13:00:00FR23068_SO2_A,FR23068,1,44061,0.0,2026-06-10 13:00:00+00:00
2026-06-10 13:00:00FR23069_SO2_A,FR23069,1,44195,0.0,2026-06-10 13:00:00+00:00
2026-06-10 13:00:00FR23070_NO2_A,FR23070,3,44158,1.1,2026-06-10 13:00:00+00:00
2026-06-10 13:00:00FR23070_PM10_3,FR23070,24,44158,3.8,2026-06-10 13:00:00+00:00
2026-06-10 13:00:00FR23070_PM2.5_1,FR23070,39,44158,1.7,2026-06-10 13:00:00+00:00
2026-06-10 13:00:00FR23070_SO2_A,FR23070,1,44158,0.025,2026-06-10 13:00:00+00:00
2026-06-10 13:00:00FR23075_NO2_A,FR23075,3,44210,2.4,2026-06-10 13:00:00+00:00
2026-06-10 13:00:00FR23078_NO2_A,FR23078,3,49099,1.7,2026-06-10 13:00:00+00:00
2026-06-10 13:00:00FR23078_O3_A,FR23078,8,49099,79.0,2026-06-10 13:00:00+00:00
2026-06-10 13:00:00FR23078_PM10_2,FR23078,24,49099,4.4,2026-06-10 13:00:00+00:00
2026-06-10 13:00:00FR23078_PM2.5_2,FR23078,39,49099,1.0,2026-06-10 13:00:00+00:00
2026-06-10 13:00:00FR23110_NO2_A,FR23110,3,44184,1.5,2026-06-10 13:00:00+00:00
2026-06-10 13:00:00FR23110_O3_A,FR23110,8,44184,75.0,2026-06-10 13:00:00+00:00
2026-06-10 13:00:00FR23110_PM10_3,FR23110,24,44184,6.2,2026-06-10 13:00:00+00:00
2026-06-10 13:00:00FR23110_PM2.5_3,FR23110,39,44184,2.1,2026-06-10 13:00:00+00:00
2026-06-10 13:00:00FR23120_NO2_A,FR23120,3,49007,8.2,2026-06-10 13:00:00+00:00
2026-06-10 13:00:00FR23120_PM10_4,FR23120,24,49007,17.0,2026-06-10 13:00:00+00:00
2026-06-10 13:00:00FR23120_PM2.5_2,FR23120,39,49007,3.4,2026-06-10 13:00:00+00:00
2026-06-10 13:00:00FR23123_NO2_A,FR23123,3,53130,2.2,2026-06-10 13:00:00+00:00
2026-06-10 13:00:00FR23123_O3_A,FR23123,8,53130,70.0,2026-06-10 13:00:00+00:00
2026-06-10 13:00:00FR23123_PM10_3,FR23123,24,53130,7.7,2026-06-10 13:00:00+00:00
2026-06-10 13:00:00FR23123_PM2.5_3,FR23123,39,53130,3.0,2026-06-10 13:00:00+00:00
2026-06-10 13:00:00FR23124_NO2_A,FR23124,3,85289,0.73,2026-06-10 13:00:00+00:00
2026-06-10 13:00:00FR23124_O3_A,FR23124,8,85289,66.0,2026-06-10 13:00:00+00:00
2026-06-10 13:00:00FR23124_PM10_4,FR23124,24,85289,5.6,2026-06-10 13:00:00+00:00
2026-06-10 13:00:00FR23124_PM2.5_2,FR23124,39,85289,2.1,2026-06-10 13:00:00+00:00
2026-06-10 13:00:00FR23149_SO2_A,FR23149,1,44116,0.0,2026-06-10 13:00:00+00:00
2026-06-10 13:00:00FR23150_NO2_A,FR23150,3,49007,1.7,2026-06-10 13:00:00+00:00
2026-06-10 13:00:00FR23150_O3_A,FR23150,8,49007,75.0,2026-06-10 13:00:00+00:00
2026-06-10 13:00:00FR23152_NO2_A,FR23152,3,85191,1.0,2026-06-10 13:00:00+00:00
2026-06-10 13:00:00FR23152_O3_A,FR23152,8,85191,74.0,2026-06-10 13:00:00+00:00
2026-06-10 13:00:00FR23152_PM10_4,FR23152,24,85191,4.2,2026-06-10 13:00:00+00:00
2026-06-10 13:00:00FR23152_PM2.5_2,FR23152,39,85191,1.9,2026-06-10 13:00:00+00:00
2026-06-10 13:00:00FR23157_O3_A,FR23157,8,44018,70.0,2026-06-10 13:00:00+00:00
2026-06-10 13:00:00FR23163_O3_A,FR23163,8,72344,72.0,2026-06-10 13:00:00+00:00
2026-06-10 13:00:00FR23174_NO2_A,FR23174,3,72181,1.7,2026-06-10 13:00:00+00:00
2026-06-10 13:00:00FR23174_PM10_2,FR23174,24,72181,4.3,2026-06-10 13:00:00+00:00
2026-06-10 13:00:00FR23174_PM2.5_1,FR23174,39,72181,1.8,2026-06-10 13:00:00+00:00
2026-06-10 13:00:00FR23177_NO2_1,FR23177,3,53210,1.2,2026-06-10 13:00:00+00:00
2026-06-10 13:00:00FR23177_O3_A,FR23177,8,53210,75.0,2026-06-10 13:00:00+00:00
2026-06-10 13:00:00FR23177_PM10_4,FR23177,24,53210,4.8,2026-06-10 13:00:00+00:00
2026-06-10 13:00:00FR23177_PM2.5_2,FR23177,39,53210,1.9,2026-06-10 13:00:00+00:00
2026-06-10 13:00:00FR23178_NO2_1,FR23178,3,44052,1.3,2026-06-10 13:00:00+00:00
2026-06-10 13:00:00FR23178_PM10_3,FR23178,24,44052,4.5,2026-06-10 13:00:00+00:00
2026-06-10 13:00:00FR23178_PM2.5_2,FR23178,39,44052,2.0,2026-06-10 13:00:00+00:00
2026-06-10 13:00:00FR23178_SO2_A,FR23178,1,44052,0.0,2026-06-10 13:00:00+00:00
2026-06-10 13:00:00FR23181_NO2_1,FR23181,3,44184,1.2,2026-06-10 13:00:00+00:00
2026-06-10 13:00:00FR23181_SO2_1,FR23181,1,44184,0.68,2026-06-10 13:00:00+00:00
2026-06-10 13:00:00FR23182_NO2_A,FR23182,3,72181,1.4,2026-06-10 13:00:00+00:00
2026-06-10 13:00:00FR23182_O3_A,FR23182,8,72181,74.0,2026-06-10 13:00:00+00:00
2026-06-10 13:00:00FR23182_PM10_3,FR23182,24,72181,6.2,2026-06-10 13:00:00+00:00
2026-06-10 13:00:00FR23182_PM2.5_2,FR23182,39,72181,2.1,2026-06-10 13:00:00+00:00
2026-06-10 13:00:00FR23188_NO2_A,FR23188,3,44109,1.5,2026-06-10 13:00:00+00:00
2026-06-10 13:00:00FR23188_O3_A,FR23188,8,44109,78.0,2026-06-10 13:00:00+00:00
2026-06-10 13:00:00FR23188_PM10_4,FR23188,24,44109,6.3,2026-06-10 13:00:00+00:00
2026-06-10 13:00:00FR23188_PM2.5_2,FR23188,39,44109,2.5,2026-06-10 13:00:00+00:00
2026-06-10 13:00:00FR23230_O3_A,FR23230,8,44132,72.0,2026-06-10 13:00:00+00:00
2026-06-10 13:00:00FR23239_NO2_A,FR23239,3,44020,2.9,2026-06-10 13:00:00+00:00
2026-06-10 13:00:00FR23239_PM10_1,FR23239,24,44020,12.0,2026-06-10 13:00:00+00:00
2026-06-10 13:00:00FR23239_PM2.5_6,FR23239,39,44020,3.1,2026-06-10 13:00:00+00:00
2026-06-10 13:00:00FR23242_NO2_1,FR23242,3,49007,27.0,2026-06-10 13:00:00+00:00
2026-06-10 13:00:00FR23242_PM10_1,FR23242,24,49007,12.0,2026-06-10 13:00:00+00:00
2026-06-10 13:00:00FR23242_PM2.5_1,FR23242,39,49007,3.1,2026-06-10 13:00:00+00:00
2026-06-10 13:00:00FR23249_NO2_A,FR23249,3,44103,0.88,2026-06-10 13:00:00+00:00
2026-06-10 13:00:00FR23249_PM10_1,FR23249,24,44103,3.6,2026-06-10 13:00:00+00:00
2026-06-10 13:00:00FR23249_PM2.5_1,FR23249,39,44103,1.7,2026-06-10 13:00:00+00:00
2026-06-10 13:00:00FR23249_SO2_A,FR23249,1,44103,0.0,2026-06-10 13:00:00+00:00
2026-06-10 13:00:00FR23251_NO2_1,FR23251,3,44109,16.0,2026-06-10 13:00:00+00:00
2026-06-10 13:00:00FR23251_PM2.5_1,FR23251,39,44109,5.0,2026-06-10 13:00:00+00:00
2026-06-10 13:00:00FR23252_NO2_1,FR23252,3,53130,14.0,2026-06-10 13:00:00+00:00
2026-06-10 13:00:00FR23252_PM2.5_1,FR23252,39,53130,0.93,2026-06-10 13:00:00+00:00
2026-06-10 13:00:00FR23259_PM10_1,FR23259,24,44109,13.0,2026-06-10 13:00:00+00:00
2026-06-10 13:00:00FR23259_PM2.5_1,FR23259,39,44109,3.2,2026-06-10 13:00:00+00:00
2026-06-10 12:00:00FR23001_SO2_A,FR23001,1,44052,0.28,2026-06-10 12:00:00+00:00
2026-06-10 12:00:00FR23003_NO2_A,FR23003,3,44052,0.18,2026-06-10 12:00:00+00:00
2026-06-10 12:00:00FR23003_PM10_1,FR23003,24,44052,3.7,2026-06-10 12:00:00+00:00
2026-06-10 12:00:00FR23003_PM2.5_1,FR23003,39,44052,1.7,2026-06-10 12:00:00+00:00
2026-06-10 12:00:00FR23003_SO2_A,FR23003,1,44052,0.0,2026-06-10 12:00:00+00:00
2026-06-10 12:00:00FR23068_NO2_A,FR23068,3,44061,1.2,2026-06-10 12:00:00+00:00
2026-06-10 12:00:00FR23068_PM10_4,FR23068,24,44061,5.3,2026-06-10 12:00:00+00:00
2026-06-10 12:00:00FR23068_PM2.5_1,FR23068,39,44061,2.7,2026-06-10 12:00:00+00:00
2026-06-10 12:00:00FR23068_SO2_A,FR23068,1,44061,0.2,2026-06-10 12:00:00+00:00
2026-06-10 12:00:00FR23069_SO2_A,FR23069,1,44195,0.0,2026-06-10 12:00:00+00:00
2026-06-10 12:00:00FR23070_NO2_A,FR23070,3,44158,0.7,2026-06-10 12:00:00+00:00
2026-06-10 12:00:00FR23070_PM10_3,FR23070,24,44158,4.3,2026-06-10 12:00:00+00:00
2026-06-10 12:00:00FR23070_PM2.5_1,FR23070,39,44158,2.1,2026-06-10 12:00:00+00:00
2026-06-10 12:00:00FR23070_SO2_A,FR23070,1,44158,0.1,2026-06-10 12:00:00+00:00
2026-06-10 12:00:00FR23075_NO2_A,FR23075,3,44210,3.1,2026-06-10 12:00:00+00:00
2026-06-10 12:00:00FR23078_NO2_A,FR23078,3,49099,1.7,2026-06-10 12:00:00+00:00
2026-06-10 12:00:00FR23078_O3_A,FR23078,8,49099,78.0,2026-06-10 12:00:00+00:00
2026-06-10 12:00:00FR23078_PM10_2,FR23078,24,49099,5.4,2026-06-10 12:00:00+00:00
2026-06-10 12:00:00FR23078_PM2.5_2,FR23078,39,49099,0.0,2026-06-10 12:00:00+00:00
2026-06-10 12:00:00FR23110_NO2_A,FR23110,3,44184,1.2,2026-06-10 12:00:00+00:00
2026-06-10 12:00:00FR23110_O3_A,FR23110,8,44184,75.0,2026-06-10 12:00:00+00:00
2026-06-10 12:00:00FR23110_PM10_3,FR23110,24,44184,3.6,2026-06-10 12:00:00+00:00
2026-06-10 12:00:00FR23110_PM2.5_3,FR23110,39,44184,1.6,2026-06-10 12:00:00+00:00
2026-06-10 12:00:00FR23120_NO2_A,FR23120,3,49007,4.0,2026-06-10 12:00:00+00:00
2026-06-10 12:00:00FR23120_PM10_4,FR23120,24,49007,9.2,2026-06-10 12:00:00+00:00
2026-06-10 12:00:00FR23120_PM2.5_2,FR23120,39,49007,2.8,2026-06-10 12:00:00+00:00
2026-06-10 12:00:00FR23123_NO2_A,FR23123,3,53130,2.3,2026-06-10 12:00:00+00:00
2026-06-10 12:00:00FR23123_O3_A,FR23123,8,53130,68.0,2026-06-10 12:00:00+00:00
2026-06-10 12:00:00FR23123_PM10_3,FR23123,24,53130,6.9,2026-06-10 12:00:00+00:00
2026-06-10 12:00:00FR23123_PM2.5_3,FR23123,39,53130,3.2,2026-06-10 12:00:00+00:00
2026-06-10 12:00:00FR23124_NO2_A,FR23124,3,85289,0.63,2026-06-10 12:00:00+00:00
2026-06-10 12:00:00FR23124_O3_A,FR23124,8,85289,65.0,2026-06-10 12:00:00+00:00
2026-06-10 12:00:00FR23124_PM10_4,FR23124,24,85289,5.8,2026-06-10 12:00:00+00:00
2026-06-10 12:00:00FR23124_PM2.5_2,FR23124,39,85289,2.1,2026-06-10 12:00:00+00:00
2026-06-10 12:00:00FR23149_SO2_A,FR23149,1,44116,0.0,2026-06-10 12:00:00+00:00
2026-06-10 12:00:00FR23150_NO2_A,FR23150,3,49007,1.7,2026-06-10 12:00:00+00:00
2026-06-10 12:00:00FR23150_O3_A,FR23150,8,49007,74.0,2026-06-10 12:00:00+00:00
2026-06-10 12:00:00FR23152_NO2_A,FR23152,3,85191,1.7,2026-06-10 12:00:00+00:00
2026-06-10 12:00:00FR23152_O3_A,FR23152,8,85191,71.0,2026-06-10 12:00:00+00:00
2026-06-10 12:00:00FR23152_PM10_4,FR23152,24,85191,4.1,2026-06-10 12:00:00+00:00
2026-06-10 12:00:00FR23152_PM2.5_2,FR23152,39,85191,1.9,2026-06-10 12:00:00+00:00
2026-06-10 12:00:00FR23157_O3_A,FR23157,8,44018,70.0,2026-06-10 12:00:00+00:00
2026-06-10 12:00:00FR23163_O3_A,FR23163,8,72344,73.0,2026-06-10 12:00:00+00:00
2026-06-10 12:00:00FR23174_NO2_A,FR23174,3,72181,1.9,2026-06-10 12:00:00+00:00
2026-06-10 12:00:00FR23174_PM10_2,FR23174,24,72181,5.0,2026-06-10 12:00:00+00:00
2026-06-10 12:00:00FR23174_PM2.5_1,FR23174,39,72181,2.4,2026-06-10 12:00:00+00:00
2026-06-10 12:00:00FR23177_NO2_1,FR23177,3,53210,1.5,2026-06-10 12:00:00+00:00
2026-06-10 12:00:00FR23177_O3_A,FR23177,8,53210,72.0,2026-06-10 12:00:00+00:00
2026-06-10 12:00:00FR23177_PM10_4,FR23177,24,53210,3.4,2026-06-10 12:00:00+00:00
2026-06-10 12:00:00FR23177_PM2.5_2,FR23177,39,53210,1.7,2026-06-10 12:00:00+00:00
2026-06-10 12:00:00FR23178_NO2_1,FR23178,3,44052,1.2,2026-06-10 12:00:00+00:00
2026-06-10 12:00:00FR23178_PM10_3,FR23178,24,44052,4.6,2026-06-10 12:00:00+00:00
2026-06-10 12:00:00FR23178_PM2.5_2,FR23178,39,44052,2.0,2026-06-10 12:00:00+00:00
2026-06-10 12:00:00FR23178_SO2_A,FR23178,1,44052,0.15,2026-06-10 12:00:00+00:00
2026-06-10 12:00:00FR23181_NO2_1,FR23181,3,44184,1.0,2026-06-10 12:00:00+00:00
2026-06-10 12:00:00FR23181_SO2_1,FR23181,1,44184,0.48,2026-06-10 12:00:00+00:00
2026-06-10 12:00:00FR23182_NO2_A,FR23182,3,72181,1.1,2026-06-10 12:00:00+00:00
2026-06-10 12:00:00FR23182_O3_A,FR23182,8,72181,71.0,2026-06-10 12:00:00+00:00
2026-06-10 12:00:00FR23182_PM10_3,FR23182,24,72181,7.0,2026-06-10 12:00:00+00:00
2026-06-10 12:00:00FR23182_PM2.5_2,FR23182,39,72181,2.5,2026-06-10 12:00:00+00:00
2026-06-10 12:00:00FR23188_NO2_A,FR23188,3,44109,1.7,2026-06-10 12:00:00+00:00
2026-06-10 12:00:00FR23188_O3_A,FR23188,8,44109,79.0,2026-06-10 12:00:00+00:00
2026-06-10 12:00:00FR23188_PM10_4,FR23188,24,44109,5.7,2026-06-10 12:00:00+00:00
2026-06-10 12:00:00FR23188_PM2.5_2,FR23188,39,44109,2.4,2026-06-10 12:00:00+00:00
2026-06-10 12:00:00FR23230_O3_A,FR23230,8,44132,70.0,2026-06-10 12:00:00+00:00
2026-06-10 12:00:00FR23239_NO2_A,FR23239,3,44020,3.7,2026-06-10 12:00:00+00:00
2026-06-10 12:00:00FR23239_PM10_1,FR23239,24,44020,7.5,2026-06-10 12:00:00+00:00
2026-06-10 12:00:00FR23239_PM2.5_6,FR23239,39,44020,3.1,2026-06-10 12:00:00+00:00
2026-06-10 12:00:00FR23242_NO2_1,FR23242,3,49007,17.0,2026-06-10 12:00:00+00:00
2026-06-10 12:00:00FR23242_PM10_1,FR23242,24,49007,18.0,2026-06-10 12:00:00+00:00
2026-06-10 12:00:00FR23242_PM2.5_1,FR23242,39,49007,1.2,2026-06-10 12:00:00+00:00
2026-06-10 12:00:00FR23249_NO2_A,FR23249,3,44103,1.1,2026-06-10 12:00:00+00:00
2026-06-10 12:00:00FR23249_PM10_1,FR23249,24,44103,4.0,2026-06-10 12:00:00+00:00
2026-06-10 12:00:00FR23249_PM2.5_1,FR23249,39,44103,1.6,2026-06-10 12:00:00+00:00
2026-06-10 12:00:00FR23249_SO2_A,FR23249,1,44103,0.0,2026-06-10 12:00:00+00:00
2026-06-10 12:00:00FR23251_NO2_1,FR23251,3,44109,15.0,2026-06-10 12:00:00+00:00
2026-06-10 12:00:00FR23251_PM2.5_1,FR23251,39,44109,6.8,2026-06-10 12:00:00+00:00
2026-06-10 12:00:00FR23252_NO2_1,FR23252,3,53130,13.0,2026-06-10 12:00:00+00:00
2026-06-10 12:00:00FR23252_PM2.5_1,FR23252,39,53130,3.6,2026-06-10 12:00:00+00:00
2026-06-10 12:00:00FR23259_PM10_1,FR23259,24,44109,8.6,2026-06-10 12:00:00+00:00
2026-06-10 12:00:00FR23259_PM2.5_1,FR23259,39,44109,3.0,2026-06-10 12:00:00+00:00
2026-06-10 11:00:00FR23001_SO2_A,FR23001,1,44052,0.28,2026-06-10 11:00:00+00:00
2026-06-10 11:00:00FR23003_NO2_A,FR23003,3,44052,0.57,2026-06-10 11:00:00+00:00
2026-06-10 11:00:00FR23003_PM10_1,FR23003,24,44052,6.3,2026-06-10 11:00:00+00:00
2026-06-10 11:00:00FR23003_PM2.5_1,FR23003,39,44052,2.4,2026-06-10 11:00:00+00:00
2026-06-10 11:00:00FR23003_SO2_A,FR23003,1,44052,0.025,2026-06-10 11:00:00+00:00
2026-06-10 11:00:00FR23068_NO2_A,FR23068,3,44061,2.1,2026-06-10 11:00:00+00:00
2026-06-10 11:00:00FR23068_PM10_4,FR23068,24,44061,6.1,2026-06-10 11:00:00+00:00
2026-06-10 11:00:00FR23068_PM2.5_1,FR23068,39,44061,3.0,2026-06-10 11:00:00+00:00
2026-06-10 11:00:00FR23068_SO2_A,FR23068,1,44061,0.15,2026-06-10 11:00:00+00:00
2026-06-10 11:00:00FR23069_SO2_A,FR23069,1,44195,0.0,2026-06-10 11:00:00+00:00
2026-06-10 11:00:00FR23070_NO2_A,FR23070,3,44158,0.7,2026-06-10 11:00:00+00:00
2026-06-10 11:00:00FR23070_PM10_3,FR23070,24,44158,4.8,2026-06-10 11:00:00+00:00
2026-06-10 11:00:00FR23070_PM2.5_1,FR23070,39,44158,2.1,2026-06-10 11:00:00+00:00
2026-06-10 11:00:00FR23070_SO2_A,FR23070,1,44158,0.35,2026-06-10 11:00:00+00:00
2026-06-10 11:00:00FR23075_NO2_A,FR23075,3,44210,2.6,2026-06-10 11:00:00+00:00
2026-06-10 11:00:00FR23078_NO2_A,FR23078,3,49099,2.2,2026-06-10 11:00:00+00:00
2026-06-10 11:00:00FR23078_O3_A,FR23078,8,49099,75.0,2026-06-10 11:00:00+00:00
2026-06-10 11:00:00FR23078_PM10_2,FR23078,24,49099,7.1,2026-06-10 11:00:00+00:00
2026-06-10 11:00:00FR23078_PM2.5_2,FR23078,39,49099,3.2,2026-06-10 11:00:00+00:00
2026-06-10 11:00:00FR23110_NO2_A,FR23110,3,44184,1.6,2026-06-10 11:00:00+00:00
2026-06-10 11:00:00FR23110_O3_A,FR23110,8,44184,73.0,2026-06-10 11:00:00+00:00
2026-06-10 11:00:00FR23110_PM10_3,FR23110,24,44184,7.5,2026-06-10 11:00:00+00:00
2026-06-10 11:00:00FR23110_PM2.5_3,FR23110,39,44184,3.3,2026-06-10 11:00:00+00:00
2026-06-10 11:00:00FR23120_NO2_A,FR23120,3,49007,4.9,2026-06-10 11:00:00+00:00
2026-06-10 11:00:00FR23120_PM10_4,FR23120,24,49007,46.0,2026-06-10 11:00:00+00:00
2026-06-10 11:00:00FR23120_PM2.5_2,FR23120,39,49007,8.8,2026-06-10 11:00:00+00:00
2026-06-10 11:00:00FR23123_NO2_A,FR23123,3,53130,1.5,2026-06-10 11:00:00+00:00
2026-06-10 11:00:00FR23123_O3_A,FR23123,8,53130,67.0,2026-06-10 11:00:00+00:00
2026-06-10 11:00:00FR23123_PM10_3,FR23123,24,53130,5.9,2026-06-10 11:00:00+00:00
2026-06-10 11:00:00FR23123_PM2.5_3,FR23123,39,53130,2.9,2026-06-10 11:00:00+00:00
2026-06-10 11:00:00FR23124_NO2_A,FR23124,3,85289,0.95,2026-06-10 11:00:00+00:00
2026-06-10 11:00:00FR23124_O3_A,FR23124,8,85289,61.0,2026-06-10 11:00:00+00:00
2026-06-10 11:00:00FR23124_PM10_4,FR23124,24,85289,4.8,2026-06-10 11:00:00+00:00
2026-06-10 11:00:00FR23124_PM2.5_2,FR23124,39,85289,2.0,2026-06-10 11:00:00+00:00
2026-06-10 11:00:00FR23149_SO2_A,FR23149,1,44116,0.0,2026-06-10 11:00:00+00:00
2026-06-10 11:00:00FR23150_NO2_A,FR23150,3,49007,2.5,2026-06-10 11:00:00+00:00
2026-06-10 11:00:00FR23150_O3_A,FR23150,8,49007,73.0,2026-06-10 11:00:00+00:00
2026-06-10 11:00:00FR23152_NO2_A,FR23152,3,85191,1.1,2026-06-10 11:00:00+00:00
2026-06-10 11:00:00FR23152_O3_A,FR23152,8,85191,69.0,2026-06-10 11:00:00+00:00
2026-06-10 11:00:00FR23152_PM10_4,FR23152,24,85191,3.7,2026-06-10 11:00:00+00:00
2026-06-10 11:00:00FR23152_PM2.5_2,FR23152,39,85191,2.1,2026-06-10 11:00:00+00:00
2026-06-10 11:00:00FR23157_O3_A,FR23157,8,44018,67.0,2026-06-10 11:00:00+00:00
2026-06-10 11:00:00FR23163_O3_A,FR23163,8,72344,71.0,2026-06-10 11:00:00+00:00
2026-06-10 11:00:00FR23174_NO2_A,FR23174,3,72181,2.3,2026-06-10 11:00:00+00:00
2026-06-10 11:00:00FR23174_PM10_2,FR23174,24,72181,6.2,2026-06-10 11:00:00+00:00
2026-06-10 11:00:00FR23174_PM2.5_1,FR23174,39,72181,3.2,2026-06-10 11:00:00+00:00
2026-06-10 11:00:00FR23177_NO2_1,FR23177,3,53210,1.0,2026-06-10 11:00:00+00:00
2026-06-10 11:00:00FR23177_O3_A,FR23177,8,53210,73.0,2026-06-10 11:00:00+00:00
2026-06-10 11:00:00FR23177_PM10_4,FR23177,24,53210,3.9,2026-06-10 11:00:00+00:00
2026-06-10 11:00:00FR23177_PM2.5_2,FR23177,39,53210,2.0,2026-06-10 11:00:00+00:00
2026-06-10 11:00:00FR23178_NO2_1,FR23178,3,44052,1.2,2026-06-10 11:00:00+00:00
2026-06-10 11:00:00FR23178_PM10_3,FR23178,24,44052,5.5,2026-06-10 11:00:00+00:00
2026-06-10 11:00:00FR23178_PM2.5_2,FR23178,39,44052,2.7,2026-06-10 11:00:00+00:00
2026-06-10 11:00:00FR23178_SO2_A,FR23178,1,44052,0.0,2026-06-10 11:00:00+00:00
2026-06-10 11:00:00FR23181_NO2_1,FR23181,3,44184,1.6,2026-06-10 11:00:00+00:00
2026-06-10 11:00:00FR23181_SO2_1,FR23181,1,44184,0.45,2026-06-10 11:00:00+00:00
2026-06-10 11:00:00FR23182_NO2_A,FR23182,3,72181,1.8,2026-06-10 11:00:00+00:00
2026-06-10 11:00:00FR23182_O3_A,FR23182,8,72181,68.0,2026-06-10 11:00:00+00:00
2026-06-10 11:00:00FR23182_PM10_3,FR23182,24,72181,7.4,2026-06-10 11:00:00+00:00
2026-06-10 11:00:00FR23182_PM2.5_2,FR23182,39,72181,3.3,2026-06-10 11:00:00+00:00
2026-06-10 11:00:00FR23188_NO2_A,FR23188,3,44109,2.0,2026-06-10 11:00:00+00:00
2026-06-10 11:00:00FR23188_O3_A,FR23188,8,44109,76.0,2026-06-10 11:00:00+00:00
2026-06-10 11:00:00FR23188_PM10_4,FR23188,24,44109,5.7,2026-06-10 11:00:00+00:00
2026-06-10 11:00:00FR23188_PM2.5_2,FR23188,39,44109,2.4,2026-06-10 11:00:00+00:00
2026-06-10 11:00:00FR23230_O3_A,FR23230,8,44132,70.0,2026-06-10 11:00:00+00:00
2026-06-10 11:00:00FR23239_NO2_A,FR23239,3,44020,3.7,2026-06-10 11:00:00+00:00
2026-06-10 11:00:00FR23239_PM10_1,FR23239,24,44020,10.0,2026-06-10 11:00:00+00:00
2026-06-10 11:00:00FR23239_PM2.5_6,FR23239,39,44020,3.3,2026-06-10 11:00:00+00:00
2026-06-10 11:00:00FR23242_NO2_1,FR23242,3,49007,19.0,2026-06-10 11:00:00+00:00
2026-06-10 11:00:00FR23242_PM10_1,FR23242,24,49007,12.0,2026-06-10 11:00:00+00:00
2026-06-10 11:00:00FR23242_PM2.5_1,FR23242,39,49007,1.0,2026-06-10 11:00:00+00:00
2026-06-10 11:00:00FR23249_NO2_A,FR23249,3,44103,1.0,2026-06-10 11:00:00+00:00
2026-06-10 11:00:00FR23249_PM10_1,FR23249,24,44103,5.0,2026-06-10 11:00:00+00:00
2026-06-10 11:00:00FR23249_PM2.5_1,FR23249,39,44103,2.4,2026-06-10 11:00:00+00:00
2026-06-10 11:00:00FR23249_SO2_A,FR23249,1,44103,0.0,2026-06-10 11:00:00+00:00
2026-06-10 11:00:00FR23251_NO2_1,FR23251,3,44109,18.0,2026-06-10 11:00:00+00:00
2026-06-10 11:00:00FR23251_PM2.5_1,FR23251,39,44109,5.6,2026-06-10 11:00:00+00:00
2026-06-10 11:00:00FR23252_NO2_1,FR23252,3,53130,19.0,2026-06-10 11:00:00+00:00
2026-06-10 11:00:00FR23252_PM2.5_1,FR23252,39,53130,6.7,2026-06-10 11:00:00+00:00
2026-06-10 11:00:00FR23259_PM10_1,FR23259,24,44109,9.6,2026-06-10 11:00:00+00:00
2026-06-10 11:00:00FR23259_PM2.5_1,FR23259,39,44109,3.1,2026-06-10 11:00:00+00:00
2026-06-10 10:00:00FR23001_SO2_A,FR23001,1,44052,0.3,2026-06-10 10:00:00+00:00
2026-06-10 10:00:00FR23003_NO2_A,FR23003,3,44052,0.35,2026-06-10 10:00:00+00:00
2026-06-10 10:00:00FR23003_PM10_1,FR23003,24,44052,6.1,2026-06-10 10:00:00+00:00
2026-06-10 10:00:00FR23003_PM2.5_1,FR23003,39,44052,2.4,2026-06-10 10:00:00+00:00
2026-06-10 10:00:00FR23003_SO2_A,FR23003,1,44052,0.15,2026-06-10 10:00:00+00:00
2026-06-10 10:00:00FR23068_NO2_A,FR23068,3,44061,1.9,2026-06-10 10:00:00+00:00
2026-06-10 10:00:00FR23068_PM10_4,FR23068,24,44061,6.6,2026-06-10 10:00:00+00:00
2026-06-10 10:00:00FR23068_PM2.5_1,FR23068,39,44061,3.0,2026-06-10 10:00:00+00:00
2026-06-10 10:00:00FR23068_SO2_A,FR23068,1,44061,0.18,2026-06-10 10:00:00+00:00
2026-06-10 10:00:00FR23069_SO2_A,FR23069,1,44195,0.0,2026-06-10 10:00:00+00:00
2026-06-10 10:00:00FR23070_NO2_A,FR23070,3,44158,1.1,2026-06-10 10:00:00+00:00
2026-06-10 10:00:00FR23070_PM10_3,FR23070,24,44158,5.1,2026-06-10 10:00:00+00:00
2026-06-10 10:00:00FR23070_PM2.5_1,FR23070,39,44158,2.5,2026-06-10 10:00:00+00:00
2026-06-10 10:00:00FR23070_SO2_A,FR23070,1,44158,0.13,2026-06-10 10:00:00+00:00
2026-06-10 10:00:00FR23075_NO2_A,FR23075,3,44210,2.2,2026-06-10 10:00:00+00:00
2026-06-10 10:00:00FR23078_NO2_A,FR23078,3,49099,2.5,2026-06-10 10:00:00+00:00
2026-06-10 10:00:00FR23078_O3_A,FR23078,8,49099,72.0,2026-06-10 10:00:00+00:00
2026-06-10 10:00:00FR23078_PM10_2,FR23078,24,49099,9.4,2026-06-10 10:00:00+00:00
2026-06-10 10:00:00FR23078_PM2.5_2,FR23078,39,49099,4.1,2026-06-10 10:00:00+00:00
2026-06-10 10:00:00FR23110_NO2_A,FR23110,3,44184,2.3,2026-06-10 10:00:00+00:00
2026-06-10 10:00:00FR23110_O3_A,FR23110,8,44184,72.0,2026-06-10 10:00:00+00:00
2026-06-10 10:00:00FR23110_PM10_3,FR23110,24,44184,6.8,2026-06-10 10:00:00+00:00
2026-06-10 10:00:00FR23110_PM2.5_3,FR23110,39,44184,2.8,2026-06-10 10:00:00+00:00
2026-06-10 10:00:00FR23120_NO2_A,FR23120,3,49007,4.6,2026-06-10 10:00:00+00:00
2026-06-10 10:00:00FR23120_PM10_4,FR23120,24,49007,23.0,2026-06-10 10:00:00+00:00
2026-06-10 10:00:00FR23120_PM2.5_2,FR23120,39,49007,5.7,2026-06-10 10:00:00+00:00
2026-06-10 10:00:00FR23123_NO2_A,FR23123,3,53130,1.0,2026-06-10 10:00:00+00:00
2026-06-10 10:00:00FR23123_O3_A,FR23123,8,53130,66.0,2026-06-10 10:00:00+00:00
2026-06-10 10:00:00FR23123_PM10_3,FR23123,24,53130,7.1,2026-06-10 10:00:00+00:00
2026-06-10 10:00:00FR23123_PM2.5_3,FR23123,39,53130,3.5,2026-06-10 10:00:00+00:00
2026-06-10 10:00:00FR23124_NO2_A,FR23124,3,85289,0.93,2026-06-10 10:00:00+00:00
2026-06-10 10:00:00FR23124_O3_A,FR23124,8,85289,61.0,2026-06-10 10:00:00+00:00
2026-06-10 10:00:00FR23124_PM10_4,FR23124,24,85289,4.6,2026-06-10 10:00:00+00:00
2026-06-10 10:00:00FR23124_PM2.5_2,FR23124,39,85289,2.3,2026-06-10 10:00:00+00:00
2026-06-10 10:00:00FR23149_SO2_A,FR23149,1,44116,0.0,2026-06-10 10:00:00+00:00
2026-06-10 10:00:00FR23150_NO2_A,FR23150,3,49007,1.5,2026-06-10 10:00:00+00:00
2026-06-10 10:00:00FR23150_O3_A,FR23150,8,49007,73.0,2026-06-10 10:00:00+00:00
2026-06-10 10:00:00FR23152_NO2_A,FR23152,3,85191,1.9,2026-06-10 10:00:00+00:00
2026-06-10 10:00:00FR23152_O3_A,FR23152,8,85191,62.0,2026-06-10 10:00:00+00:00
2026-06-10 10:00:00FR23152_PM10_4,FR23152,24,85191,5.5,2026-06-10 10:00:00+00:00
2026-06-10 10:00:00FR23152_PM2.5_2,FR23152,39,85191,2.6,2026-06-10 10:00:00+00:00
2026-06-10 10:00:00FR23157_O3_A,FR23157,8,44018,65.0,2026-06-10 10:00:00+00:00
2026-06-10 10:00:00FR23163_O3_A,FR23163,8,72344,69.0,2026-06-10 10:00:00+00:00
2026-06-10 10:00:00FR23174_NO2_A,FR23174,3,72181,2.1,2026-06-10 10:00:00+00:00
2026-06-10 10:00:00FR23174_PM10_2,FR23174,24,72181,7.4,2026-06-10 10:00:00+00:00
2026-06-10 10:00:00FR23174_PM2.5_1,FR23174,39,72181,3.6,2026-06-10 10:00:00+00:00
2026-06-10 10:00:00FR23177_NO2_1,FR23177,3,53210,1.0,2026-06-10 10:00:00+00:00
2026-06-10 10:00:00FR23177_O3_A,FR23177,8,53210,70.0,2026-06-10 10:00:00+00:00
2026-06-10 10:00:00FR23177_PM10_4,FR23177,24,53210,5.3,2026-06-10 10:00:00+00:00
2026-06-10 10:00:00FR23177_PM2.5_2,FR23177,39,53210,2.7,2026-06-10 10:00:00+00:00
2026-06-10 10:00:00FR23178_NO2_1,FR23178,3,44052,1.2,2026-06-10 10:00:00+00:00
2026-06-10 10:00:00FR23178_PM10_3,FR23178,24,44052,5.6,2026-06-10 10:00:00+00:00
2026-06-10 10:00:00FR23178_PM2.5_2,FR23178,39,44052,2.8,2026-06-10 10:00:00+00:00
2026-06-10 10:00:00FR23178_SO2_A,FR23178,1,44052,0.0,2026-06-10 10:00:00+00:00
2026-06-10 10:00:00FR23181_NO2_1,FR23181,3,44184,1.6,2026-06-10 10:00:00+00:00
2026-06-10 10:00:00FR23181_SO2_1,FR23181,1,44184,0.63,2026-06-10 10:00:00+00:00
2026-06-10 10:00:00FR23182_NO2_A,FR23182,3,72181,1.3,2026-06-10 10:00:00+00:00
2026-06-10 10:00:00FR23182_O3_A,FR23182,8,72181,65.0,2026-06-10 10:00:00+00:00
2026-06-10 10:00:00FR23182_PM10_3,FR23182,24,72181,7.6,2026-06-10 10:00:00+00:00
2026-06-10 10:00:00FR23182_PM2.5_2,FR23182,39,72181,3.6,2026-06-10 10:00:00+00:00
2026-06-10 10:00:00FR23188_NO2_A,FR23188,3,44109,1.8,2026-06-10 10:00:00+00:00
2026-06-10 10:00:00FR23188_O3_A,FR23188,8,44109,76.0,2026-06-10 10:00:00+00:00
2026-06-10 10:00:00FR23188_PM10_4,FR23188,24,44109,5.5,2026-06-10 10:00:00+00:00
2026-06-10 10:00:00FR23188_PM2.5_2,FR23188,39,44109,2.3,2026-06-10 10:00:00+00:00
2026-06-10 10:00:00FR23230_O3_A,FR23230,8,44132,69.0,2026-06-10 10:00:00+00:00
2026-06-10 10:00:00FR23239_NO2_A,FR23239,3,44020,3.3,2026-06-10 10:00:00+00:00
2026-06-10 10:00:00FR23239_PM10_1,FR23239,24,44020,8.3,2026-06-10 10:00:00+00:00
2026-06-10 10:00:00FR23239_PM2.5_6,FR23239,39,44020,2.9,2026-06-10 10:00:00+00:00
2026-06-10 10:00:00FR23242_NO2_1,FR23242,3,49007,15.0,2026-06-10 10:00:00+00:00
2026-06-10 10:00:00FR23242_PM2.5_1,FR23242,39,49007,3.3,2026-06-10 10:00:00+00:00
2026-06-10 10:00:00FR23249_NO2_A,FR23249,3,44103,1.3,2026-06-10 10:00:00+00:00
2026-06-10 10:00:00FR23249_PM10_1,FR23249,24,44103,6.5,2026-06-10 10:00:00+00:00
2026-06-10 10:00:00FR23249_PM2.5_1,FR23249,39,44103,2.7,2026-06-10 10:00:00+00:00
2026-06-10 10:00:00FR23249_SO2_A,FR23249,1,44103,0.0,2026-06-10 10:00:00+00:00
2026-06-10 10:00:00FR23251_NO2_1,FR23251,3,44109,11.0,2026-06-10 10:00:00+00:00
2026-06-10 10:00:00FR23251_PM2.5_1,FR23251,39,44109,4.2,2026-06-10 10:00:00+00:00
2026-06-10 10:00:00FR23252_NO2_1,FR23252,3,53130,23.0,2026-06-10 10:00:00+00:00
2026-06-10 10:00:00FR23252_PM2.5_1,FR23252,39,53130,8.4,2026-06-10 10:00:00+00:00
2026-06-10 10:00:00FR23259_PM10_1,FR23259,24,44109,11.0,2026-06-10 10:00:00+00:00
2026-06-10 10:00:00FR23259_PM2.5_1,FR23259,39,44109,3.1,2026-06-10 10:00:00+00:00
2026-06-10 09:00:00FR23001_SO2_A,FR23001,1,44052,0.25,2026-06-10 09:00:00+00:00
2026-06-10 09:00:00FR23003_NO2_A,FR23003,3,44052,1.0,2026-06-10 09:00:00+00:00
2026-06-10 09:00:00FR23003_PM10_1,FR23003,24,44052,6.6,2026-06-10 09:00:00+00:00
2026-06-10 09:00:00FR23003_PM2.5_1,FR23003,39,44052,2.7,2026-06-10 09:00:00+00:00
2026-06-10 09:00:00FR23003_SO2_A,FR23003,1,44052,0.13,2026-06-10 09:00:00+00:00
2026-06-10 09:00:00FR23068_NO2_A,FR23068,3,44061,1.6,2026-06-10 09:00:00+00:00
2026-06-10 09:00:00FR23068_PM10_4,FR23068,24,44061,6.0,2026-06-10 09:00:00+00:00
2026-06-10 09:00:00FR23068_PM2.5_1,FR23068,39,44061,2.8,2026-06-10 09:00:00+00:00
2026-06-10 09:00:00FR23068_SO2_A,FR23068,1,44061,0.23,2026-06-10 09:00:00+00:00
2026-06-10 09:00:00FR23069_SO2_A,FR23069,1,44195,0.0,2026-06-10 09:00:00+00:00
2026-06-10 09:00:00FR23070_NO2_A,FR23070,3,44158,0.9,2026-06-10 09:00:00+00:00
2026-06-10 09:00:00FR23070_PM10_3,FR23070,24,44158,6.4,2026-06-10 09:00:00+00:00
2026-06-10 09:00:00FR23070_PM2.5_1,FR23070,39,44158,2.7,2026-06-10 09:00:00+00:00
2026-06-10 09:00:00FR23070_SO2_A,FR23070,1,44158,0.23,2026-06-10 09:00:00+00:00
2026-06-10 09:00:00FR23075_NO2_A,FR23075,3,44210,2.8,2026-06-10 09:00:00+00:00
2026-06-10 09:00:00FR23078_NO2_A,FR23078,3,49099,2.9,2026-06-10 09:00:00+00:00
2026-06-10 09:00:00FR23078_O3_A,FR23078,8,49099,70.0,2026-06-10 09:00:00+00:00
2026-06-10 09:00:00FR23078_PM10_2,FR23078,24,49099,11.0,2026-06-10 09:00:00+00:00
2026-06-10 09:00:00FR23078_PM2.5_2,FR23078,39,49099,2.9,2026-06-10 09:00:00+00:00
2026-06-10 09:00:00FR23110_NO2_A,FR23110,3,44184,2.5,2026-06-10 09:00:00+00:00
2026-06-10 09:00:00FR23110_O3_A,FR23110,8,44184,69.0,2026-06-10 09:00:00+00:00
2026-06-10 09:00:00FR23110_PM10_3,FR23110,24,44184,6.6,2026-06-10 09:00:00+00:00
2026-06-10 09:00:00FR23110_PM2.5_3,FR23110,39,44184,3.1,2026-06-10 09:00:00+00:00
2026-06-10 09:00:00FR23120_NO2_A,FR23120,3,49007,4.8,2026-06-10 09:00:00+00:00
2026-06-10 09:00:00FR23120_PM10_4,FR23120,24,49007,16.0,2026-06-10 09:00:00+00:00
2026-06-10 09:00:00FR23120_PM2.5_2,FR23120,39,49007,4.7,2026-06-10 09:00:00+00:00
2026-06-10 09:00:00FR23123_NO2_A,FR23123,3,53130,1.7,2026-06-10 09:00:00+00:00
2026-06-10 09:00:00FR23123_O3_A,FR23123,8,53130,60.0,2026-06-10 09:00:00+00:00
2026-06-10 09:00:00FR23123_PM10_3,FR23123,24,53130,9.0,2026-06-10 09:00:00+00:00
2026-06-10 09:00:00FR23123_PM2.5_3,FR23123,39,53130,4.1,2026-06-10 09:00:00+00:00
2026-06-10 09:00:00FR23124_NO2_A,FR23124,3,85289,0.6,2026-06-10 09:00:00+00:00
2026-06-10 09:00:00FR23124_O3_A,FR23124,8,85289,62.0,2026-06-10 09:00:00+00:00
2026-06-10 09:00:00FR23124_PM10_4,FR23124,24,85289,5.8,2026-06-10 09:00:00+00:00
2026-06-10 09:00:00FR23124_PM2.5_2,FR23124,39,85289,2.6,2026-06-10 09:00:00+00:00
2026-06-10 09:00:00FR23149_SO2_A,FR23149,1,44116,0.025,2026-06-10 09:00:00+00:00
2026-06-10 09:00:00FR23150_NO2_A,FR23150,3,49007,1.9,2026-06-10 09:00:00+00:00
2026-06-10 09:00:00FR23150_O3_A,FR23150,8,49007,70.0,2026-06-10 09:00:00+00:00
2026-06-10 09:00:00FR23152_NO2_A,FR23152,3,85191,2.8,2026-06-10 09:00:00+00:00
2026-06-10 09:00:00FR23152_O3_A,FR23152,8,85191,61.0,2026-06-10 09:00:00+00:00
2026-06-10 09:00:00FR23152_PM10_4,FR23152,24,85191,5.6,2026-06-10 09:00:00+00:00
2026-06-10 09:00:00FR23152_PM2.5_2,FR23152,39,85191,2.8,2026-06-10 09:00:00+00:00
2026-06-10 09:00:00FR23157_O3_A,FR23157,8,44018,61.0,2026-06-10 09:00:00+00:00
2026-06-10 09:00:00FR23163_O3_A,FR23163,8,72344,63.0,2026-06-10 09:00:00+00:00
2026-06-10 09:00:00FR23174_NO2_A,FR23174,3,72181,3.5,2026-06-10 09:00:00+00:00
2026-06-10 09:00:00FR23174_PM10_2,FR23174,24,72181,9.0,2026-06-10 09:00:00+00:00
2026-06-10 09:00:00FR23174_PM2.5_1,FR23174,39,72181,4.5,2026-06-10 09:00:00+00:00
2026-06-10 09:00:00FR23175_O3_A,FR23175,8,49035,69.0,2026-06-10 09:00:00+00:00
2026-06-10 09:00:00FR23177_NO2_1,FR23177,3,53210,1.4,2026-06-10 09:00:00+00:00
2026-06-10 09:00:00FR23177_O3_A,FR23177,8,53210,67.0,2026-06-10 09:00:00+00:00
2026-06-10 09:00:00FR23177_PM10_4,FR23177,24,53210,7.1,2026-06-10 09:00:00+00:00
2026-06-10 09:00:00FR23177_PM2.5_2,FR23177,39,53210,3.6,2026-06-10 09:00:00+00:00
2026-06-10 09:00:00FR23178_NO2_1,FR23178,3,44052,1.7,2026-06-10 09:00:00+00:00
2026-06-10 09:00:00FR23178_PM10_3,FR23178,24,44052,5.7,2026-06-10 09:00:00+00:00
2026-06-10 09:00:00FR23178_PM2.5_2,FR23178,39,44052,2.8,2026-06-10 09:00:00+00:00
2026-06-10 09:00:00FR23178_SO2_A,FR23178,1,44052,0.0,2026-06-10 09:00:00+00:00
2026-06-10 09:00:00FR23181_NO2_1,FR23181,3,44184,2.0,2026-06-10 09:00:00+00:00
2026-06-10 09:00:00FR23181_SO2_1,FR23181,1,44184,0.53,2026-06-10 09:00:00+00:00
2026-06-10 09:00:00FR23182_NO2_A,FR23182,3,72181,3.1,2026-06-10 09:00:00+00:00
2026-06-10 09:00:00FR23182_O3_A,FR23182,8,72181,61.0,2026-06-10 09:00:00+00:00
2026-06-10 09:00:00FR23182_PM10_3,FR23182,24,72181,8.4,2026-06-10 09:00:00+00:00
2026-06-10 09:00:00FR23182_PM2.5_2,FR23182,39,72181,4.4,2026-06-10 09:00:00+00:00
2026-06-10 09:00:00FR23188_NO2_A,FR23188,3,44109,2.2,2026-06-10 09:00:00+00:00
2026-06-10 09:00:00FR23188_O3_A,FR23188,8,44109,70.0,2026-06-10 09:00:00+00:00
2026-06-10 09:00:00FR23188_PM10_4,FR23188,24,44109,5.7,2026-06-10 09:00:00+00:00
2026-06-10 09:00:00FR23188_PM2.5_2,FR23188,39,44109,2.7,2026-06-10 09:00:00+00:00
2026-06-10 09:00:00FR23230_O3_A,FR23230,8,44132,67.0,2026-06-10 09:00:00+00:00
2026-06-10 09:00:00FR23238_PM10_A,FR23238,24,44143,13.0,2026-06-10 09:00:00+00:00
2026-06-10 09:00:00FR23238_PM2.5_1,FR23238,39,44143,3.7,2026-06-10 09:00:00+00:00
2026-06-10 09:00:00FR23239_NO2_A,FR23239,3,44020,3.3,2026-06-10 09:00:00+00:00
2026-06-10 09:00:00FR23239_PM10_1,FR23239,24,44020,8.9,2026-06-10 09:00:00+00:00
2026-06-10 09:00:00FR23239_PM2.5_6,FR23239,39,44020,3.1,2026-06-10 09:00:00+00:00
2026-06-10 09:00:00FR23242_NO2_1,FR23242,3,49007,24.0,2026-06-10 09:00:00+00:00
2026-06-10 09:00:00FR23242_PM2.5_1,FR23242,39,49007,5.4,2026-06-10 09:00:00+00:00
2026-06-10 09:00:00FR23249_NO2_A,FR23249,3,44103,1.1,2026-06-10 09:00:00+00:00
2026-06-10 09:00:00FR23249_PM10_1,FR23249,24,44103,5.6,2026-06-10 09:00:00+00:00
2026-06-10 09:00:00FR23249_PM2.5_1,FR23249,39,44103,2.6,2026-06-10 09:00:00+00:00
2026-06-10 09:00:00FR23249_SO2_A,FR23249,1,44103,0.0,2026-06-10 09:00:00+00:00
2026-06-10 09:00:00FR23251_NO2_1,FR23251,3,44109,11.0,2026-06-10 09:00:00+00:00
2026-06-10 09:00:00FR23251_PM2.5_1,FR23251,39,44109,4.7,2026-06-10 09:00:00+00:00
2026-06-10 09:00:00FR23252_NO2_1,FR23252,3,53130,20.0,2026-06-10 09:00:00+00:00
2026-06-10 09:00:00FR23252_PM2.5_1,FR23252,39,53130,7.1,2026-06-10 09:00:00+00:00
2026-06-10 09:00:00FR23259_PM10_1,FR23259,24,44109,8.9,2026-06-10 09:00:00+00:00
2026-06-10 09:00:00FR23259_PM2.5_1,FR23259,39,44109,3.1,2026-06-10 09:00:00+00:00
2026-06-10 08:00:00FR23001_SO2_A,FR23001,1,44052,0.18,2026-06-10 08:00:00+00:00
2026-06-10 08:00:00FR23003_NO2_A,FR23003,3,44052,1.8,2026-06-10 08:00:00+00:00
2026-06-10 08:00:00FR23003_PM10_1,FR23003,24,44052,11.0,2026-06-10 08:00:00+00:00
2026-06-10 08:00:00FR23003_PM2.5_1,FR23003,39,44052,3.3,2026-06-10 08:00:00+00:00
2026-06-10 08:00:00FR23003_SO2_A,FR23003,1,44052,0.18,2026-06-10 08:00:00+00:00
2026-06-10 08:00:00FR23068_NO2_A,FR23068,3,44061,2.0,2026-06-10 08:00:00+00:00
2026-06-10 08:00:00FR23068_PM10_4,FR23068,24,44061,6.3,2026-06-10 08:00:00+00:00
2026-06-10 08:00:00FR23068_PM2.5_1,FR23068,39,44061,2.8,2026-06-10 08:00:00+00:00
2026-06-10 08:00:00FR23068_SO2_A,FR23068,1,44061,0.025,2026-06-10 08:00:00+00:00
2026-06-10 08:00:00FR23069_SO2_A,FR23069,1,44195,0.0,2026-06-10 08:00:00+00:00
2026-06-10 08:00:00FR23070_NO2_A,FR23070,3,44158,1.3,2026-06-10 08:00:00+00:00
2026-06-10 08:00:00FR23070_PM10_3,FR23070,24,44158,4.9,2026-06-10 08:00:00+00:00
2026-06-10 08:00:00FR23070_PM2.5_1,FR23070,39,44158,2.5,2026-06-10 08:00:00+00:00
2026-06-10 08:00:00FR23070_SO2_A,FR23070,1,44158,0.0,2026-06-10 08:00:00+00:00
2026-06-10 08:00:00FR23075_NO2_A,FR23075,3,44210,3.7,2026-06-10 08:00:00+00:00
2026-06-10 08:00:00FR23078_NO2_A,FR23078,3,49099,2.9,2026-06-10 08:00:00+00:00
2026-06-10 08:00:00FR23078_O3_A,FR23078,8,49099,69.0,2026-06-10 08:00:00+00:00
2026-06-10 08:00:00FR23078_PM10_2,FR23078,24,49099,15.0,2026-06-10 08:00:00+00:00
2026-06-10 08:00:00FR23078_PM2.5_2,FR23078,39,49099,1.2,2026-06-10 08:00:00+00:00
2026-06-10 08:00:00FR23110_NO2_A,FR23110,3,44184,3.2,2026-06-10 08:00:00+00:00
2026-06-10 08:00:00FR23110_O3_A,FR23110,8,44184,62.0,2026-06-10 08:00:00+00:00
2026-06-10 08:00:00FR23110_PM10_3,FR23110,24,44184,7.1,2026-06-10 08:00:00+00:00
2026-06-10 08:00:00FR23110_PM2.5_3,FR23110,39,44184,3.2,2026-06-10 08:00:00+00:00
2026-06-10 08:00:00FR23120_NO2_A,FR23120,3,49007,6.9,2026-06-10 08:00:00+00:00
2026-06-10 08:00:00FR23120_PM10_4,FR23120,24,49007,18.0,2026-06-10 08:00:00+00:00
2026-06-10 08:00:00FR23120_PM2.5_2,FR23120,39,49007,5.9,2026-06-10 08:00:00+00:00
2026-06-10 08:00:00FR23123_NO2_A,FR23123,3,53130,4.4,2026-06-10 08:00:00+00:00
2026-06-10 08:00:00FR23123_O3_A,FR23123,8,53130,48.0,2026-06-10 08:00:00+00:00
2026-06-10 08:00:00FR23123_PM10_3,FR23123,24,53130,10.0,2026-06-10 08:00:00+00:00
2026-06-10 08:00:00FR23123_PM2.5_3,FR23123,39,53130,4.9,2026-06-10 08:00:00+00:00
2026-06-10 08:00:00FR23124_NO2_A,FR23124,3,85289,1.6,2026-06-10 08:00:00+00:00
2026-06-10 08:00:00FR23124_O3_A,FR23124,8,85289,53.0,2026-06-10 08:00:00+00:00
2026-06-10 08:00:00FR23124_PM10_4,FR23124,24,85289,7.9,2026-06-10 08:00:00+00:00
2026-06-10 08:00:00FR23124_PM2.5_2,FR23124,39,85289,3.4,2026-06-10 08:00:00+00:00
2026-06-10 08:00:00FR23149_SO2_A,FR23149,1,44116,0.025,2026-06-10 08:00:00+00:00
2026-06-10 08:00:00FR23150_NO2_A,FR23150,3,49007,2.2,2026-06-10 08:00:00+00:00
2026-06-10 08:00:00FR23150_O3_A,FR23150,8,49007,66.0,2026-06-10 08:00:00+00:00
2026-06-10 08:00:00FR23152_NO2_A,FR23152,3,85191,2.8,2026-06-10 08:00:00+00:00
2026-06-10 08:00:00FR23152_O3_A,FR23152,8,85191,62.0,2026-06-10 08:00:00+00:00
2026-06-10 08:00:00FR23152_PM10_4,FR23152,24,85191,5.0,2026-06-10 08:00:00+00:00
2026-06-10 08:00:00FR23152_PM2.5_2,FR23152,39,85191,2.6,2026-06-10 08:00:00+00:00
2026-06-10 08:00:00FR23157_O3_A,FR23157,8,44018,58.0,2026-06-10 08:00:00+00:00
2026-06-10 08:00:00FR23163_O3_A,FR23163,8,72344,61.0,2026-06-10 08:00:00+00:00
2026-06-10 08:00:00FR23174_NO2_A,FR23174,3,72181,4.1,2026-06-10 08:00:00+00:00
2026-06-10 08:00:00FR23174_PM10_2,FR23174,24,72181,11.0,2026-06-10 08:00:00+00:00
2026-06-10 08:00:00FR23174_PM2.5_1,FR23174,39,72181,5.2,2026-06-10 08:00:00+00:00
2026-06-10 08:00:00FR23175_O3_A,FR23175,8,49035,67.0,2026-06-10 08:00:00+00:00
2026-06-10 08:00:00FR23177_NO2_1,FR23177,3,53210,1.8,2026-06-10 08:00:00+00:00
2026-06-10 08:00:00FR23177_O3_A,FR23177,8,53210,57.0,2026-06-10 08:00:00+00:00
2026-06-10 08:00:00FR23177_PM10_4,FR23177,24,53210,7.6,2026-06-10 08:00:00+00:00
2026-06-10 08:00:00FR23177_PM2.5_2,FR23177,39,53210,3.9,2026-06-10 08:00:00+00:00
2026-06-10 08:00:00FR23178_NO2_1,FR23178,3,44052,1.6,2026-06-10 08:00:00+00:00
2026-06-10 08:00:00FR23178_PM10_3,FR23178,24,44052,5.8,2026-06-10 08:00:00+00:00
2026-06-10 08:00:00FR23178_PM2.5_2,FR23178,39,44052,2.9,2026-06-10 08:00:00+00:00
2026-06-10 08:00:00FR23178_SO2_A,FR23178,1,44052,0.0,2026-06-10 08:00:00+00:00
2026-06-10 08:00:00FR23181_NO2_1,FR23181,3,44184,2.5,2026-06-10 08:00:00+00:00
2026-06-10 08:00:00FR23181_SO2_1,FR23181,1,44184,0.55,2026-06-10 08:00:00+00:00
2026-06-10 08:00:00FR23182_NO2_A,FR23182,3,72181,3.1,2026-06-10 08:00:00+00:00
2026-06-10 08:00:00FR23182_O3_A,FR23182,8,72181,60.0,2026-06-10 08:00:00+00:00
2026-06-10 08:00:00FR23182_PM10_3,FR23182,24,72181,11.0,2026-06-10 08:00:00+00:00
2026-06-10 08:00:00FR23182_PM2.5_2,FR23182,39,72181,4.8,2026-06-10 08:00:00+00:00
2026-06-10 08:00:00FR23188_NO2_A,FR23188,3,44109,4.2,2026-06-10 08:00:00+00:00
2026-06-10 08:00:00FR23188_O3_A,FR23188,8,44109,68.0,2026-06-10 08:00:00+00:00
2026-06-10 08:00:00FR23188_PM10_4,FR23188,24,44109,7.6,2026-06-10 08:00:00+00:00
2026-06-10 08:00:00FR23188_PM2.5_2,FR23188,39,44109,3.1,2026-06-10 08:00:00+00:00
2026-06-10 08:00:00FR23230_O3_A,FR23230,8,44132,65.0,2026-06-10 08:00:00+00:00
2026-06-10 08:00:00FR23238_PM10_A,FR23238,24,44143,12.0,2026-06-10 08:00:00+00:00
2026-06-10 08:00:00FR23238_PM2.5_1,FR23238,39,44143,0.6,2026-06-10 08:00:00+00:00
2026-06-10 08:00:00FR23239_NO2_A,FR23239,3,44020,6.1,2026-06-10 08:00:00+00:00
2026-06-10 08:00:00FR23239_PM10_1,FR23239,24,44020,12.0,2026-06-10 08:00:00+00:00
2026-06-10 08:00:00FR23239_PM2.5_6,FR23239,39,44020,3.6,2026-06-10 08:00:00+00:00
2026-06-10 08:00:00FR23242_NO2_1,FR23242,3,49007,21.0,2026-06-10 08:00:00+00:00
2026-06-10 08:00:00FR23242_PM2.5_1,FR23242,39,49007,3.3,2026-06-10 08:00:00+00:00
2026-06-10 08:00:00FR23249_NO2_A,FR23249,3,44103,2.8,2026-06-10 08:00:00+00:00
2026-06-10 08:00:00FR23249_PM10_1,FR23249,24,44103,6.0,2026-06-10 08:00:00+00:00
2026-06-10 08:00:00FR23249_PM2.5_1,FR23249,39,44103,2.8,2026-06-10 08:00:00+00:00
2026-06-10 08:00:00FR23249_SO2_A,FR23249,1,44103,0.0,2026-06-10 08:00:00+00:00
2026-06-10 08:00:00FR23251_NO2_1,FR23251,3,44109,20.0,2026-06-10 08:00:00+00:00
2026-06-10 08:00:00FR23251_PM2.5_1,FR23251,39,44109,6.9,2026-06-10 08:00:00+00:00
2026-06-10 08:00:00FR23252_NO2_1,FR23252,3,53130,25.0,2026-06-10 08:00:00+00:00
2026-06-10 08:00:00FR23252_PM2.5_1,FR23252,39,53130,4.0,2026-06-10 08:00:00+00:00
2026-06-10 08:00:00FR23259_PM10_1,FR23259,24,44109,12.0,2026-06-10 08:00:00+00:00
2026-06-10 08:00:00FR23259_PM2.5_1,FR23259,39,44109,3.6,2026-06-10 08:00:00+00:00
2026-06-10 07:00:00FR23001_SO2_A,FR23001,1,44052,0.23,2026-06-10 07:00:00+00:00
2026-06-10 07:00:00FR23003_NO2_A,FR23003,3,44052,6.8,2026-06-10 07:00:00+00:00
2026-06-10 07:00:00FR23003_PM10_1,FR23003,24,44052,6.7,2026-06-10 07:00:00+00:00
2026-06-10 07:00:00FR23003_PM2.5_1,FR23003,39,44052,2.7,2026-06-10 07:00:00+00:00
2026-06-10 07:00:00FR23003_SO2_A,FR23003,1,44052,0.075,2026-06-10 07:00:00+00:00
2026-06-10 07:00:00FR23068_NO2_A,FR23068,3,44061,3.4,2026-06-10 07:00:00+00:00
2026-06-10 07:00:00FR23068_PM10_4,FR23068,24,44061,6.0,2026-06-10 07:00:00+00:00
2026-06-10 07:00:00FR23068_PM2.5_1,FR23068,39,44061,2.9,2026-06-10 07:00:00+00:00
2026-06-10 07:00:00FR23068_SO2_A,FR23068,1,44061,0.1,2026-06-10 07:00:00+00:00
2026-06-10 07:00:00FR23069_SO2_A,FR23069,1,44195,0.0,2026-06-10 07:00:00+00:00
2026-06-10 07:00:00FR23070_NO2_A,FR23070,3,44158,2.7,2026-06-10 07:00:00+00:00
2026-06-10 07:00:00FR23070_PM10_3,FR23070,24,44158,6.1,2026-06-10 07:00:00+00:00
2026-06-10 07:00:00FR23070_PM2.5_1,FR23070,39,44158,3.2,2026-06-10 07:00:00+00:00
2026-06-10 07:00:00FR23070_SO2_A,FR23070,1,44158,0.0,2026-06-10 07:00:00+00:00
2026-06-10 07:00:00FR23075_NO2_A,FR23075,3,44210,6.0,2026-06-10 07:00:00+00:00
2026-06-10 07:00:00FR23078_NO2_A,FR23078,3,49099,5.1,2026-06-10 07:00:00+00:00
2026-06-10 07:00:00FR23078_O3_A,FR23078,8,49099,57.0,2026-06-10 07:00:00+00:00
2026-06-10 07:00:00FR23078_PM10_2,FR23078,24,49099,13.0,2026-06-10 07:00:00+00:00
2026-06-10 07:00:00FR23078_PM2.5_2,FR23078,39,49099,0.3,2026-06-10 07:00:00+00:00
2026-06-10 07:00:00FR23110_NO2_A,FR23110,3,44184,6.5,2026-06-10 07:00:00+00:00
2026-06-10 07:00:00FR23110_O3_A,FR23110,8,44184,52.0,2026-06-10 07:00:00+00:00
2026-06-10 07:00:00FR23110_PM10_3,FR23110,24,44184,6.0,2026-06-10 07:00:00+00:00
2026-06-10 07:00:00FR23110_PM2.5_3,FR23110,39,44184,2.9,2026-06-10 07:00:00+00:00
2026-06-10 07:00:00FR23120_NO2_A,FR23120,3,49007,14.0,2026-06-10 07:00:00+00:00
2026-06-10 07:00:00FR23120_PM10_4,FR23120,24,49007,20.0,2026-06-10 07:00:00+00:00
2026-06-10 07:00:00FR23120_PM2.5_2,FR23120,39,49007,6.7,2026-06-10 07:00:00+00:00
2026-06-10 07:00:00FR23123_NO2_A,FR23123,3,53130,5.7,2026-06-10 07:00:00+00:00
2026-06-10 07:00:00FR23123_O3_A,FR23123,8,53130,40.0,2026-06-10 07:00:00+00:00
2026-06-10 07:00:00FR23123_PM10_3,FR23123,24,53130,11.0,2026-06-10 07:00:00+00:00
2026-06-10 07:00:00FR23123_PM2.5_3,FR23123,39,53130,5.1,2026-06-10 07:00:00+00:00
2026-06-10 07:00:00FR23124_NO2_A,FR23124,3,85289,3.5,2026-06-10 07:00:00+00:00
2026-06-10 07:00:00FR23124_O3_A,FR23124,8,85289,40.0,2026-06-10 07:00:00+00:00
2026-06-10 07:00:00FR23124_PM10_4,FR23124,24,85289,5.9,2026-06-10 07:00:00+00:00
2026-06-10 07:00:00FR23124_PM2.5_2,FR23124,39,85289,3.0,2026-06-10 07:00:00+00:00
2026-06-10 07:00:00FR23149_SO2_A,FR23149,1,44116,0.0,2026-06-10 07:00:00+00:00
2026-06-10 07:00:00FR23150_NO2_A,FR23150,3,49007,3.7,2026-06-10 07:00:00+00:00
2026-06-10 07:00:00FR23150_O3_A,FR23150,8,49007,56.0,2026-06-10 07:00:00+00:00
2026-06-10 07:00:00FR23152_NO2_A,FR23152,3,85191,9.1,2026-06-10 07:00:00+00:00
2026-06-10 07:00:00FR23152_O3_A,FR23152,8,85191,44.0,2026-06-10 07:00:00+00:00
2026-06-10 07:00:00FR23152_PM10_4,FR23152,24,85191,5.5,2026-06-10 07:00:00+00:00
2026-06-10 07:00:00FR23152_PM2.5_2,FR23152,39,85191,2.4,2026-06-10 07:00:00+00:00
2026-06-10 07:00:00FR23157_O3_A,FR23157,8,44018,49.0,2026-06-10 07:00:00+00:00
2026-06-10 07:00:00FR23163_O3_A,FR23163,8,72344,43.0,2026-06-10 07:00:00+00:00
2026-06-10 07:00:00FR23174_NO2_A,FR23174,3,72181,5.6,2026-06-10 07:00:00+00:00
2026-06-10 07:00:00FR23174_PM10_2,FR23174,24,72181,12.0,2026-06-10 07:00:00+00:00
2026-06-10 07:00:00FR23174_PM2.5_1,FR23174,39,72181,4.8,2026-06-10 07:00:00+00:00
2026-06-10 07:00:00FR23175_O3_A,FR23175,8,49035,57.0,2026-06-10 07:00:00+00:00
2026-06-10 07:00:00FR23177_NO2_1,FR23177,3,53210,2.6,2026-06-10 07:00:00+00:00
2026-06-10 07:00:00FR23177_O3_A,FR23177,8,53210,42.0,2026-06-10 07:00:00+00:00
2026-06-10 07:00:00FR23177_PM10_4,FR23177,24,53210,7.2,2026-06-10 07:00:00+00:00
2026-06-10 07:00:00FR23177_PM2.5_2,FR23177,39,53210,3.7,2026-06-10 07:00:00+00:00
2026-06-10 07:00:00FR23178_NO2_1,FR23178,3,44052,7.0,2026-06-10 07:00:00+00:00
2026-06-10 07:00:00FR23178_PM10_3,FR23178,24,44052,13.0,2026-06-10 07:00:00+00:00
2026-06-10 07:00:00FR23178_PM2.5_2,FR23178,39,44052,4.2,2026-06-10 07:00:00+00:00
2026-06-10 07:00:00FR23178_SO2_A,FR23178,1,44052,0.0,2026-06-10 07:00:00+00:00
2026-06-10 07:00:00FR23181_NO2_1,FR23181,3,44184,7.8,2026-06-10 07:00:00+00:00
2026-06-10 07:00:00FR23181_SO2_1,FR23181,1,44184,0.53,2026-06-10 07:00:00+00:00
2026-06-10 07:00:00FR23182_NO2_A,FR23182,3,72181,4.5,2026-06-10 07:00:00+00:00
2026-06-10 07:00:00FR23182_O3_A,FR23182,8,72181,54.0,2026-06-10 07:00:00+00:00
2026-06-10 07:00:00FR23182_PM10_3,FR23182,24,72181,11.0,2026-06-10 07:00:00+00:00
2026-06-10 07:00:00FR23182_PM2.5_2,FR23182,39,72181,4.7,2026-06-10 07:00:00+00:00
2026-06-10 07:00:00FR23188_NO2_A,FR23188,3,44109,6.8,2026-06-10 07:00:00+00:00
2026-06-10 07:00:00FR23188_O3_A,FR23188,8,44109,63.0,2026-06-10 07:00:00+00:00
2026-06-10 07:00:00FR23188_PM10_4,FR23188,24,44109,12.0,2026-06-10 07:00:00+00:00
2026-06-10 07:00:00FR23188_PM2.5_2,FR23188,39,44109,5.0,2026-06-10 07:00:00+00:00
2026-06-10 07:00:00FR23230_O3_A,FR23230,8,44132,57.0,2026-06-10 07:00:00+00:00
2026-06-10 07:00:00FR23238_PM10_A,FR23238,24,44143,18.0,2026-06-10 07:00:00+00:00
2026-06-10 07:00:00FR23238_PM2.5_1,FR23238,39,44143,4.6,2026-06-10 07:00:00+00:00
2026-06-10 07:00:00FR23239_NO2_A,FR23239,3,44020,15.0,2026-06-10 07:00:00+00:00
2026-06-10 07:00:00FR23239_PM10_1,FR23239,24,44020,19.0,2026-06-10 07:00:00+00:00
2026-06-10 07:00:00FR23239_PM2.5_6,FR23239,39,44020,5.4,2026-06-10 07:00:00+00:00
2026-06-10 07:00:00FR23242_NO2_1,FR23242,3,49007,27.0,2026-06-10 07:00:00+00:00
2026-06-10 07:00:00FR23242_PM10_1,FR23242,24,49007,22.0,2026-06-10 07:00:00+00:00
2026-06-10 07:00:00FR23242_PM2.5_1,FR23242,39,49007,5.8,2026-06-10 07:00:00+00:00
2026-06-10 07:00:00FR23249_NO2_A,FR23249,3,44103,8.1,2026-06-10 07:00:00+00:00
2026-06-10 07:00:00FR23249_PM10_1,FR23249,24,44103,4.6,2026-06-10 07:00:00+00:00
2026-06-10 07:00:00FR23249_PM2.5_1,FR23249,39,44103,2.5,2026-06-10 07:00:00+00:00
2026-06-10 07:00:00FR23249_SO2_A,FR23249,1,44103,0.0,2026-06-10 07:00:00+00:00
2026-06-10 07:00:00FR23251_NO2_1,FR23251,3,44109,36.0,2026-06-10 07:00:00+00:00
2026-06-10 07:00:00FR23251_PM2.5_1,FR23251,39,44109,12.0,2026-06-10 07:00:00+00:00
2026-06-10 07:00:00FR23252_NO2_1,FR23252,3,53130,22.0,2026-06-10 07:00:00+00:00
2026-06-10 07:00:00FR23252_PM2.5_1,FR23252,39,53130,4.6,2026-06-10 07:00:00+00:00
2026-06-10 07:00:00FR23259_PM10_1,FR23259,24,44109,20.0,2026-06-10 07:00:00+00:00
2026-06-10 07:00:00FR23259_PM2.5_1,FR23259,39,44109,5.8,2026-06-10 07:00:00+00:00
2026-06-10 06:00:00FR23001_SO2_A,FR23001,1,44052,0.23,2026-06-10 06:00:00+00:00
2026-06-10 06:00:00FR23003_NO2_A,FR23003,3,44052,7.4,2026-06-10 06:00:00+00:00
2026-06-10 06:00:00FR23003_PM10_1,FR23003,24,44052,5.3,2026-06-10 06:00:00+00:00
2026-06-10 06:00:00FR23003_PM2.5_1,FR23003,39,44052,2.8,2026-06-10 06:00:00+00:00
2026-06-10 06:00:00FR23003_SO2_A,FR23003,1,44052,0.075,2026-06-10 06:00:00+00:00
2026-06-10 06:00:00FR23068_NO2_A,FR23068,3,44061,6.5,2026-06-10 06:00:00+00:00
2026-06-10 06:00:00FR23068_PM10_4,FR23068,24,44061,7.0,2026-06-10 06:00:00+00:00
2026-06-10 06:00:00FR23068_PM2.5_1,FR23068,39,44061,3.4,2026-06-10 06:00:00+00:00
2026-06-10 06:00:00FR23068_SO2_A,FR23068,1,44061,0.13,2026-06-10 06:00:00+00:00
2026-06-10 06:00:00FR23069_SO2_A,FR23069,1,44195,0.0,2026-06-10 06:00:00+00:00
2026-06-10 06:00:00FR23070_NO2_A,FR23070,3,44158,4.6,2026-06-10 06:00:00+00:00
2026-06-10 06:00:00FR23070_PM10_3,FR23070,24,44158,6.9,2026-06-10 06:00:00+00:00
2026-06-10 06:00:00FR23070_PM2.5_1,FR23070,39,44158,3.6,2026-06-10 06:00:00+00:00
2026-06-10 06:00:00FR23070_SO2_A,FR23070,1,44158,0.0,2026-06-10 06:00:00+00:00
2026-06-10 06:00:00FR23075_NO2_A,FR23075,3,44210,11.0,2026-06-10 06:00:00+00:00
2026-06-10 06:00:00FR23078_NO2_A,FR23078,3,49099,8.3,2026-06-10 06:00:00+00:00
2026-06-10 06:00:00FR23078_O3_A,FR23078,8,49099,37.0,2026-06-10 06:00:00+00:00
2026-06-10 06:00:00FR23078_PM10_2,FR23078,24,49099,8.0,2026-06-10 06:00:00+00:00
2026-06-10 06:00:00FR23078_PM2.5_2,FR23078,39,49099,0.0,2026-06-10 06:00:00+00:00
2026-06-10 06:00:00FR23110_NO2_A,FR23110,3,44184,6.3,2026-06-10 06:00:00+00:00
2026-06-10 06:00:00FR23110_O3_A,FR23110,8,44184,49.0,2026-06-10 06:00:00+00:00
2026-06-10 06:00:00FR23110_PM10_3,FR23110,24,44184,5.1,2026-06-10 06:00:00+00:00
2026-06-10 06:00:00FR23110_PM2.5_3,FR23110,39,44184,2.9,2026-06-10 06:00:00+00:00
2026-06-10 06:00:00FR23120_NO2_A,FR23120,3,49007,15.0,2026-06-10 06:00:00+00:00
2026-06-10 06:00:00FR23120_PM10_4,FR23120,24,49007,11.0,2026-06-10 06:00:00+00:00
2026-06-10 06:00:00FR23120_PM2.5_2,FR23120,39,49007,5.1,2026-06-10 06:00:00+00:00
2026-06-10 06:00:00FR23123_NO2_A,FR23123,3,53130,4.5,2026-06-10 06:00:00+00:00
2026-06-10 06:00:00FR23123_O3_A,FR23123,8,53130,34.0,2026-06-10 06:00:00+00:00
2026-06-10 06:00:00FR23123_PM10_3,FR23123,24,53130,11.0,2026-06-10 06:00:00+00:00
2026-06-10 06:00:00FR23123_PM2.5_3,FR23123,39,53130,4.8,2026-06-10 06:00:00+00:00
2026-06-10 06:00:00FR23124_NO2_A,FR23124,3,85289,4.0,2026-06-10 06:00:00+00:00
2026-06-10 06:00:00FR23124_O3_A,FR23124,8,85289,24.0,2026-06-10 06:00:00+00:00
2026-06-10 06:00:00FR23124_PM10_4,FR23124,24,85289,5.6,2026-06-10 06:00:00+00:00
2026-06-10 06:00:00FR23124_PM2.5_2,FR23124,39,85289,2.7,2026-06-10 06:00:00+00:00
2026-06-10 06:00:00FR23149_SO2_A,FR23149,1,44116,0.0,2026-06-10 06:00:00+00:00
2026-06-10 06:00:00FR23150_NO2_A,FR23150,3,49007,3.6,2026-06-10 06:00:00+00:00
2026-06-10 06:00:00FR23150_O3_A,FR23150,8,49007,47.0,2026-06-10 06:00:00+00:00
2026-06-10 06:00:00FR23152_NO2_A,FR23152,3,85191,11.0,2026-06-10 06:00:00+00:00
2026-06-10 06:00:00FR23152_O3_A,FR23152,8,85191,31.0,2026-06-10 06:00:00+00:00
2026-06-10 06:00:00FR23152_PM10_4,FR23152,24,85191,3.6,2026-06-10 06:00:00+00:00
2026-06-10 06:00:00FR23152_PM2.5_2,FR23152,39,85191,1.7,2026-06-10 06:00:00+00:00
2026-06-10 06:00:00FR23157_O3_A,FR23157,8,44018,28.0,2026-06-10 06:00:00+00:00
2026-06-10 06:00:00FR23163_O3_A,FR23163,8,72344,42.0,2026-06-10 06:00:00+00:00
2026-06-10 06:00:00FR23174_NO2_A,FR23174,3,72181,11.0,2026-06-10 06:00:00+00:00
2026-06-10 06:00:00FR23174_PM10_2,FR23174,24,72181,11.0,2026-06-10 06:00:00+00:00
2026-06-10 06:00:00FR23174_PM2.5_1,FR23174,39,72181,4.3,2026-06-10 06:00:00+00:00
2026-06-10 06:00:00FR23175_O3_A,FR23175,8,49035,46.0,2026-06-10 06:00:00+00:00
2026-06-10 06:00:00FR23177_NO2_1,FR23177,3,53210,3.9,2026-06-10 06:00:00+00:00
2026-06-10 06:00:00FR23177_O3_A,FR23177,8,53210,28.0,2026-06-10 06:00:00+00:00
2026-06-10 06:00:00FR23177_PM10_4,FR23177,24,53210,7.1,2026-06-10 06:00:00+00:00
2026-06-10 06:00:00FR23177_PM2.5_2,FR23177,39,53210,3.4,2026-06-10 06:00:00+00:00
2026-06-10 06:00:00FR23178_NO2_1,FR23178,3,44052,7.4,2026-06-10 06:00:00+00:00
2026-06-10 06:00:00FR23178_PM10_3,FR23178,24,44052,5.7,2026-06-10 06:00:00+00:00
2026-06-10 06:00:00FR23178_PM2.5_2,FR23178,39,44052,3.1,2026-06-10 06:00:00+00:00
2026-06-10 06:00:00FR23178_SO2_A,FR23178,1,44052,0.0,2026-06-10 06:00:00+00:00
2026-06-10 06:00:00FR23181_NO2_1,FR23181,3,44184,6.2,2026-06-10 06:00:00+00:00
2026-06-10 06:00:00FR23181_SO2_1,FR23181,1,44184,0.65,2026-06-10 06:00:00+00:00
2026-06-10 06:00:00FR23182_NO2_A,FR23182,3,72181,9.3,2026-06-10 06:00:00+00:00
2026-06-10 06:00:00FR23182_O3_A,FR23182,8,72181,43.0,2026-06-10 06:00:00+00:00
2026-06-10 06:00:00FR23182_PM10_3,FR23182,24,72181,10.0,2026-06-10 06:00:00+00:00
2026-06-10 06:00:00FR23182_PM2.5_2,FR23182,39,72181,4.4,2026-06-10 06:00:00+00:00
2026-06-10 06:00:00FR23188_NO2_A,FR23188,3,44109,6.6,2026-06-10 06:00:00+00:00
2026-06-10 06:00:00FR23188_O3_A,FR23188,8,44109,61.0,2026-06-10 06:00:00+00:00
2026-06-10 06:00:00FR23188_PM10_4,FR23188,24,44109,9.4,2026-06-10 06:00:00+00:00
2026-06-10 06:00:00FR23188_PM2.5_2,FR23188,39,44109,4.7,2026-06-10 06:00:00+00:00
2026-06-10 06:00:00FR23230_O3_A,FR23230,8,44132,52.0,2026-06-10 06:00:00+00:00
2026-06-10 06:00:00FR23238_PM10_A,FR23238,24,44143,14.0,2026-06-10 06:00:00+00:00
2026-06-10 06:00:00FR23238_PM2.5_1,FR23238,39,44143,4.5,2026-06-10 06:00:00+00:00
2026-06-10 06:00:00FR23239_NO2_A,FR23239,3,44020,28.0,2026-06-10 06:00:00+00:00
2026-06-10 06:00:00FR23239_PM10_1,FR23239,24,44020,12.0,2026-06-10 06:00:00+00:00
2026-06-10 06:00:00FR23239_PM2.5_6,FR23239,39,44020,4.8,2026-06-10 06:00:00+00:00
2026-06-10 06:00:00FR23242_NO2_1,FR23242,3,49007,35.0,2026-06-10 06:00:00+00:00
2026-06-10 06:00:00FR23242_PM10_1,FR23242,24,49007,22.0,2026-06-10 06:00:00+00:00
2026-06-10 06:00:00FR23242_PM2.5_1,FR23242,39,49007,9.4,2026-06-10 06:00:00+00:00
2026-06-10 06:00:00FR23249_NO2_A,FR23249,3,44103,5.8,2026-06-10 06:00:00+00:00
2026-06-10 06:00:00FR23249_PM10_1,FR23249,24,44103,4.1,2026-06-10 06:00:00+00:00
2026-06-10 06:00:00FR23249_PM2.5_1,FR23249,39,44103,2.3,2026-06-10 06:00:00+00:00
2026-06-10 06:00:00FR23249_SO2_A,FR23249,1,44103,0.0,2026-06-10 06:00:00+00:00
2026-06-10 06:00:00FR23251_NO2_1,FR23251,3,44109,37.0,2026-06-10 06:00:00+00:00
2026-06-10 06:00:00FR23251_PM2.5_1,FR23251,39,44109,8.7,2026-06-10 06:00:00+00:00
2026-06-10 06:00:00FR23252_NO2_1,FR23252,3,53130,22.0,2026-06-10 06:00:00+00:00
2026-06-10 06:00:00FR23252_PM2.5_1,FR23252,39,53130,4.8,2026-06-10 06:00:00+00:00
2026-06-10 06:00:00FR23259_PM10_1,FR23259,24,44109,17.0,2026-06-10 06:00:00+00:00
2026-06-10 06:00:00FR23259_PM2.5_1,FR23259,39,44109,5.4,2026-06-10 06:00:00+00:00
2026-06-10 05:00:00FR23001_SO2_A,FR23001,1,44052,0.3,2026-06-10 05:00:00+00:00
2026-06-10 05:00:00FR23003_NO2_A,FR23003,3,44052,9.7,2026-06-10 05:00:00+00:00
2026-06-10 05:00:00FR23003_PM10_1,FR23003,24,44052,6.6,2026-06-10 05:00:00+00:00
2026-06-10 05:00:00FR23003_PM2.5_1,FR23003,39,44052,3.2,2026-06-10 05:00:00+00:00
2026-06-10 05:00:00FR23003_SO2_A,FR23003,1,44052,0.1,2026-06-10 05:00:00+00:00
2026-06-10 05:00:00FR23068_NO2_A,FR23068,3,44061,5.7,2026-06-10 05:00:00+00:00
2026-06-10 05:00:00FR23068_PM10_4,FR23068,24,44061,7.1,2026-06-10 05:00:00+00:00
2026-06-10 05:00:00FR23068_PM2.5_1,FR23068,39,44061,3.8,2026-06-10 05:00:00+00:00
2026-06-10 05:00:00FR23068_SO2_A,FR23068,1,44061,0.13,2026-06-10 05:00:00+00:00
2026-06-10 05:00:00FR23069_SO2_A,FR23069,1,44195,0.0,2026-06-10 05:00:00+00:00
2026-06-10 05:00:00FR23070_NO2_A,FR23070,3,44158,3.2,2026-06-10 05:00:00+00:00
2026-06-10 05:00:00FR23070_PM10_3,FR23070,24,44158,6.7,2026-06-10 05:00:00+00:00
2026-06-10 05:00:00FR23070_PM2.5_1,FR23070,39,44158,3.7,2026-06-10 05:00:00+00:00
2026-06-10 05:00:00FR23070_SO2_A,FR23070,1,44158,0.0,2026-06-10 05:00:00+00:00
2026-06-10 05:00:00FR23075_NO2_A,FR23075,3,44210,12.0,2026-06-10 05:00:00+00:00
2026-06-10 05:00:00FR23078_NO2_A,FR23078,3,49099,7.4,2026-06-10 05:00:00+00:00
2026-06-10 05:00:00FR23078_O3_A,FR23078,8,49099,36.0,2026-06-10 05:00:00+00:00
2026-06-10 05:00:00FR23078_PM10_2,FR23078,24,49099,9.4,2026-06-10 05:00:00+00:00
2026-06-10 05:00:00FR23078_PM2.5_2,FR23078,39,49099,0.0,2026-06-10 05:00:00+00:00
2026-06-10 05:00:00FR23110_NO2_A,FR23110,3,44184,4.7,2026-06-10 05:00:00+00:00
2026-06-10 05:00:00FR23110_O3_A,FR23110,8,44184,56.0,2026-06-10 05:00:00+00:00
2026-06-10 05:00:00FR23110_PM10_3,FR23110,24,44184,7.1,2026-06-10 05:00:00+00:00
2026-06-10 05:00:00FR23110_PM2.5_3,FR23110,39,44184,3.6,2026-06-10 05:00:00+00:00
2026-06-10 05:00:00FR23120_NO2_A,FR23120,3,49007,7.2,2026-06-10 05:00:00+00:00
2026-06-10 05:00:00FR23120_PM10_4,FR23120,24,49007,8.7,2026-06-10 05:00:00+00:00
2026-06-10 05:00:00FR23120_PM2.5_2,FR23120,39,49007,4.3,2026-06-10 05:00:00+00:00
2026-06-10 05:00:00FR23123_NO2_A,FR23123,3,53130,3.2,2026-06-10 05:00:00+00:00
2026-06-10 05:00:00FR23123_O3_A,FR23123,8,53130,39.0,2026-06-10 05:00:00+00:00
2026-06-10 05:00:00FR23123_PM10_3,FR23123,24,53130,9.6,2026-06-10 05:00:00+00:00
2026-06-10 05:00:00FR23123_PM2.5_3,FR23123,39,53130,4.5,2026-06-10 05:00:00+00:00
2026-06-10 05:00:00FR23124_NO2_A,FR23124,3,85289,2.7,2026-06-10 05:00:00+00:00
2026-06-10 05:00:00FR23124_O3_A,FR23124,8,85289,29.0,2026-06-10 05:00:00+00:00
2026-06-10 05:00:00FR23124_PM10_4,FR23124,24,85289,5.5,2026-06-10 05:00:00+00:00
2026-06-10 05:00:00FR23124_PM2.5_2,FR23124,39,85289,2.6,2026-06-10 05:00:00+00:00
2026-06-10 05:00:00FR23149_SO2_A,FR23149,1,44116,0.0,2026-06-10 05:00:00+00:00
2026-06-10 05:00:00FR23150_NO2_A,FR23150,3,49007,2.8,2026-06-10 05:00:00+00:00
2026-06-10 05:00:00FR23150_O3_A,FR23150,8,49007,44.0,2026-06-10 05:00:00+00:00
2026-06-10 05:00:00FR23152_NO2_A,FR23152,3,85191,5.0,2026-06-10 05:00:00+00:00
2026-06-10 05:00:00FR23152_O3_A,FR23152,8,85191,36.0,2026-06-10 05:00:00+00:00
2026-06-10 05:00:00FR23152_PM10_4,FR23152,24,85191,2.8,2026-06-10 05:00:00+00:00
2026-06-10 05:00:00FR23152_PM2.5_2,FR23152,39,85191,1.4,2026-06-10 05:00:00+00:00
2026-06-10 05:00:00FR23157_O3_A,FR23157,8,44018,33.0,2026-06-10 05:00:00+00:00
2026-06-10 05:00:00FR23163_O3_A,FR23163,8,72344,35.0,2026-06-10 05:00:00+00:00
2026-06-10 05:00:00FR23174_NO2_A,FR23174,3,72181,7.6,2026-06-10 05:00:00+00:00
2026-06-10 05:00:00FR23174_PM10_2,FR23174,24,72181,10.0,2026-06-10 05:00:00+00:00
2026-06-10 05:00:00FR23174_PM2.5_1,FR23174,39,72181,4.2,2026-06-10 05:00:00+00:00
2026-06-10 05:00:00FR23175_O3_A,FR23175,8,49035,43.0,2026-06-10 05:00:00+00:00
2026-06-10 05:00:00FR23177_NO2_1,FR23177,3,53210,4.5,2026-06-10 05:00:00+00:00
2026-06-10 05:00:00FR23177_O3_A,FR23177,8,53210,23.0,2026-06-10 05:00:00+00:00
2026-06-10 05:00:00FR23177_PM10_4,FR23177,24,53210,9.2,2026-06-10 05:00:00+00:00
2026-06-10 05:00:00FR23177_PM2.5_2,FR23177,39,53210,3.7,2026-06-10 05:00:00+00:00
2026-06-10 05:00:00FR23178_NO2_1,FR23178,3,44052,10.0,2026-06-10 05:00:00+00:00
2026-06-10 05:00:00FR23178_PM10_3,FR23178,24,44052,8.3,2026-06-10 05:00:00+00:00
2026-06-10 05:00:00FR23178_PM2.5_2,FR23178,39,44052,3.9,2026-06-10 05:00:00+00:00
2026-06-10 05:00:00FR23178_SO2_A,FR23178,1,44052,0.0,2026-06-10 05:00:00+00:00
2026-06-10 05:00:00FR23181_NO2_1,FR23181,3,44184,4.0,2026-06-10 05:00:00+00:00
2026-06-10 05:00:00FR23181_SO2_1,FR23181,1,44184,0.78,2026-06-10 05:00:00+00:00
2026-06-10 05:00:00FR23182_NO2_A,FR23182,3,72181,5.4,2026-06-10 05:00:00+00:00
2026-06-10 05:00:00FR23182_O3_A,FR23182,8,72181,45.0,2026-06-10 05:00:00+00:00
2026-06-10 05:00:00FR23182_PM10_3,FR23182,24,72181,8.9,2026-06-10 05:00:00+00:00
2026-06-10 05:00:00FR23182_PM2.5_2,FR23182,39,72181,4.1,2026-06-10 05:00:00+00:00
2026-06-10 05:00:00FR23188_NO2_A,FR23188,3,44109,6.4,2026-06-10 05:00:00+00:00
2026-06-10 05:00:00FR23188_O3_A,FR23188,8,44109,60.0,2026-06-10 05:00:00+00:00
2026-06-10 05:00:00FR23188_PM10_4,FR23188,24,44109,8.7,2026-06-10 05:00:00+00:00
2026-06-10 05:00:00FR23188_PM2.5_2,FR23188,39,44109,4.3,2026-06-10 05:00:00+00:00
2026-06-10 05:00:00FR23230_O3_A,FR23230,8,44132,63.0,2026-06-10 05:00:00+00:00
2026-06-10 05:00:00FR23238_PM10_A,FR23238,24,44143,13.0,2026-06-10 05:00:00+00:00
2026-06-10 05:00:00FR23238_PM2.5_1,FR23238,39,44143,2.3,2026-06-10 05:00:00+00:00
2026-06-10 05:00:00FR23239_NO2_A,FR23239,3,44020,13.0,2026-06-10 05:00:00+00:00
2026-06-10 05:00:00FR23239_PM10_1,FR23239,24,44020,8.9,2026-06-10 05:00:00+00:00
2026-06-10 05:00:00FR23239_PM2.5_6,FR23239,39,44020,4.2,2026-06-10 05:00:00+00:00
2026-06-10 05:00:00FR23242_NO2_1,FR23242,3,49007,17.0,2026-06-10 05:00:00+00:00
2026-06-10 05:00:00FR23242_PM10_1,FR23242,24,49007,36.0,2026-06-10 05:00:00+00:00
2026-06-10 05:00:00FR23242_PM2.5_1,FR23242,39,49007,8.1,2026-06-10 05:00:00+00:00
2026-06-10 05:00:00FR23249_NO2_A,FR23249,3,44103,9.5,2026-06-10 05:00:00+00:00
2026-06-10 05:00:00FR23249_PM10_1,FR23249,24,44103,5.1,2026-06-10 05:00:00+00:00
2026-06-10 05:00:00FR23249_PM2.5_1,FR23249,39,44103,2.5,2026-06-10 05:00:00+00:00
2026-06-10 05:00:00FR23249_SO2_A,FR23249,1,44103,0.0,2026-06-10 05:00:00+00:00
2026-06-10 05:00:00FR23251_NO2_1,FR23251,3,44109,39.0,2026-06-10 05:00:00+00:00
2026-06-10 05:00:00FR23251_PM2.5_1,FR23251,39,44109,8.3,2026-06-10 05:00:00+00:00
2026-06-10 05:00:00FR23252_NO2_1,FR23252,3,53130,12.0,2026-06-10 05:00:00+00:00
2026-06-10 05:00:00FR23252_PM2.5_1,FR23252,39,53130,5.5,2026-06-10 05:00:00+00:00
2026-06-10 05:00:00FR23259_PM10_1,FR23259,24,44109,8.9,2026-06-10 05:00:00+00:00
2026-06-10 05:00:00FR23259_PM2.5_1,FR23259,39,44109,4.3,2026-06-10 05:00:00+00:00
2026-06-10 04:00:00FR23001_SO2_A,FR23001,1,44052,0.3,2026-06-10 04:00:00+00:00
2026-06-10 04:00:00FR23003_NO2_A,FR23003,3,44052,5.4,2026-06-10 04:00:00+00:00
2026-06-10 04:00:00FR23003_PM10_1,FR23003,24,44052,6.4,2026-06-10 04:00:00+00:00
2026-06-10 04:00:00FR23003_PM2.5_1,FR23003,39,44052,3.3,2026-06-10 04:00:00+00:00
2026-06-10 04:00:00FR23003_SO2_A,FR23003,1,44052,0.05,2026-06-10 04:00:00+00:00
2026-06-10 04:00:00FR23068_NO2_A,FR23068,3,44061,3.8,2026-06-10 04:00:00+00:00
2026-06-10 04:00:00FR23068_PM10_4,FR23068,24,44061,7.2,2026-06-10 04:00:00+00:00
2026-06-10 04:00:00FR23068_PM2.5_1,FR23068,39,44061,3.9,2026-06-10 04:00:00+00:00
2026-06-10 04:00:00FR23068_SO2_A,FR23068,1,44061,0.13,2026-06-10 04:00:00+00:00
2026-06-10 04:00:00FR23069_SO2_A,FR23069,1,44195,0.0,2026-06-10 04:00:00+00:00
2026-06-10 04:00:00FR23070_NO2_A,FR23070,3,44158,1.4,2026-06-10 04:00:00+00:00
2026-06-10 04:00:00FR23070_PM10_3,FR23070,24,44158,6.9,2026-06-10 04:00:00+00:00
2026-06-10 04:00:00FR23070_PM2.5_1,FR23070,39,44158,3.9,2026-06-10 04:00:00+00:00
2026-06-10 04:00:00FR23070_SO2_A,FR23070,1,44158,0.0,2026-06-10 04:00:00+00:00
2026-06-10 04:00:00FR23075_NO2_A,FR23075,3,44210,11.0,2026-06-10 04:00:00+00:00
2026-06-10 04:00:00FR23078_NO2_A,FR23078,3,49099,5.2,2026-06-10 04:00:00+00:00
2026-06-10 04:00:00FR23078_O3_A,FR23078,8,49099,41.0,2026-06-10 04:00:00+00:00
2026-06-10 04:00:00FR23078_PM10_2,FR23078,24,49099,7.8,2026-06-10 04:00:00+00:00
2026-06-10 04:00:00FR23078_PM2.5_2,FR23078,39,49099,1.5,2026-06-10 04:00:00+00:00
2026-06-10 04:00:00FR23110_NO2_A,FR23110,3,44184,2.2,2026-06-10 04:00:00+00:00
2026-06-10 04:00:00FR23110_O3_A,FR23110,8,44184,60.0,2026-06-10 04:00:00+00:00
2026-06-10 04:00:00FR23110_PM10_3,FR23110,24,44184,7.9,2026-06-10 04:00:00+00:00
2026-06-10 04:00:00FR23110_PM2.5_3,FR23110,39,44184,3.8,2026-06-10 04:00:00+00:00
2026-06-10 04:00:00FR23120_NO2_A,FR23120,3,49007,4.9,2026-06-10 04:00:00+00:00
2026-06-10 04:00:00FR23120_PM10_4,FR23120,24,49007,11.0,2026-06-10 04:00:00+00:00
2026-06-10 04:00:00FR23120_PM2.5_2,FR23120,39,49007,4.8,2026-06-10 04:00:00+00:00
2026-06-10 04:00:00FR23123_NO2_A,FR23123,3,53130,2.2,2026-06-10 04:00:00+00:00
2026-06-10 04:00:00FR23123_O3_A,FR23123,8,53130,41.0,2026-06-10 04:00:00+00:00
2026-06-10 04:00:00FR23123_PM10_3,FR23123,24,53130,11.0,2026-06-10 04:00:00+00:00
2026-06-10 04:00:00FR23123_PM2.5_3,FR23123,39,53130,4.7,2026-06-10 04:00:00+00:00
2026-06-10 04:00:00FR23124_NO2_A,FR23124,3,85289,2.9,2026-06-10 04:00:00+00:00
2026-06-10 04:00:00FR23124_O3_A,FR23124,8,85289,33.0,2026-06-10 04:00:00+00:00
2026-06-10 04:00:00FR23124_PM10_4,FR23124,24,85289,5.4,2026-06-10 04:00:00+00:00
2026-06-10 04:00:00FR23124_PM2.5_2,FR23124,39,85289,2.8,2026-06-10 04:00:00+00:00
2026-06-10 04:00:00FR23149_SO2_A,FR23149,1,44116,0.0,2026-06-10 04:00:00+00:00
2026-06-10 04:00:00FR23150_NO2_A,FR23150,3,49007,2.1,2026-06-10 04:00:00+00:00
2026-06-10 04:00:00FR23150_O3_A,FR23150,8,49007,50.0,2026-06-10 04:00:00+00:00
2026-06-10 04:00:00FR23152_NO2_A,FR23152,3,85191,1.8,2026-06-10 04:00:00+00:00
2026-06-10 04:00:00FR23152_O3_A,FR23152,8,85191,44.0,2026-06-10 04:00:00+00:00
2026-06-10 04:00:00FR23152_PM10_4,FR23152,24,85191,3.8,2026-06-10 04:00:00+00:00
2026-06-10 04:00:00FR23152_PM2.5_2,FR23152,39,85191,1.7,2026-06-10 04:00:00+00:00
2026-06-10 04:00:00FR23157_O3_A,FR23157,8,44018,37.0,2026-06-10 04:00:00+00:00
2026-06-10 04:00:00FR23163_O3_A,FR23163,8,72344,37.0,2026-06-10 04:00:00+00:00
2026-06-10 04:00:00FR23174_NO2_A,FR23174,3,72181,4.2,2026-06-10 04:00:00+00:00
2026-06-10 04:00:00FR23174_PM10_2,FR23174,24,72181,11.0,2026-06-10 04:00:00+00:00
2026-06-10 04:00:00FR23174_PM2.5_1,FR23174,39,72181,3.9,2026-06-10 04:00:00+00:00
2026-06-10 04:00:00FR23175_O3_A,FR23175,8,49035,44.0,2026-06-10 04:00:00+00:00
2026-06-10 04:00:00FR23177_NO2_1,FR23177,3,53210,4.0,2026-06-10 04:00:00+00:00
2026-06-10 04:00:00FR23177_O3_A,FR23177,8,53210,21.0,2026-06-10 04:00:00+00:00
2026-06-10 04:00:00FR23177_PM10_4,FR23177,24,53210,9.2,2026-06-10 04:00:00+00:00
2026-06-10 04:00:00FR23177_PM2.5_2,FR23177,39,53210,3.5,2026-06-10 04:00:00+00:00
2026-06-10 04:00:00FR23178_NO2_1,FR23178,3,44052,5.0,2026-06-10 04:00:00+00:00
2026-06-10 04:00:00FR23178_PM10_3,FR23178,24,44052,8.9,2026-06-10 04:00:00+00:00
2026-06-10 04:00:00FR23178_PM2.5_2,FR23178,39,44052,4.1,2026-06-10 04:00:00+00:00
2026-06-10 04:00:00FR23178_SO2_A,FR23178,1,44052,0.0,2026-06-10 04:00:00+00:00
2026-06-10 04:00:00FR23181_NO2_1,FR23181,3,44184,2.5,2026-06-10 04:00:00+00:00
2026-06-10 04:00:00FR23181_SO2_1,FR23181,1,44184,0.75,2026-06-10 04:00:00+00:00
2026-06-10 04:00:00FR23182_NO2_A,FR23182,3,72181,4.7,2026-06-10 04:00:00+00:00
2026-06-10 04:00:00FR23182_O3_A,FR23182,8,72181,50.0,2026-06-10 04:00:00+00:00
2026-06-10 04:00:00FR23182_PM10_3,FR23182,24,72181,9.9,2026-06-10 04:00:00+00:00
2026-06-10 04:00:00FR23182_PM2.5_2,FR23182,39,72181,4.1,2026-06-10 04:00:00+00:00
2026-06-10 04:00:00FR23188_NO2_A,FR23188,3,44109,3.1,2026-06-10 04:00:00+00:00
2026-06-10 04:00:00FR23188_O3_A,FR23188,8,44109,64.0,2026-06-10 04:00:00+00:00
2026-06-10 04:00:00FR23188_PM10_4,FR23188,24,44109,9.2,2026-06-10 04:00:00+00:00
2026-06-10 04:00:00FR23188_PM2.5_2,FR23188,39,44109,4.4,2026-06-10 04:00:00+00:00
2026-06-10 04:00:00FR23230_O3_A,FR23230,8,44132,65.0,2026-06-10 04:00:00+00:00
2026-06-10 04:00:00FR23238_PM10_A,FR23238,24,44143,13.0,2026-06-10 04:00:00+00:00
2026-06-10 04:00:00FR23238_PM2.5_1,FR23238,39,44143,2.8,2026-06-10 04:00:00+00:00
2026-06-10 04:00:00FR23239_NO2_A,FR23239,3,44020,4.7,2026-06-10 04:00:00+00:00
2026-06-10 04:00:00FR23239_PM10_1,FR23239,24,44020,9.1,2026-06-10 04:00:00+00:00
2026-06-10 04:00:00FR23239_PM2.5_6,FR23239,39,44020,4.4,2026-06-10 04:00:00+00:00
2026-06-10 04:00:00FR23242_NO2_1,FR23242,3,49007,9.9,2026-06-10 04:00:00+00:00
2026-06-10 04:00:00FR23242_PM10_1,FR23242,24,49007,14.0,2026-06-10 04:00:00+00:00
2026-06-10 04:00:00FR23242_PM2.5_1,FR23242,39,49007,4.9,2026-06-10 04:00:00+00:00
2026-06-10 04:00:00FR23249_NO2_A,FR23249,3,44103,6.9,2026-06-10 04:00:00+00:00
2026-06-10 04:00:00FR23249_PM10_1,FR23249,24,44103,6.9,2026-06-10 04:00:00+00:00
2026-06-10 04:00:00FR23249_PM2.5_1,FR23249,39,44103,3.5,2026-06-10 04:00:00+00:00
2026-06-10 04:00:00FR23249_SO2_A,FR23249,1,44103,0.0,2026-06-10 04:00:00+00:00
2026-06-10 04:00:00FR23251_NO2_1,FR23251,3,44109,15.0,2026-06-10 04:00:00+00:00
2026-06-10 04:00:00FR23251_PM2.5_1,FR23251,39,44109,7.2,2026-06-10 04:00:00+00:00
2026-06-10 04:00:00FR23252_NO2_1,FR23252,3,53130,5.8,2026-06-10 04:00:00+00:00
2026-06-10 04:00:00FR23252_PM2.5_1,FR23252,39,53130,4.4,2026-06-10 04:00:00+00:00
2026-06-10 04:00:00FR23259_PM10_1,FR23259,24,44109,9.5,2026-06-10 04:00:00+00:00
2026-06-10 04:00:00FR23259_PM2.5_1,FR23259,39,44109,4.4,2026-06-10 04:00:00+00:00
2026-06-10 03:00:00FR23001_SO2_A,FR23001,1,44052,0.2,2026-06-10 03:00:00+00:00
2026-06-10 03:00:00FR23003_NO2_A,FR23003,3,44052,3.1,2026-06-10 03:00:00+00:00
2026-06-10 03:00:00FR23003_PM10_1,FR23003,24,44052,7.3,2026-06-10 03:00:00+00:00
2026-06-10 03:00:00FR23003_PM2.5_1,FR23003,39,44052,3.6,2026-06-10 03:00:00+00:00
2026-06-10 03:00:00FR23003_SO2_A,FR23003,1,44052,0.05,2026-06-10 03:00:00+00:00
2026-06-10 03:00:00FR23068_NO2_A,FR23068,3,44061,2.4,2026-06-10 03:00:00+00:00
2026-06-10 03:00:00FR23068_PM10_4,FR23068,24,44061,7.9,2026-06-10 03:00:00+00:00
2026-06-10 03:00:00FR23068_PM2.5_1,FR23068,39,44061,4.1,2026-06-10 03:00:00+00:00
2026-06-10 03:00:00FR23068_SO2_A,FR23068,1,44061,0.1,2026-06-10 03:00:00+00:00
2026-06-10 03:00:00FR23069_SO2_A,FR23069,1,44195,0.0,2026-06-10 03:00:00+00:00
2026-06-10 03:00:00FR23070_NO2_A,FR23070,3,44158,1.3,2026-06-10 03:00:00+00:00
2026-06-10 03:00:00FR23070_PM10_3,FR23070,24,44158,7.5,2026-06-10 03:00:00+00:00
2026-06-10 03:00:00FR23070_PM2.5_1,FR23070,39,44158,4.0,2026-06-10 03:00:00+00:00
2026-06-10 03:00:00FR23070_SO2_A,FR23070,1,44158,0.0,2026-06-10 03:00:00+00:00
2026-06-10 03:00:00FR23075_NO2_A,FR23075,3,44210,4.3,2026-06-10 03:00:00+00:00
2026-06-10 03:00:00FR23078_NO2_A,FR23078,3,49099,3.9,2026-06-10 03:00:00+00:00
2026-06-10 03:00:00FR23078_O3_A,FR23078,8,49099,46.0,2026-06-10 03:00:00+00:00
2026-06-10 03:00:00FR23078_PM10_2,FR23078,24,49099,7.7,2026-06-10 03:00:00+00:00
2026-06-10 03:00:00FR23078_PM2.5_2,FR23078,39,49099,3.6,2026-06-10 03:00:00+00:00
2026-06-10 03:00:00FR23110_NO2_A,FR23110,3,44184,1.3,2026-06-10 03:00:00+00:00
2026-06-10 03:00:00FR23110_O3_A,FR23110,8,44184,63.0,2026-06-10 03:00:00+00:00
2026-06-10 03:00:00FR23110_PM10_3,FR23110,24,44184,9.9,2026-06-10 03:00:00+00:00
2026-06-10 03:00:00FR23110_PM2.5_3,FR23110,39,44184,4.6,2026-06-10 03:00:00+00:00
2026-06-10 03:00:00FR23120_NO2_A,FR23120,3,49007,3.0,2026-06-10 03:00:00+00:00
2026-06-10 03:00:00FR23120_PM10_4,FR23120,24,49007,7.1,2026-06-10 03:00:00+00:00
2026-06-10 03:00:00FR23120_PM2.5_2,FR23120,39,49007,3.7,2026-06-10 03:00:00+00:00
2026-06-10 03:00:00FR23123_NO2_A,FR23123,3,53130,0.6,2026-06-10 03:00:00+00:00
2026-06-10 03:00:00FR23123_O3_A,FR23123,8,53130,44.0,2026-06-10 03:00:00+00:00
2026-06-10 03:00:00FR23123_PM10_3,FR23123,24,53130,11.0,2026-06-10 03:00:00+00:00
2026-06-10 03:00:00FR23123_PM2.5_3,FR23123,39,53130,4.8,2026-06-10 03:00:00+00:00
2026-06-10 03:00:00FR23124_NO2_A,FR23124,3,85289,2.6,2026-06-10 03:00:00+00:00
2026-06-10 03:00:00FR23124_O3_A,FR23124,8,85289,31.0,2026-06-10 03:00:00+00:00
2026-06-10 03:00:00FR23124_PM10_4,FR23124,24,85289,5.5,2026-06-10 03:00:00+00:00
2026-06-10 03:00:00FR23124_PM2.5_2,FR23124,39,85289,2.6,2026-06-10 03:00:00+00:00
2026-06-10 03:00:00FR23149_SO2_A,FR23149,1,44116,0.0,2026-06-10 03:00:00+00:00
2026-06-10 03:00:00FR23150_NO2_A,FR23150,3,49007,1.8,2026-06-10 03:00:00+00:00
2026-06-10 03:00:00FR23150_O3_A,FR23150,8,49007,52.0,2026-06-10 03:00:00+00:00
2026-06-10 03:00:00FR23152_NO2_A,FR23152,3,85191,2.0,2026-06-10 03:00:00+00:00
2026-06-10 03:00:00FR23152_O3_A,FR23152,8,85191,51.0,2026-06-10 03:00:00+00:00
2026-06-10 03:00:00FR23152_PM10_4,FR23152,24,85191,5.5,2026-06-10 03:00:00+00:00
2026-06-10 03:00:00FR23152_PM2.5_2,FR23152,39,85191,2.7,2026-06-10 03:00:00+00:00
2026-06-10 03:00:00FR23157_O3_A,FR23157,8,44018,51.0,2026-06-10 03:00:00+00:00
2026-06-10 03:00:00FR23163_O3_A,FR23163,8,72344,27.0,2026-06-10 03:00:00+00:00
2026-06-10 03:00:00FR23174_NO2_A,FR23174,3,72181,3.7,2026-06-10 03:00:00+00:00
2026-06-10 03:00:00FR23174_PM10_2,FR23174,24,72181,9.9,2026-06-10 03:00:00+00:00
2026-06-10 03:00:00FR23174_PM2.5_1,FR23174,39,72181,3.6,2026-06-10 03:00:00+00:00
2026-06-10 03:00:00FR23175_O3_A,FR23175,8,49035,47.0,2026-06-10 03:00:00+00:00
2026-06-10 03:00:00FR23177_NO2_1,FR23177,3,53210,3.6,2026-06-10 03:00:00+00:00
2026-06-10 03:00:00FR23177_O3_A,FR23177,8,53210,23.0,2026-06-10 03:00:00+00:00
2026-06-10 03:00:00FR23177_PM10_4,FR23177,24,53210,8.2,2026-06-10 03:00:00+00:00
2026-06-10 03:00:00FR23177_PM2.5_2,FR23177,39,53210,3.2,2026-06-10 03:00:00+00:00
2026-06-10 03:00:00FR23178_NO2_1,FR23178,3,44052,2.2,2026-06-10 03:00:00+00:00
2026-06-10 03:00:00FR23178_PM10_3,FR23178,24,44052,7.8,2026-06-10 03:00:00+00:00
2026-06-10 03:00:00FR23178_PM2.5_2,FR23178,39,44052,4.0,2026-06-10 03:00:00+00:00
2026-06-10 03:00:00FR23178_SO2_A,FR23178,1,44052,0.0,2026-06-10 03:00:00+00:00
2026-06-10 03:00:00FR23181_NO2_1,FR23181,3,44184,1.7,2026-06-10 03:00:00+00:00
2026-06-10 03:00:00FR23181_SO2_1,FR23181,1,44184,0.75,2026-06-10 03:00:00+00:00
2026-06-10 03:00:00FR23182_NO2_A,FR23182,3,72181,2.3,2026-06-10 03:00:00+00:00
2026-06-10 03:00:00FR23182_O3_A,FR23182,8,72181,41.0,2026-06-10 03:00:00+00:00
2026-06-10 03:00:00FR23182_PM10_3,FR23182,24,72181,9.5,2026-06-10 03:00:00+00:00
2026-06-10 03:00:00FR23182_PM2.5_2,FR23182,39,72181,3.4,2026-06-10 03:00:00+00:00
2026-06-10 03:00:00FR23188_NO2_A,FR23188,3,44109,2.1,2026-06-10 03:00:00+00:00
2026-06-10 03:00:00FR23188_O3_A,FR23188,8,44109,65.0,2026-06-10 03:00:00+00:00
2026-06-10 03:00:00FR23188_PM10_4,FR23188,24,44109,10.0,2026-06-10 03:00:00+00:00
2026-06-10 03:00:00FR23188_PM2.5_2,FR23188,39,44109,4.7,2026-06-10 03:00:00+00:00
2026-06-10 03:00:00FR23230_O3_A,FR23230,8,44132,66.0,2026-06-10 03:00:00+00:00
2026-06-10 03:00:00FR23238_PM10_A,FR23238,24,44143,15.0,2026-06-10 03:00:00+00:00
2026-06-10 03:00:00FR23238_PM2.5_1,FR23238,39,44143,4.0,2026-06-10 03:00:00+00:00
2026-06-10 03:00:00FR23239_NO2_A,FR23239,3,44020,3.4,2026-06-10 03:00:00+00:00
2026-06-10 03:00:00FR23239_PM10_1,FR23239,24,44020,8.8,2026-06-10 03:00:00+00:00
2026-06-10 03:00:00FR23239_PM2.5_6,FR23239,39,44020,4.4,2026-06-10 03:00:00+00:00
2026-06-10 03:00:00FR23242_NO2_1,FR23242,3,49007,4.6,2026-06-10 03:00:00+00:00
2026-06-10 03:00:00FR23242_PM10_1,FR23242,24,49007,12.0,2026-06-10 03:00:00+00:00
2026-06-10 03:00:00FR23242_PM2.5_1,FR23242,39,49007,2.4,2026-06-10 03:00:00+00:00
2026-06-10 03:00:00FR23249_NO2_A,FR23249,3,44103,3.6,2026-06-10 03:00:00+00:00
2026-06-10 03:00:00FR23249_PM10_1,FR23249,24,44103,6.8,2026-06-10 03:00:00+00:00
2026-06-10 03:00:00FR23249_PM2.5_1,FR23249,39,44103,3.6,2026-06-10 03:00:00+00:00
2026-06-10 03:00:00FR23249_SO2_A,FR23249,1,44103,0.0,2026-06-10 03:00:00+00:00
2026-06-10 03:00:00FR23251_NO2_1,FR23251,3,44109,8.4,2026-06-10 03:00:00+00:00
2026-06-10 03:00:00FR23251_PM2.5_1,FR23251,39,44109,5.4,2026-06-10 03:00:00+00:00
2026-06-10 03:00:00FR23252_NO2_1,FR23252,3,53130,3.5,2026-06-10 03:00:00+00:00
2026-06-10 03:00:00FR23252_PM2.5_1,FR23252,39,53130,3.5,2026-06-10 03:00:00+00:00
2026-06-10 03:00:00FR23259_PM10_1,FR23259,24,44109,9.9,2026-06-10 03:00:00+00:00
2026-06-10 03:00:00FR23259_PM2.5_1,FR23259,39,44109,4.6,2026-06-10 03:00:00+00:00
2026-06-10 02:00:00FR23001_SO2_A,FR23001,1,44052,0.28,2026-06-10 02:00:00+00:00
2026-06-10 02:00:00FR23003_NO2_A,FR23003,3,44052,0.93,2026-06-10 02:00:00+00:00
2026-06-10 02:00:00FR23003_PM10_1,FR23003,24,44052,8.0,2026-06-10 02:00:00+00:00
2026-06-10 02:00:00FR23003_PM2.5_1,FR23003,39,44052,3.9,2026-06-10 02:00:00+00:00
2026-06-10 02:00:00FR23003_SO2_A,FR23003,1,44052,0.025,2026-06-10 02:00:00+00:00
2026-06-10 02:00:00FR23068_NO2_A,FR23068,3,44061,1.6,2026-06-10 02:00:00+00:00
2026-06-10 02:00:00FR23068_PM10_4,FR23068,24,44061,9.2,2026-06-10 02:00:00+00:00
2026-06-10 02:00:00FR23068_PM2.5_1,FR23068,39,44061,4.4,2026-06-10 02:00:00+00:00
2026-06-10 02:00:00FR23068_SO2_A,FR23068,1,44061,0.13,2026-06-10 02:00:00+00:00
2026-06-10 02:00:00FR23069_SO2_A,FR23069,1,44195,0.0,2026-06-10 02:00:00+00:00
2026-06-10 02:00:00FR23070_NO2_A,FR23070,3,44158,1.2,2026-06-10 02:00:00+00:00
2026-06-10 02:00:00FR23070_PM10_3,FR23070,24,44158,7.4,2026-06-10 02:00:00+00:00
2026-06-10 02:00:00FR23070_PM2.5_1,FR23070,39,44158,3.9,2026-06-10 02:00:00+00:00
2026-06-10 02:00:00FR23070_SO2_A,FR23070,1,44158,0.0,2026-06-10 02:00:00+00:00
2026-06-10 02:00:00FR23075_NO2_A,FR23075,3,44210,1.7,2026-06-10 02:00:00+00:00
2026-06-10 02:00:00FR23078_NO2_A,FR23078,3,49099,3.0,2026-06-10 02:00:00+00:00
2026-06-10 02:00:00FR23078_O3_A,FR23078,8,49099,50.0,2026-06-10 02:00:00+00:00
2026-06-10 02:00:00FR23078_PM10_2,FR23078,24,49099,6.0,2026-06-10 02:00:00+00:00
2026-06-10 02:00:00FR23078_PM2.5_2,FR23078,39,49099,1.5,2026-06-10 02:00:00+00:00
2026-06-10 02:00:00FR23110_NO2_A,FR23110,3,44184,0.8,2026-06-10 02:00:00+00:00
2026-06-10 02:00:00FR23110_O3_A,FR23110,8,44184,65.0,2026-06-10 02:00:00+00:00
2026-06-10 02:00:00FR23110_PM10_3,FR23110,24,44184,10.0,2026-06-10 02:00:00+00:00
2026-06-10 02:00:00FR23110_PM2.5_3,FR23110,39,44184,4.9,2026-06-10 02:00:00+00:00
2026-06-10 02:00:00FR23120_NO2_A,FR23120,3,49007,2.3,2026-06-10 02:00:00+00:00
2026-06-10 02:00:00FR23120_PM10_4,FR23120,24,49007,7.0,2026-06-10 02:00:00+00:00
2026-06-10 02:00:00FR23120_PM2.5_2,FR23120,39,49007,3.5,2026-06-10 02:00:00+00:00
2026-06-10 02:00:00FR23123_NO2_A,FR23123,3,53130,0.0,2026-06-10 02:00:00+00:00
2026-06-10 02:00:00FR23123_O3_A,FR23123,8,53130,52.0,2026-06-10 02:00:00+00:00
2026-06-10 02:00:00FR23123_PM10_3,FR23123,24,53130,8.8,2026-06-10 02:00:00+00:00
2026-06-10 02:00:00FR23123_PM2.5_3,FR23123,39,53130,4.5,2026-06-10 02:00:00+00:00
2026-06-10 02:00:00FR23124_NO2_A,FR23124,3,85289,2.1,2026-06-10 02:00:00+00:00
2026-06-10 02:00:00FR23124_O3_A,FR23124,8,85289,40.0,2026-06-10 02:00:00+00:00
2026-06-10 02:00:00FR23124_PM10_4,FR23124,24,85289,6.2,2026-06-10 02:00:00+00:00
2026-06-10 02:00:00FR23124_PM2.5_2,FR23124,39,85289,2.8,2026-06-10 02:00:00+00:00
2026-06-10 02:00:00FR23149_SO2_A,FR23149,1,44116,0.0,2026-06-10 02:00:00+00:00
2026-06-10 02:00:00FR23150_NO2_A,FR23150,3,49007,1.5,2026-06-10 02:00:00+00:00
2026-06-10 02:00:00FR23150_O3_A,FR23150,8,49007,55.0,2026-06-10 02:00:00+00:00
2026-06-10 02:00:00FR23152_NO2_A,FR23152,3,85191,2.4,2026-06-10 02:00:00+00:00
2026-06-10 02:00:00FR23152_O3_A,FR23152,8,85191,46.0,2026-06-10 02:00:00+00:00
2026-06-10 02:00:00FR23152_PM10_4,FR23152,24,85191,6.5,2026-06-10 02:00:00+00:00
2026-06-10 02:00:00FR23152_PM2.5_2,FR23152,39,85191,3.0,2026-06-10 02:00:00+00:00
2026-06-10 02:00:00FR23157_O3_A,FR23157,8,44018,55.0,2026-06-10 02:00:00+00:00
2026-06-10 02:00:00FR23163_O3_A,FR23163,8,72344,23.0,2026-06-10 02:00:00+00:00
2026-06-10 02:00:00FR23174_NO2_A,FR23174,3,72181,3.2,2026-06-10 02:00:00+00:00
2026-06-10 02:00:00FR23174_PM10_2,FR23174,24,72181,8.7,2026-06-10 02:00:00+00:00
2026-06-10 02:00:00FR23174_PM2.5_1,FR23174,39,72181,2.9,2026-06-10 02:00:00+00:00
2026-06-10 02:00:00FR23175_O3_A,FR23175,8,49035,54.0,2026-06-10 02:00:00+00:00
2026-06-10 02:00:00FR23177_NO2_1,FR23177,3,53210,3.1,2026-06-10 02:00:00+00:00
2026-06-10 02:00:00FR23177_O3_A,FR23177,8,53210,25.0,2026-06-10 02:00:00+00:00
2026-06-10 02:00:00FR23177_PM10_4,FR23177,24,53210,8.7,2026-06-10 02:00:00+00:00
2026-06-10 02:00:00FR23177_PM2.5_2,FR23177,39,53210,3.0,2026-06-10 02:00:00+00:00
2026-06-10 02:00:00FR23178_NO2_1,FR23178,3,44052,1.7,2026-06-10 02:00:00+00:00
2026-06-10 02:00:00FR23178_PM10_3,FR23178,24,44052,8.9,2026-06-10 02:00:00+00:00
2026-06-10 02:00:00FR23178_PM2.5_2,FR23178,39,44052,4.5,2026-06-10 02:00:00+00:00
2026-06-10 02:00:00FR23178_SO2_A,FR23178,1,44052,0.0,2026-06-10 02:00:00+00:00
2026-06-10 02:00:00FR23181_NO2_1,FR23181,3,44184,1.0,2026-06-10 02:00:00+00:00
2026-06-10 02:00:00FR23181_SO2_1,FR23181,1,44184,0.68,2026-06-10 02:00:00+00:00
2026-06-10 02:00:00FR23182_NO2_A,FR23182,3,72181,1.7,2026-06-10 02:00:00+00:00
2026-06-10 02:00:00FR23182_O3_A,FR23182,8,72181,38.0,2026-06-10 02:00:00+00:00
2026-06-10 02:00:00FR23182_PM10_3,FR23182,24,72181,8.0,2026-06-10 02:00:00+00:00
2026-06-10 02:00:00FR23182_PM2.5_2,FR23182,39,72181,2.8,2026-06-10 02:00:00+00:00
2026-06-10 02:00:00FR23188_NO2_A,FR23188,3,44109,1.3,2026-06-10 02:00:00+00:00
2026-06-10 02:00:00FR23188_O3_A,FR23188,8,44109,67.0,2026-06-10 02:00:00+00:00
2026-06-10 02:00:00FR23188_PM10_4,FR23188,24,44109,8.8,2026-06-10 02:00:00+00:00
2026-06-10 02:00:00FR23188_PM2.5_2,FR23188,39,44109,4.4,2026-06-10 02:00:00+00:00
2026-06-10 02:00:00FR23230_O3_A,FR23230,8,44132,67.0,2026-06-10 02:00:00+00:00
2026-06-10 02:00:00FR23238_PM10_A,FR23238,24,44143,12.0,2026-06-10 02:00:00+00:00
2026-06-10 02:00:00FR23238_PM2.5_1,FR23238,39,44143,2.5,2026-06-10 02:00:00+00:00
2026-06-10 02:00:00FR23239_NO2_A,FR23239,3,44020,1.5,2026-06-10 02:00:00+00:00
2026-06-10 02:00:00FR23239_PM10_1,FR23239,24,44020,9.7,2026-06-10 02:00:00+00:00
2026-06-10 02:00:00FR23239_PM2.5_6,FR23239,39,44020,4.7,2026-06-10 02:00:00+00:00
2026-06-10 02:00:00FR23242_NO2_1,FR23242,3,49007,3.3,2026-06-10 02:00:00+00:00
2026-06-10 02:00:00FR23242_PM10_1,FR23242,24,49007,11.0,2026-06-10 02:00:00+00:00
2026-06-10 02:00:00FR23242_PM2.5_1,FR23242,39,49007,5.4,2026-06-10 02:00:00+00:00
2026-06-10 02:00:00FR23249_NO2_A,FR23249,3,44103,3.0,2026-06-10 02:00:00+00:00
2026-06-10 02:00:00FR23249_PM10_1,FR23249,24,44103,7.7,2026-06-10 02:00:00+00:00
2026-06-10 02:00:00FR23249_PM2.5_1,FR23249,39,44103,3.9,2026-06-10 02:00:00+00:00
2026-06-10 02:00:00FR23249_SO2_A,FR23249,1,44103,0.0,2026-06-10 02:00:00+00:00
2026-06-10 02:00:00FR23251_NO2_1,FR23251,3,44109,2.7,2026-06-10 02:00:00+00:00
2026-06-10 02:00:00FR23251_PM2.5_1,FR23251,39,44109,6.6,2026-06-10 02:00:00+00:00
2026-06-10 02:00:00FR23252_NO2_1,FR23252,3,53130,2.0,2026-06-10 02:00:00+00:00
2026-06-10 02:00:00FR23252_PM2.5_1,FR23252,39,53130,6.3,2026-06-10 02:00:00+00:00
2026-06-10 02:00:00FR23259_PM10_1,FR23259,24,44109,9.1,2026-06-10 02:00:00+00:00
2026-06-10 02:00:00FR23259_PM2.5_1,FR23259,39,44109,4.5,2026-06-10 02:00:00+00:00
2026-06-10 01:00:00FR23001_SO2_A,FR23001,1,44052,0.28,2026-06-10 01:00:00+00:00
2026-06-10 01:00:00FR23003_NO2_A,FR23003,3,44052,0.88,2026-06-10 01:00:00+00:00
2026-06-10 01:00:00FR23003_PM10_1,FR23003,24,44052,8.1,2026-06-10 01:00:00+00:00
2026-06-10 01:00:00FR23003_PM2.5_1,FR23003,39,44052,4.1,2026-06-10 01:00:00+00:00
2026-06-10 01:00:00FR23003_SO2_A,FR23003,1,44052,0.0,2026-06-10 01:00:00+00:00
2026-06-10 01:00:00FR23068_NO2_A,FR23068,3,44061,1.0,2026-06-10 01:00:00+00:00
2026-06-10 01:00:00FR23068_PM10_4,FR23068,24,44061,8.8,2026-06-10 01:00:00+00:00
2026-06-10 01:00:00FR23068_PM2.5_1,FR23068,39,44061,4.5,2026-06-10 01:00:00+00:00
2026-06-10 01:00:00FR23068_SO2_A,FR23068,1,44061,0.13,2026-06-10 01:00:00+00:00
2026-06-10 01:00:00FR23069_SO2_A,FR23069,1,44195,0.0,2026-06-10 01:00:00+00:00
2026-06-10 01:00:00FR23070_NO2_A,FR23070,3,44158,1.4,2026-06-10 01:00:00+00:00
2026-06-10 01:00:00FR23070_PM10_3,FR23070,24,44158,8.9,2026-06-10 01:00:00+00:00
2026-06-10 01:00:00FR23070_PM2.5_1,FR23070,39,44158,4.2,2026-06-10 01:00:00+00:00
2026-06-10 01:00:00FR23070_SO2_A,FR23070,1,44158,0.3,2026-06-10 01:00:00+00:00
2026-06-10 01:00:00FR23075_NO2_A,FR23075,3,44210,1.2,2026-06-10 01:00:00+00:00
2026-06-10 01:00:00FR23078_NO2_A,FR23078,3,49099,3.0,2026-06-10 01:00:00+00:00
2026-06-10 01:00:00FR23078_O3_A,FR23078,8,49099,52.0,2026-06-10 01:00:00+00:00
2026-06-10 01:00:00FR23078_PM10_2,FR23078,24,49099,8.3,2026-06-10 01:00:00+00:00
2026-06-10 01:00:00FR23078_PM2.5_2,FR23078,39,49099,0.0,2026-06-10 01:00:00+00:00
2026-06-10 01:00:00FR23110_NO2_A,FR23110,3,44184,0.93,2026-06-10 01:00:00+00:00
2026-06-10 01:00:00FR23110_O3_A,FR23110,8,44184,67.0,2026-06-10 01:00:00+00:00
2026-06-10 01:00:00FR23110_PM10_3,FR23110,24,44184,9.3,2026-06-10 01:00:00+00:00
2026-06-10 01:00:00FR23110_PM2.5_3,FR23110,39,44184,4.6,2026-06-10 01:00:00+00:00
2026-06-10 01:00:00FR23120_NO2_A,FR23120,3,49007,2.3,2026-06-10 01:00:00+00:00
2026-06-10 01:00:00FR23120_PM10_4,FR23120,24,49007,9.0,2026-06-10 01:00:00+00:00
2026-06-10 01:00:00FR23120_PM2.5_2,FR23120,39,49007,4.2,2026-06-10 01:00:00+00:00
2026-06-10 01:00:00FR23123_NO2_A,FR23123,3,53130,0.0,2026-06-10 01:00:00+00:00
2026-06-10 01:00:00FR23123_O3_A,FR23123,8,53130,60.0,2026-06-10 01:00:00+00:00
2026-06-10 01:00:00FR23123_PM10_3,FR23123,24,53130,9.4,2026-06-10 01:00:00+00:00
2026-06-10 01:00:00FR23123_PM2.5_3,FR23123,39,53130,4.4,2026-06-10 01:00:00+00:00
2026-06-10 01:00:00FR23124_NO2_A,FR23124,3,85289,2.1,2026-06-10 01:00:00+00:00
2026-06-10 01:00:00FR23124_O3_A,FR23124,8,85289,43.0,2026-06-10 01:00:00+00:00
2026-06-10 01:00:00FR23124_PM10_4,FR23124,24,85289,6.7,2026-06-10 01:00:00+00:00
2026-06-10 01:00:00FR23124_PM2.5_2,FR23124,39,85289,3.0,2026-06-10 01:00:00+00:00
2026-06-10 01:00:00FR23149_SO2_A,FR23149,1,44116,0.0,2026-06-10 01:00:00+00:00
2026-06-10 01:00:00FR23150_NO2_A,FR23150,3,49007,1.3,2026-06-10 01:00:00+00:00
2026-06-10 01:00:00FR23150_O3_A,FR23150,8,49007,57.0,2026-06-10 01:00:00+00:00
2026-06-10 01:00:00FR23152_NO2_A,FR23152,3,85191,1.7,2026-06-10 01:00:00+00:00
2026-06-10 01:00:00FR23152_O3_A,FR23152,8,85191,49.0,2026-06-10 01:00:00+00:00
2026-06-10 01:00:00FR23152_PM10_4,FR23152,24,85191,6.7,2026-06-10 01:00:00+00:00
2026-06-10 01:00:00FR23152_PM2.5_2,FR23152,39,85191,3.3,2026-06-10 01:00:00+00:00
2026-06-10 01:00:00FR23157_O3_A,FR23157,8,44018,51.0,2026-06-10 01:00:00+00:00
2026-06-10 01:00:00FR23163_O3_A,FR23163,8,72344,24.0,2026-06-10 01:00:00+00:00
2026-06-10 01:00:00FR23174_NO2_A,FR23174,3,72181,2.7,2026-06-10 01:00:00+00:00
2026-06-10 01:00:00FR23174_PM10_2,FR23174,24,72181,5.7,2026-06-10 01:00:00+00:00
2026-06-10 01:00:00FR23174_PM2.5_1,FR23174,39,72181,2.2,2026-06-10 01:00:00+00:00
2026-06-10 01:00:00FR23175_O3_A,FR23175,8,49035,57.0,2026-06-10 01:00:00+00:00
2026-06-10 01:00:00FR23177_NO2_1,FR23177,3,53210,2.6,2026-06-10 01:00:00+00:00
2026-06-10 01:00:00FR23177_O3_A,FR23177,8,53210,35.0,2026-06-10 01:00:00+00:00
2026-06-10 01:00:00FR23177_PM10_4,FR23177,24,53210,7.0,2026-06-10 01:00:00+00:00
2026-06-10 01:00:00FR23177_PM2.5_2,FR23177,39,53210,2.9,2026-06-10 01:00:00+00:00
2026-06-10 01:00:00FR23178_NO2_1,FR23178,3,44052,1.3,2026-06-10 01:00:00+00:00
2026-06-10 01:00:00FR23178_PM10_3,FR23178,24,44052,8.8,2026-06-10 01:00:00+00:00
2026-06-10 01:00:00FR23178_PM2.5_2,FR23178,39,44052,4.5,2026-06-10 01:00:00+00:00
2026-06-10 01:00:00FR23178_SO2_A,FR23178,1,44052,0.0,2026-06-10 01:00:00+00:00
2026-06-10 01:00:00FR23181_NO2_1,FR23181,3,44184,0.98,2026-06-10 01:00:00+00:00
2026-06-10 01:00:00FR23181_SO2_1,FR23181,1,44184,0.68,2026-06-10 01:00:00+00:00
2026-06-10 01:00:00FR23182_NO2_A,FR23182,3,72181,2.9,2026-06-10 01:00:00+00:00
2026-06-10 01:00:00FR23182_O3_A,FR23182,8,72181,39.0,2026-06-10 01:00:00+00:00
2026-06-10 01:00:00FR23182_PM10_3,FR23182,24,72181,5.2,2026-06-10 01:00:00+00:00
2026-06-10 01:00:00FR23182_PM2.5_2,FR23182,39,72181,2.3,2026-06-10 01:00:00+00:00
2026-06-10 01:00:00FR23188_NO2_A,FR23188,3,44109,2.1,2026-06-10 01:00:00+00:00
2026-06-10 01:00:00FR23188_O3_A,FR23188,8,44109,66.0,2026-06-10 01:00:00+00:00
2026-06-10 01:00:00FR23188_PM10_4,FR23188,24,44109,8.3,2026-06-10 01:00:00+00:00
2026-06-10 01:00:00FR23188_PM2.5_2,FR23188,39,44109,4.1,2026-06-10 01:00:00+00:00
2026-06-10 01:00:00FR23230_O3_A,FR23230,8,44132,68.0,2026-06-10 01:00:00+00:00
2026-06-10 01:00:00FR23238_PM10_A,FR23238,24,44143,11.0,2026-06-10 01:00:00+00:00
2026-06-10 01:00:00FR23238_PM2.5_1,FR23238,39,44143,2.6,2026-06-10 01:00:00+00:00
2026-06-10 01:00:00FR23239_NO2_A,FR23239,3,44020,1.5,2026-06-10 01:00:00+00:00
2026-06-10 01:00:00FR23239_PM10_1,FR23239,24,44020,7.7,2026-06-10 01:00:00+00:00
2026-06-10 01:00:00FR23239_PM2.5_6,FR23239,39,44020,3.8,2026-06-10 01:00:00+00:00
2026-06-10 01:00:00FR23242_NO2_1,FR23242,3,49007,5.3,2026-06-10 01:00:00+00:00
2026-06-10 01:00:00FR23242_PM10_1,FR23242,24,49007,13.0,2026-06-10 01:00:00+00:00
2026-06-10 01:00:00FR23242_PM2.5_1,FR23242,39,49007,9.3,2026-06-10 01:00:00+00:00
2026-06-10 01:00:00FR23249_NO2_A,FR23249,3,44103,1.6,2026-06-10 01:00:00+00:00
2026-06-10 01:00:00FR23249_PM10_1,FR23249,24,44103,8.2,2026-06-10 01:00:00+00:00
2026-06-10 01:00:00FR23249_PM2.5_1,FR23249,39,44103,4.1,2026-06-10 01:00:00+00:00
2026-06-10 01:00:00FR23249_SO2_A,FR23249,1,44103,0.0,2026-06-10 01:00:00+00:00
2026-06-10 01:00:00FR23251_NO2_1,FR23251,3,44109,1.8,2026-06-10 01:00:00+00:00
2026-06-10 01:00:00FR23251_PM2.5_1,FR23251,39,44109,8.6,2026-06-10 01:00:00+00:00
2026-06-10 01:00:00FR23252_NO2_1,FR23252,3,53130,1.7,2026-06-10 01:00:00+00:00
2026-06-10 01:00:00FR23252_PM2.5_1,FR23252,39,53130,6.9,2026-06-10 01:00:00+00:00
2026-06-10 01:00:00FR23259_PM10_1,FR23259,24,44109,8.2,2026-06-10 01:00:00+00:00
2026-06-10 01:00:00FR23259_PM2.5_1,FR23259,39,44109,4.2,2026-06-10 01:00:00+00:00
2026-06-10 00:00:00FR23001_SO2_A,FR23001,1,44052,0.28,2026-06-10 00:00:00+00:00
2026-06-10 00:00:00FR23003_NO2_A,FR23003,3,44052,0.78,2026-06-10 00:00:00+00:00
2026-06-10 00:00:00FR23003_PM10_1,FR23003,24,44052,8.5,2026-06-10 00:00:00+00:00
2026-06-10 00:00:00FR23003_PM2.5_1,FR23003,39,44052,4.1,2026-06-10 00:00:00+00:00
2026-06-10 00:00:00FR23003_SO2_A,FR23003,1,44052,0.0,2026-06-10 00:00:00+00:00
2026-06-10 00:00:00FR23068_NO2_A,FR23068,3,44061,0.9,2026-06-10 00:00:00+00:00
2026-06-10 00:00:00FR23068_PM10_4,FR23068,24,44061,9.0,2026-06-10 00:00:00+00:00
2026-06-10 00:00:00FR23068_PM2.5_1,FR23068,39,44061,4.5,2026-06-10 00:00:00+00:00
2026-06-10 00:00:00FR23068_SO2_A,FR23068,1,44061,0.075,2026-06-10 00:00:00+00:00
2026-06-10 00:00:00FR23069_SO2_A,FR23069,1,44195,0.0,2026-06-10 00:00:00+00:00
2026-06-10 00:00:00FR23070_NO2_A,FR23070,3,44158,1.7,2026-06-10 00:00:00+00:00
2026-06-10 00:00:00FR23070_PM10_3,FR23070,24,44158,9.2,2026-06-10 00:00:00+00:00
2026-06-10 00:00:00FR23070_PM2.5_1,FR23070,39,44158,4.1,2026-06-10 00:00:00+00:00
2026-06-10 00:00:00FR23070_SO2_A,FR23070,1,44158,0.38,2026-06-10 00:00:00+00:00
2026-06-10 00:00:00FR23075_NO2_A,FR23075,3,44210,1.4,2026-06-10 00:00:00+00:00
2026-06-10 00:00:00FR23078_NO2_A,FR23078,3,49099,3.0,2026-06-10 00:00:00+00:00
2026-06-10 00:00:00FR23078_O3_A,FR23078,8,49099,54.0,2026-06-10 00:00:00+00:00
2026-06-10 00:00:00FR23078_PM10_2,FR23078,24,49099,8.3,2026-06-10 00:00:00+00:00
2026-06-10 00:00:00FR23078_PM2.5_2,FR23078,39,49099,0.1,2026-06-10 00:00:00+00:00
2026-06-10 00:00:00FR23110_NO2_A,FR23110,3,44184,0.7,2026-06-10 00:00:00+00:00
2026-06-10 00:00:00FR23110_O3_A,FR23110,8,44184,69.0,2026-06-10 00:00:00+00:00
2026-06-10 00:00:00FR23110_PM10_3,FR23110,24,44184,10.0,2026-06-10 00:00:00+00:00
2026-06-10 00:00:00FR23110_PM2.5_3,FR23110,39,44184,4.7,2026-06-10 00:00:00+00:00
2026-06-10 00:00:00FR23120_NO2_A,FR23120,3,49007,2.2,2026-06-10 00:00:00+00:00
2026-06-10 00:00:00FR23120_PM10_4,FR23120,24,49007,7.1,2026-06-10 00:00:00+00:00
2026-06-10 00:00:00FR23120_PM2.5_2,FR23120,39,49007,3.5,2026-06-10 00:00:00+00:00
2026-06-10 00:00:00FR23123_NO2_A,FR23123,3,53130,0.0,2026-06-10 00:00:00+00:00
2026-06-10 00:00:00FR23123_O3_A,FR23123,8,53130,55.0,2026-06-10 00:00:00+00:00
2026-06-10 00:00:00FR23123_PM10_3,FR23123,24,53130,9.5,2026-06-10 00:00:00+00:00
2026-06-10 00:00:00FR23123_PM2.5_3,FR23123,39,53130,4.5,2026-06-10 00:00:00+00:00
2026-06-10 00:00:00FR23124_NO2_A,FR23124,3,85289,2.2,2026-06-10 00:00:00+00:00
2026-06-10 00:00:00FR23124_O3_A,FR23124,8,85289,44.0,2026-06-10 00:00:00+00:00
2026-06-10 00:00:00FR23124_PM10_4,FR23124,24,85289,6.0,2026-06-10 00:00:00+00:00
2026-06-10 00:00:00FR23124_PM2.5_2,FR23124,39,85289,3.0,2026-06-10 00:00:00+00:00
2026-06-10 00:00:00FR23149_SO2_A,FR23149,1,44116,0.0,2026-06-10 00:00:00+00:00
2026-06-10 00:00:00FR23150_NO2_A,FR23150,3,49007,1.4,2026-06-10 00:00:00+00:00
2026-06-10 00:00:00FR23150_O3_A,FR23150,8,49007,59.0,2026-06-10 00:00:00+00:00
2026-06-10 00:00:00FR23152_NO2_A,FR23152,3,85191,2.3,2026-06-10 00:00:00+00:00
2026-06-10 00:00:00FR23152_O3_A,FR23152,8,85191,51.0,2026-06-10 00:00:00+00:00
2026-06-10 00:00:00FR23152_PM10_4,FR23152,24,85191,6.6,2026-06-10 00:00:00+00:00
2026-06-10 00:00:00FR23152_PM2.5_2,FR23152,39,85191,3.3,2026-06-10 00:00:00+00:00
2026-06-10 00:00:00FR23157_O3_A,FR23157,8,44018,52.0,2026-06-10 00:00:00+00:00
2026-06-10 00:00:00FR23163_O3_A,FR23163,8,72344,28.0,2026-06-10 00:00:00+00:00
2026-06-10 00:00:00FR23174_NO2_A,FR23174,3,72181,3.8,2026-06-10 00:00:00+00:00
2026-06-10 00:00:00FR23174_PM10_2,FR23174,24,72181,5.7,2026-06-10 00:00:00+00:00
2026-06-10 00:00:00FR23174_PM2.5_1,FR23174,39,72181,2.7,2026-06-10 00:00:00+00:00
2026-06-10 00:00:00FR23175_O3_A,FR23175,8,49035,59.0,2026-06-10 00:00:00+00:00
2026-06-10 00:00:00FR23177_NO2_1,FR23177,3,53210,2.2,2026-06-10 00:00:00+00:00
2026-06-10 00:00:00FR23177_O3_A,FR23177,8,53210,43.0,2026-06-10 00:00:00+00:00
2026-06-10 00:00:00FR23177_PM10_4,FR23177,24,53210,6.0,2026-06-10 00:00:00+00:00
2026-06-10 00:00:00FR23177_PM2.5_2,FR23177,39,53210,2.7,2026-06-10 00:00:00+00:00
2026-06-10 00:00:00FR23178_NO2_1,FR23178,3,44052,1.1,2026-06-10 00:00:00+00:00
2026-06-10 00:00:00FR23178_PM10_3,FR23178,24,44052,9.1,2026-06-10 00:00:00+00:00
2026-06-10 00:00:00FR23178_PM2.5_2,FR23178,39,44052,4.4,2026-06-10 00:00:00+00:00
2026-06-10 00:00:00FR23178_SO2_A,FR23178,1,44052,0.0,2026-06-10 00:00:00+00:00
2026-06-10 00:00:00FR23181_NO2_1,FR23181,3,44184,0.98,2026-06-10 00:00:00+00:00
2026-06-10 00:00:00FR23181_SO2_1,FR23181,1,44184,0.7,2026-06-10 00:00:00+00:00
2026-06-10 00:00:00FR23182_NO2_A,FR23182,3,72181,5.0,2026-06-10 00:00:00+00:00
2026-06-10 00:00:00FR23182_O3_A,FR23182,8,72181,40.0,2026-06-10 00:00:00+00:00
2026-06-10 00:00:00FR23182_PM10_3,FR23182,24,72181,3.5,2026-06-10 00:00:00+00:00
2026-06-10 00:00:00FR23182_PM2.5_2,FR23182,39,72181,1.8,2026-06-10 00:00:00+00:00
2026-06-10 00:00:00FR23188_NO2_A,FR23188,3,44109,1.9,2026-06-10 00:00:00+00:00
2026-06-10 00:00:00FR23188_O3_A,FR23188,8,44109,67.0,2026-06-10 00:00:00+00:00
2026-06-10 00:00:00FR23188_PM10_4,FR23188,24,44109,7.8,2026-06-10 00:00:00+00:00
2026-06-10 00:00:00FR23188_PM2.5_2,FR23188,39,44109,3.8,2026-06-10 00:00:00+00:00
2026-06-10 00:00:00FR23230_O3_A,FR23230,8,44132,68.0,2026-06-10 00:00:00+00:00
2026-06-10 00:00:00FR23238_PM10_A,FR23238,24,44143,12.0,2026-06-10 00:00:00+00:00
2026-06-10 00:00:00FR23238_PM2.5_1,FR23238,39,44143,4.4,2026-06-10 00:00:00+00:00
2026-06-10 00:00:00FR23239_NO2_A,FR23239,3,44020,2.0,2026-06-10 00:00:00+00:00
2026-06-10 00:00:00FR23239_PM10_1,FR23239,24,44020,7.8,2026-06-10 00:00:00+00:00
2026-06-10 00:00:00FR23239_PM2.5_6,FR23239,39,44020,3.8,2026-06-10 00:00:00+00:00
2026-06-10 00:00:00FR23242_NO2_1,FR23242,3,49007,5.6,2026-06-10 00:00:00+00:00
2026-06-10 00:00:00FR23242_PM10_1,FR23242,24,49007,8.7,2026-06-10 00:00:00+00:00
2026-06-10 00:00:00FR23242_PM2.5_1,FR23242,39,49007,2.2,2026-06-10 00:00:00+00:00
2026-06-10 00:00:00FR23249_NO2_A,FR23249,3,44103,1.5,2026-06-10 00:00:00+00:00
2026-06-10 00:00:00FR23249_PM10_1,FR23249,24,44103,8.4,2026-06-10 00:00:00+00:00
2026-06-10 00:00:00FR23249_PM2.5_1,FR23249,39,44103,4.1,2026-06-10 00:00:00+00:00
2026-06-10 00:00:00FR23249_SO2_A,FR23249,1,44103,0.0,2026-06-10 00:00:00+00:00
2026-06-10 00:00:00FR23251_NO2_1,FR23251,3,44109,5.5,2026-06-10 00:00:00+00:00
2026-06-10 00:00:00FR23251_PM2.5_1,FR23251,39,44109,5.2,2026-06-10 00:00:00+00:00
2026-06-10 00:00:00FR23252_NO2_1,FR23252,3,53130,2.3,2026-06-10 00:00:00+00:00
2026-06-10 00:00:00FR23252_PM2.5_1,FR23252,39,53130,5.7,2026-06-10 00:00:00+00:00
2026-06-10 00:00:00FR23259_PM10_1,FR23259,24,44109,8.3,2026-06-10 00:00:00+00:00
2026-06-10 00:00:00FR23259_PM2.5_1,FR23259,39,44109,3.8,2026-06-10 00:00:00+00:00
