id,code_station,code_polluant,insee_com,valeur,date_mesure
2026-06-09 23:00:00FR23001_SO2_A,FR23001,1,44052,0.05,2026-06-09 23:00:00+00:00
2026-06-09 23:00:00FR23003_NO2_A,FR23003,3,44052,0.57,2026-06-09 23:00:00+00:00
2026-06-09 23:00:00FR23003_PM10_1,FR23003,24,44052,7.4,2026-06-09 23:00:00+00:00
2026-06-09 23:00:00FR23003_PM2.5_1,FR23003,39,44052,3.8,2026-06-09 23:00:00+00:00
2026-06-09 23:00:00FR23003_SO2_A,FR23003,1,44052,0.025,2026-06-09 23:00:00+00:00
2026-06-09 23:00:00FR23068_NO2_A,FR23068,3,44061,0.88,2026-06-09 23:00:00+00:00
2026-06-09 23:00:00FR23068_PM10_4,FR23068,24,44061,8.2,2026-06-09 23:00:00+00:00
2026-06-09 23:00:00FR23068_PM2.5_1,FR23068,39,44061,3.9,2026-06-09 23:00:00+00:00
2026-06-09 23:00:00FR23068_SO2_A,FR23068,1,44061,0.1,2026-06-09 23:00:00+00:00
2026-06-09 23:00:00FR23069_SO2_A,FR23069,1,44195,0.0,2026-06-09 23:00:00+00:00
2026-06-09 23:00:00FR23070_NO2_A,FR23070,3,44158,1.2,2026-06-09 23:00:00+00:00
2026-06-09 23:00:00FR23070_PM10_3,FR23070,24,44158,7.6,2026-06-09 23:00:00+00:00
2026-06-09 23:00:00FR23070_PM2.5_1,FR23070,39,44158,3.6,2026-06-09 23:00:00+00:00
2026-06-09 23:00:00FR23070_SO2_A,FR23070,1,44158,0.43,2026-06-09 23:00:00+00:00
2026-06-09 23:00:00FR23075_NO2_A,FR23075,3,44210,1.5,2026-06-09 23:00:00+00:00
2026-06-09 23:00:00FR23078_NO2_A,FR23078,3,49099,3.1,2026-06-09 23:00:00+00:00
2026-06-09 23:00:00FR23078_O3_A,FR23078,8,49099,56.0,2026-06-09 23:00:00+00:00
2026-06-09 23:00:00FR23078_PM10_2,FR23078,24,49099,7.2,2026-06-09 23:00:00+00:00
2026-06-09 23:00:00FR23078_PM2.5_2,FR23078,39,49099,0.3,2026-06-09 23:00:00+00:00
2026-06-09 23:00:00FR23110_NO2_A,FR23110,3,44184,0.63,2026-06-09 23:00:00+00:00
2026-06-09 23:00:00FR23110_O3_A,FR23110,8,44184,70.0,2026-06-09 23:00:00+00:00
2026-06-09 23:00:00FR23110_PM10_3,FR23110,24,44184,8.7,2026-06-09 23:00:00+00:00
2026-06-09 23:00:00FR23110_PM2.5_3,FR23110,39,44184,4.3,2026-06-09 23:00:00+00:00
2026-06-09 23:00:00FR23120_NO2_A,FR23120,3,49007,3.0,2026-06-09 23:00:00+00:00
2026-06-09 23:00:00FR23120_PM10_4,FR23120,24,49007,7.0,2026-06-09 23:00:00+00:00
2026-06-09 23:00:00FR23120_PM2.5_2,FR23120,39,49007,3.1,2026-06-09 23:00:00+00:00
2026-06-09 23:00:00FR23123_NO2_A,FR23123,3,53130,3.6,2026-06-09 23:00:00+00:00
2026-06-09 23:00:00FR23123_O3_A,FR23123,8,53130,40.0,2026-06-09 23:00:00+00:00
2026-06-09 23:00:00FR23123_PM10_3,FR23123,24,53130,7.9,2026-06-09 23:00:00+00:00
2026-06-09 23:00:00FR23123_PM2.5_3,FR23123,39,53130,4.0,2026-06-09 23:00:00+00:00
2026-06-09 23:00:00FR23124_NO2_A,FR23124,3,85289,2.0,2026-06-09 23:00:00+00:00
2026-06-09 23:00:00FR23124_O3_A,FR23124,8,85289,45.0,2026-06-09 23:00:00+00:00
2026-06-09 23:00:00FR23124_PM10_4,FR23124,24,85289,6.6,2026-06-09 23:00:00+00:00
2026-06-09 23:00:00FR23124_PM2.5_2,FR23124,39,85289,3.0,2026-06-09 23:00:00+00:00
2026-06-09 23:00:00FR23149_SO2_A,FR23149,1,44116,0.0,2026-06-09 23:00:00+00:00
2026-06-09 23:00:00FR23150_NO2_A,FR23150,3,49007,1.4,2026-06-09 23:00:00+00:00
2026-06-09 23:00:00FR23150_O3_A,FR23150,8,49007,59.0,2026-06-09 23:00:00+00:00
2026-06-09 23:00:00FR23152_NO2_A,FR23152,3,85191,2.4,2026-06-09 23:00:00+00:00
2026-06-09 23:00:00FR23152_O3_A,FR23152,8,85191,49.0,2026-06-09 23:00:00+00:00
2026-06-09 23:00:00FR23152_PM10_4,FR23152,24,85191,7.9,2026-06-09 23:00:00+00:00
2026-06-09 23:00:00FR23152_PM2.5_2,FR23152,39,85191,4.0,2026-06-09 23:00:00+00:00
2026-06-09 23:00:00FR23157_O3_A,FR23157,8,44018,53.0,2026-06-09 23:00:00+00:00
2026-06-09 23:00:00FR23163_O3_A,FR23163,8,72344,31.0,2026-06-09 23:00:00+00:00
2026-06-09 23:00:00FR23174_NO2_A,FR23174,3,72181,6.3,2026-06-09 23:00:00+00:00
2026-06-09 23:00:00FR23174_PM10_2,FR23174,24,72181,4.8,2026-06-09 23:00:00+00:00
2026-06-09 23:00:00FR23174_PM2.5_1,FR23174,39,72181,2.4,2026-06-09 23:00:00+00:00
2026-06-09 23:00:00FR23175_O3_A,FR23175,8,49035,60.0,2026-06-09 23:00:00+00:00
2026-06-09 23:00:00FR23177_NO2_1,FR23177,3,53210,2.1,2026-06-09 23:00:00+00:00
2026-06-09 23:00:00FR23177_O3_A,FR23177,8,53210,48.0,2026-06-09 23:00:00+00:00
2026-06-09 23:00:00FR23177_PM10_4,FR23177,24,53210,6.1,2026-06-09 23:00:00+00:00
2026-06-09 23:00:00FR23177_PM2.5_2,FR23177,39,53210,2.4,2026-06-09 23:00:00+00:00
2026-06-09 23:00:00FR23178_NO2_1,FR23178,3,44052,0.83,2026-06-09 23:00:00+00:00
2026-06-09 23:00:00FR23178_PM10_3,FR23178,24,44052,8.8,2026-06-09 23:00:00+00:00
2026-06-09 23:00:00FR23178_PM2.5_2,FR23178,39,44052,4.2,2026-06-09 23:00:00+00:00
2026-06-09 23:00:00FR23178_SO2_A,FR23178,1,44052,0.0,2026-06-09 23:00:00+00:00
2026-06-09 23:00:00FR23181_NO2_1,FR23181,3,44184,1.1,2026-06-09 23:00:00+00:00
2026-06-09 23:00:00FR23181_SO2_1,FR23181,1,44184,0.85,2026-06-09 23:00:00+00:00
2026-06-09 23:00:00FR23182_NO2_A,FR23182,3,72181,8.1,2026-06-09 23:00:00+00:00
2026-06-09 23:00:00FR23182_O3_A,FR23182,8,72181,34.0,2026-06-09 23:00:00+00:00
2026-06-09 23:00:00FR23182_PM10_3,FR23182,24,72181,4.3,2026-06-09 23:00:00+00:00
2026-06-09 23:00:00FR23182_PM2.5_2,FR23182,39,72181,2.2,2026-06-09 23:00:00+00:00
2026-06-09 23:00:00FR23188_NO2_A,FR23188,3,44109,3.3,2026-06-09 23:00:00+00:00
2026-06-09 23:00:00FR23188_O3_A,FR23188,8,44109,62.0,2026-06-09 23:00:00+00:00
2026-06-09 23:00:00FR23188_PM10_4,FR23188,24,44109,7.3,2026-06-09 23:00:00+00:00
2026-06-09 23:00:00FR23188_PM2.5_2,FR23188,39,44109,3.4,2026-06-09 23:00:00+00:00
2026-06-09 23:00:00FR23230_O3_A,FR23230,8,44132,68.0,2026-06-09 23:00:00+00:00
2026-06-09 23:00:00FR23238_PM10_A,FR23238,24,44143,10.0,2026-06-09 23:00:00+00:00
2026-06-09 23:00:00FR23238_PM2.5_1,FR23238,39,44143,3.8,2026-06-09 23:00:00+00:00
2026-06-09 23:00:00FR23239_NO2_A,FR23239,3,44020,2.4,2026-06-09 23:00:00+00:00
2026-06-09 23:00:00FR23239_PM10_1,FR23239,24,44020,6.6,2026-06-09 23:00:00+00:00
2026-06-09 23:00:00FR23239_PM2.5_6,FR23239,39,44020,3.1,2026-06-09 23:00:00+00:00
2026-06-09 23:00:00FR23242_NO2_1,FR23242,3,49007,9.2,2026-06-09 23:00:00+00:00
2026-06-09 23:00:00FR23242_PM10_1,FR23242,24,49007,11.0,2026-06-09 23:00:00+00:00
2026-06-09 23:00:00FR23242_PM2.5_1,FR23242,39,49007,1.9,2026-06-09 23:00:00+00:00
2026-06-09 23:00:00FR23249_NO2_A,FR23249,3,44103,1.0,2026-06-09 23:00:00+00:00
2026-06-09 23:00:00FR23249_PM10_1,FR23249,24,44103,8.1,2026-06-09 23:00:00+00:00
2026-06-09 23:00:00FR23249_PM2.5_1,FR23249,39,44103,3.9,2026-06-09 23:00:00+00:00
2026-06-09 23:00:00FR23249_SO2_A,FR23249,1,44103,0.0,2026-06-09 23:00:00+00:00
2026-06-09 23:00:00FR23251_NO2_1,FR23251,3,44109,10.0,2026-06-09 23:00:00+00:00
2026-06-09 23:00:00FR23251_PM2.5_1,FR23251,39,44109,7.9,2026-06-09 23:00:00+00:00
2026-06-09 23:00:00FR23252_NO2_1,FR23252,3,53130,5.9,2026-06-09 23:00:00+00:00
2026-06-09 23:00:00FR23252_PM2.5_1,FR23252,39,53130,6.4,2026-06-09 23:00:00+00:00
2026-06-09 23:00:00FR23259_PM10_1,FR23259,24,44109,6.2,2026-06-09 23:00:00+00:00
2026-06-09 23:00:00FR23259_PM2.5_1,FR23259,39,44109,3.1,2026-06-09 23:00:00+00:00
2026-06-09 22:00:00FR23001_SO2_A,FR23001,1,44052,0.25,2026-06-09 22:00:00+00:00
2026-06-09 22:00:00FR23003_NO2_A,FR23003,3,44052,1.0,2026-06-09 22:00:00+00:00
2026-06-09 22:00:00FR23003_PM10_1,FR23003,24,44052,8.2,2026-06-09 22:00:00+00:00
2026-06-09 22:00:00FR23003_PM2.5_1,FR23003,39,44052,3.8,2026-06-09 22:00:00+00:00
2026-06-09 22:00:00FR23003_SO2_A,FR23003,1,44052,0.0,2026-06-09 22:00:00+00:00
2026-06-09 22:00:00FR23068_NO2_A,FR23068,3,44061,0.9,2026-06-09 22:00:00+00:00
2026-06-09 22:00:00FR23068_PM10_4,FR23068,24,44061,7.9,2026-06-09 22:00:00+00:00
2026-06-09 22:00:00FR23068_PM2.5_1,FR23068,39,44061,3.6,2026-06-09 22:00:00+00:00
2026-06-09 22:00:00FR23068_SO2_A,FR23068,1,44061,0.15,2026-06-09 22:00:00+00:00
2026-06-09 22:00:00FR23069_SO2_A,FR23069,1,44195,0.0,2026-06-09 22:00:00+00:00
2026-06-09 22:00:00FR23070_NO2_A,FR23070,3,44158,1.4,2026-06-09 22:00:00+00:00
2026-06-09 22:00:00FR23070_PM10_3,FR23070,24,44158,7.2,2026-06-09 22:00:00+00:00
2026-06-09 22:00:00FR23070_PM2.5_1,FR23070,39,44158,3.3,2026-06-09 22:00:00+00:00
2026-06-09 22:00:00FR23070_SO2_A,FR23070,1,44158,0.7,2026-06-09 22:00:00+00:00
2026-06-09 22:00:00FR23075_NO2_A,FR23075,3,44210,1.9,2026-06-09 22:00:00+00:00
2026-06-09 22:00:00FR23078_NO2_A,FR23078,3,49099,3.7,2026-06-09 22:00:00+00:00
2026-06-09 22:00:00FR23078_O3_A,FR23078,8,49099,56.0,2026-06-09 22:00:00+00:00
2026-06-09 22:00:00FR23078_PM10_2,FR23078,24,49099,8.5,2026-06-09 22:00:00+00:00
2026-06-09 22:00:00FR23078_PM2.5_2,FR23078,39,49099,1.6,2026-06-09 22:00:00+00:00
2026-06-09 22:00:00FR23110_NO2_A,FR23110,3,44184,0.95,2026-06-09 22:00:00+00:00
2026-06-09 22:00:00FR23110_O3_A,FR23110,8,44184,70.0,2026-06-09 22:00:00+00:00
2026-06-09 22:00:00FR23110_PM10_3,FR23110,24,44184,8.7,2026-06-09 22:00:00+00:00
2026-06-09 22:00:00FR23110_PM2.5_3,FR23110,39,44184,4.0,2026-06-09 22:00:00+00:00
2026-06-09 22:00:00FR23120_NO2_A,FR23120,3,49007,4.2,2026-06-09 22:00:00+00:00
2026-06-09 22:00:00FR23120_PM10_4,FR23120,24,49007,7.1,2026-06-09 22:00:00+00:00
2026-06-09 22:00:00FR23120_PM2.5_2,FR23120,39,49007,3.1,2026-06-09 22:00:00+00:00
2026-06-09 22:00:00FR23123_NO2_A,FR23123,3,53130,3.2,2026-06-09 22:00:00+00:00
2026-06-09 22:00:00FR23123_O3_A,FR23123,8,53130,49.0,2026-06-09 22:00:00+00:00
2026-06-09 22:00:00FR23123_PM10_3,FR23123,24,53130,6.9,2026-06-09 22:00:00+00:00
2026-06-09 22:00:00FR23123_PM2.5_3,FR23123,39,53130,4.4,2026-06-09 22:00:00+00:00
2026-06-09 22:00:00FR23124_NO2_A,FR23124,3,85289,2.1,2026-06-09 22:00:00+00:00
2026-06-09 22:00:00FR23124_O3_A,FR23124,8,85289,46.0,2026-06-09 22:00:00+00:00
2026-06-09 22:00:00FR23124_PM10_4,FR23124,24,85289,6.7,2026-06-09 22:00:00+00:00
2026-06-09 22:00:00FR23124_PM2.5_2,FR23124,39,85289,2.9,2026-06-09 22:00:00+00:00
2026-06-09 22:00:00FR23149_SO2_A,FR23149,1,44116,0.0,2026-06-09 22:00:00+00:00
2026-06-09 22:00:00FR23150_NO2_A,FR23150,3,49007,1.5,2026-06-09 22:00:00+00:00
2026-06-09 22:00:00FR23150_O3_A,FR23150,8,49007,59.0,2026-06-09 22:00:00+00:00
2026-06-09 22:00:00FR23152_NO2_A,FR23152,3,85191,1.5,2026-06-09 22:00:00+00:00
2026-06-09 22:00:00FR23152_O3_A,FR23152,8,85191,55.0,2026-06-09 22:00:00+00:00
2026-06-09 22:00:00FR23152_PM10_4,FR23152,24,85191,6.9,2026-06-09 22:00:00+00:00
2026-06-09 22:00:00FR23152_PM2.5_2,FR23152,39,85191,3.4,2026-06-09 22:00:00+00:00
2026-06-09 22:00:00FR23157_O3_A,FR23157,8,44018,55.0,2026-06-09 22:00:00+00:00
2026-06-09 22:00:00FR23163_O3_A,FR23163,8,72344,34.0,2026-06-09 22:00:00+00:00
2026-06-09 22:00:00FR23174_NO2_A,FR23174,3,72181,7.6,2026-06-09 22:00:00+00:00
2026-06-09 22:00:00FR23174_PM10_2,FR23174,24,72181,3.4,2026-06-09 22:00:00+00:00
2026-06-09 22:00:00FR23174_PM2.5_1,FR23174,39,72181,2.1,2026-06-09 22:00:00+00:00
2026-06-09 22:00:00FR23175_O3_A,FR23175,8,49035,59.0,2026-06-09 22:00:00+00:00
2026-06-09 22:00:00FR23177_NO2_1,FR23177,3,53210,3.1,2026-06-09 22:00:00+00:00
2026-06-09 22:00:00FR23177_O3_A,FR23177,8,53210,36.0,2026-06-09 22:00:00+00:00
2026-06-09 22:00:00FR23177_PM10_4,FR23177,24,53210,4.6,2026-06-09 22:00:00+00:00
2026-06-09 22:00:00FR23177_PM2.5_2,FR23177,39,53210,1.6,2026-06-09 22:00:00+00:00
2026-06-09 22:00:00FR23178_NO2_1,FR23178,3,44052,1.4,2026-06-09 22:00:00+00:00
2026-06-09 22:00:00FR23178_PM10_3,FR23178,24,44052,17.0,2026-06-09 22:00:00+00:00
2026-06-09 22:00:00FR23178_PM2.5_2,FR23178,39,44052,5.2,2026-06-09 22:00:00+00:00
2026-06-09 22:00:00FR23178_SO2_A,FR23178,1,44052,0.0,2026-06-09 22:00:00+00:00
2026-06-09 22:00:00FR23181_NO2_1,FR23181,3,44184,0.93,2026-06-09 22:00:00+00:00
2026-06-09 22:00:00FR23181_SO2_1,FR23181,1,44184,0.85,2026-06-09 22:00:00+00:00
2026-06-09 22:00:00FR23182_NO2_A,FR23182,3,72181,12.0,2026-06-09 22:00:00+00:00
2026-06-09 22:00:00FR23182_O3_A,FR23182,8,72181,37.0,2026-06-09 22:00:00+00:00
2026-06-09 22:00:00FR23182_PM10_3,FR23182,24,72181,4.7,2026-06-09 22:00:00+00:00
2026-06-09 22:00:00FR23182_PM2.5_2,FR23182,39,72181,2.8,2026-06-09 22:00:00+00:00
2026-06-09 22:00:00FR23188_NO2_A,FR23188,3,44109,3.4,2026-06-09 22:00:00+00:00
2026-06-09 22:00:00FR23188_O3_A,FR23188,8,44109,62.0,2026-06-09 22:00:00+00:00
2026-06-09 22:00:00FR23188_PM10_4,FR23188,24,44109,7.3,2026-06-09 22:00:00+00:00
2026-06-09 22:00:00FR23188_PM2.5_2,FR23188,39,44109,3.5,2026-06-09 22:00:00+00:00
2026-06-09 22:00:00FR23230_O3_A,FR23230,8,44132,67.0,2026-06-09 22:00:00+00:00
2026-06-09 22:00:00FR23238_PM10_A,FR23238,24,44143,9.7,2026-06-09 22:00:00+00:00
2026-06-09 22:00:00FR23238_PM2.5_1,FR23238,39,44143,3.0,2026-06-09 22:00:00+00:00
2026-06-09 22:00:00FR23239_NO2_A,FR23239,3,44020,3.5,2026-06-09 22:00:00+00:00
2026-06-09 22:00:00FR23239_PM10_1,FR23239,24,44020,6.4,2026-06-09 22:00:00+00:00
2026-06-09 22:00:00FR23239_PM2.5_6,FR23239,39,44020,3.1,2026-06-09 22:00:00+00:00
2026-06-09 22:00:00FR23242_NO2_1,FR23242,3,49007,16.0,2026-06-09 22:00:00+00:00
2026-06-09 22:00:00FR23242_PM10_1,FR23242,24,49007,11.0,2026-06-09 22:00:00+00:00
2026-06-09 22:00:00FR23242_PM2.5_1,FR23242,39,49007,0.9,2026-06-09 22:00:00+00:00
2026-06-09 22:00:00FR23249_NO2_A,FR23249,3,44103,0.98,2026-06-09 22:00:00+00:00
2026-06-09 22:00:00FR23249_PM10_1,FR23249,24,44103,7.0,2026-06-09 22:00:00+00:00
2026-06-09 22:00:00FR23249_PM2.5_1,FR23249,39,44103,3.5,2026-06-09 22:00:00+00:00
2026-06-09 22:00:00FR23249_SO2_A,FR23249,1,44103,0.0,2026-06-09 22:00:00+00:00
2026-06-09 22:00:00FR23251_NO2_1,FR23251,3,44109,16.0,2026-06-09 22:00:00+00:00
2026-06-09 22:00:00FR23251_PM2.5_1,FR23251,39,44109,8.2,2026-06-09 22:00:00+00:00
2026-06-09 22:00:00FR23252_NO2_1,FR23252,3,53130,7.2,2026-06-09 22:00:00+00:00
2026-06-09 22:00:00FR23252_PM2.5_1,FR23252,39,53130,7.5,2026-06-09 22:00:00+00:00
2026-06-09 22:00:00FR23259_PM10_1,FR23259,24,44109,5.9,2026-06-09 22:00:00+00:00
2026-06-09 22:00:00FR23259_PM2.5_1,FR23259,39,44109,3.0,2026-06-09 22:00:00+00:00
2026-06-09 21:00:00FR23001_SO2_A,FR23001,1,44052,0.25,2026-06-09 21:00:00+00:00
2026-06-09 21:00:00FR23003_NO2_A,FR23003,3,44052,1.3,2026-06-09 21:00:00+00:00
2026-06-09 21:00:00FR23003_PM10_1,FR23003,24,44052,6.9,2026-06-09 21:00:00+00:00
2026-06-09 21:00:00FR23003_PM2.5_1,FR23003,39,44052,3.5,2026-06-09 21:00:00+00:00
2026-06-09 21:00:00FR23003_SO2_A,FR23003,1,44052,0.0,2026-06-09 21:00:00+00:00
2026-06-09 21:00:00FR23068_NO2_A,FR23068,3,44061,1.5,2026-06-09 21:00:00+00:00
2026-06-09 21:00:00FR23068_PM10_4,FR23068,24,44061,8.3,2026-06-09 21:00:00+00:00
2026-06-09 21:00:00FR23068_PM2.5_1,FR23068,39,44061,3.6,2026-06-09 21:00:00+00:00
2026-06-09 21:00:00FR23068_SO2_A,FR23068,1,44061,0.075,2026-06-09 21:00:00+00:00
2026-06-09 21:00:00FR23069_SO2_A,FR23069,1,44195,0.0,2026-06-09 21:00:00+00:00
2026-06-09 21:00:00FR23070_NO2_A,FR23070,3,44158,1.4,2026-06-09 21:00:00+00:00
2026-06-09 21:00:00FR23070_PM10_3,FR23070,24,44158,6.4,2026-06-09 21:00:00+00:00
2026-06-09 21:00:00FR23070_PM2.5_1,FR23070,39,44158,3.3,2026-06-09 21:00:00+00:00
2026-06-09 21:00:00FR23070_SO2_A,FR23070,1,44158,0.78,2026-06-09 21:00:00+00:00
2026-06-09 21:00:00FR23075_NO2_A,FR23075,3,44210,2.2,2026-06-09 21:00:00+00:00
2026-06-09 21:00:00FR23078_NO2_A,FR23078,3,49099,4.9,2026-06-09 21:00:00+00:00
2026-06-09 21:00:00FR23078_O3_A,FR23078,8,49099,57.0,2026-06-09 21:00:00+00:00
2026-06-09 21:00:00FR23078_PM10_2,FR23078,24,49099,12.0,2026-06-09 21:00:00+00:00
2026-06-09 21:00:00FR23078_PM2.5_2,FR23078,39,49099,1.6,2026-06-09 21:00:00+00:00
2026-06-09 21:00:00FR23110_NO2_A,FR23110,3,44184,1.5,2026-06-09 21:00:00+00:00
2026-06-09 21:00:00FR23110_O3_A,FR23110,8,44184,67.0,2026-06-09 21:00:00+00:00
2026-06-09 21:00:00FR23110_PM10_3,FR23110,24,44184,9.1,2026-06-09 21:00:00+00:00
2026-06-09 21:00:00FR23110_PM2.5_3,FR23110,39,44184,4.0,2026-06-09 21:00:00+00:00
2026-06-09 21:00:00FR23120_NO2_A,FR23120,3,49007,4.8,2026-06-09 21:00:00+00:00
2026-06-09 21:00:00FR23120_PM10_4,FR23120,24,49007,7.3,2026-06-09 21:00:00+00:00
2026-06-09 21:00:00FR23120_PM2.5_2,FR23120,39,49007,3.2,2026-06-09 21:00:00+00:00
2026-06-09 21:00:00FR23123_NO2_A,FR23123,3,53130,3.9,2026-06-09 21:00:00+00:00
2026-06-09 21:00:00FR23123_O3_A,FR23123,8,53130,53.0,2026-06-09 21:00:00+00:00
2026-06-09 21:00:00FR23123_PM10_3,FR23123,24,53130,13.0,2026-06-09 21:00:00+00:00
2026-06-09 21:00:00FR23123_PM2.5_3,FR23123,39,53130,10.0,2026-06-09 21:00:00+00:00
2026-06-09 21:00:00FR23124_NO2_A,FR23124,3,85289,2.1,2026-06-09 21:00:00+00:00
2026-06-09 21:00:00FR23124_O3_A,FR23124,8,85289,55.0,2026-06-09 21:00:00+00:00
2026-06-09 21:00:00FR23124_PM10_4,FR23124,24,85289,6.7,2026-06-09 21:00:00+00:00
2026-06-09 21:00:00FR23124_PM2.5_2,FR23124,39,85289,2.8,2026-06-09 21:00:00+00:00
2026-06-09 21:00:00FR23149_SO2_A,FR23149,1,44116,0.0,2026-06-09 21:00:00+00:00
2026-06-09 21:00:00FR23150_NO2_A,FR23150,3,49007,1.9,2026-06-09 21:00:00+00:00
2026-06-09 21:00:00FR23150_O3_A,FR23150,8,49007,60.0,2026-06-09 21:00:00+00:00
2026-06-09 21:00:00FR23152_NO2_A,FR23152,3,85191,1.4,2026-06-09 21:00:00+00:00
2026-06-09 21:00:00FR23152_O3_A,FR23152,8,85191,59.0,2026-06-09 21:00:00+00:00
2026-06-09 21:00:00FR23152_PM10_4,FR23152,24,85191,7.7,2026-06-09 21:00:00+00:00
2026-06-09 21:00:00FR23152_PM2.5_2,FR23152,39,85191,3.5,2026-06-09 21:00:00+00:00
2026-06-09 21:00:00FR23157_O3_A,FR23157,8,44018,55.0,2026-06-09 21:00:00+00:00
2026-06-09 21:00:00FR23163_O3_A,FR23163,8,72344,40.0,2026-06-09 21:00:00+00:00
2026-06-09 21:00:00FR23174_NO2_A,FR23174,3,72181,7.1,2026-06-09 21:00:00+00:00
2026-06-09 21:00:00FR23174_PM10_2,FR23174,24,72181,2.9,2026-06-09 21:00:00+00:00
2026-06-09 21:00:00FR23174_PM2.5_1,FR23174,39,72181,1.8,2026-06-09 21:00:00+00:00
2026-06-09 21:00:00FR23175_O3_A,FR23175,8,49035,60.0,2026-06-09 21:00:00+00:00
2026-06-09 21:00:00FR23177_NO2_1,FR23177,3,53210,2.8,2026-06-09 21:00:00+00:00
2026-06-09 21:00:00FR23177_O3_A,FR23177,8,53210,44.0,2026-06-09 21:00:00+00:00
2026-06-09 21:00:00FR23177_PM10_4,FR23177,24,53210,3.9,2026-06-09 21:00:00+00:00
2026-06-09 21:00:00FR23177_PM2.5_2,FR23177,39,53210,1.4,2026-06-09 21:00:00+00:00
2026-06-09 21:00:00FR23178_NO2_1,FR23178,3,44052,1.6,2026-06-09 21:00:00+00:00
2026-06-09 21:00:00FR23178_PM10_3,FR23178,24,44052,7.3,2026-06-09 21:00:00+00:00
2026-06-09 21:00:00FR23178_PM2.5_2,FR23178,39,44052,3.5,2026-06-09 21:00:00+00:00
2026-06-09 21:00:00FR23178_SO2_A,FR23178,1,44052,0.0,2026-06-09 21:00:00+00:00
2026-06-09 21:00:00FR23181_NO2_1,FR23181,3,44184,1.1,2026-06-09 21:00:00+00:00
2026-06-09 21:00:00FR23181_SO2_1,FR23181,1,44184,1.2,2026-06-09 21:00:00+00:00
2026-06-09 21:00:00FR23182_NO2_A,FR23182,3,72181,14.0,2026-06-09 21:00:00+00:00
2026-06-09 21:00:00FR23182_O3_A,FR23182,8,72181,40.0,2026-06-09 21:00:00+00:00
2026-06-09 21:00:00FR23182_PM10_3,FR23182,24,72181,4.3,2026-06-09 21:00:00+00:00
2026-06-09 21:00:00FR23182_PM2.5_2,FR23182,39,72181,2.7,2026-06-09 21:00:00+00:00
2026-06-09 21:00:00FR23188_NO2_A,FR23188,3,44109,2.5,2026-06-09 21:00:00+00:00
2026-06-09 21:00:00FR23188_O3_A,FR23188,8,44109,66.0,2026-06-09 21:00:00+00:00
2026-06-09 21:00:00FR23188_PM10_4,FR23188,24,44109,7.6,2026-06-09 21:00:00+00:00
2026-06-09 21:00:00FR23188_PM2.5_2,FR23188,39,44109,3.8,2026-06-09 21:00:00+00:00
2026-06-09 21:00:00FR23230_O3_A,FR23230,8,44132,66.0,2026-06-09 21:00:00+00:00
2026-06-09 21:00:00FR23238_PM10_A,FR23238,24,44143,11.0,2026-06-09 21:00:00+00:00
2026-06-09 21:00:00FR23238_PM2.5_1,FR23238,39,44143,2.2,2026-06-09 21:00:00+00:00
2026-06-09 21:00:00FR23239_NO2_A,FR23239,3,44020,3.6,2026-06-09 21:00:00+00:00
2026-06-09 21:00:00FR23239_PM10_1,FR23239,24,44020,6.8,2026-06-09 21:00:00+00:00
2026-06-09 21:00:00FR23239_PM2.5_6,FR23239,39,44020,3.3,2026-06-09 21:00:00+00:00
2026-06-09 21:00:00FR23242_NO2_1,FR23242,3,49007,17.0,2026-06-09 21:00:00+00:00
2026-06-09 21:00:00FR23242_PM10_1,FR23242,24,49007,15.0,2026-06-09 21:00:00+00:00
2026-06-09 21:00:00FR23242_PM2.5_1,FR23242,39,49007,3.3,2026-06-09 21:00:00+00:00
2026-06-09 21:00:00FR23249_NO2_A,FR23249,3,44103,1.5,2026-06-09 21:00:00+00:00
2026-06-09 21:00:00FR23249_PM10_1,FR23249,24,44103,8.0,2026-06-09 21:00:00+00:00
2026-06-09 21:00:00FR23249_PM2.5_1,FR23249,39,44103,4.3,2026-06-09 21:00:00+00:00
2026-06-09 21:00:00FR23249_SO2_A,FR23249,1,44103,0.0,2026-06-09 21:00:00+00:00
2026-06-09 21:00:00FR23251_NO2_1,FR23251,3,44109,17.0,2026-06-09 21:00:00+00:00
2026-06-09 21:00:00FR23251_PM2.5_1,FR23251,39,44109,8.8,2026-06-09 21:00:00+00:00
2026-06-09 21:00:00FR23252_NO2_1,FR23252,3,53130,7.3,2026-06-09 21:00:00+00:00
2026-06-09 21:00:00FR23252_PM2.5_1,FR23252,39,53130,11.0,2026-06-09 21:00:00+00:00
2026-06-09 21:00:00FR23259_PM10_1,FR23259,24,44109,6.7,2026-06-09 21:00:00+00:00
2026-06-09 21:00:00FR23259_PM2.5_1,FR23259,39,44109,3.4,2026-06-09 21:00:00+00:00
2026-06-09 20:00:00FR23001_SO2_A,FR23001,1,44052,0.3,2026-06-09 20:00:00+00:00
2026-06-09 20:00:00FR23003_NO2_A,FR23003,3,44052,1.3,2026-06-09 20:00:00+00:00
2026-06-09 20:00:00FR23003_PM10_1,FR23003,24,44052,7.8,2026-06-09 20:00:00+00:00
2026-06-09 20:00:00FR23003_PM2.5_1,FR23003,39,44052,3.6,2026-06-09 20:00:00+00:00
2026-06-09 20:00:00FR23003_SO2_A,FR23003,1,44052,0.0,2026-06-09 20:00:00+00:00
2026-06-09 20:00:00FR23068_NO2_A,FR23068,3,44061,0.78,2026-06-09 20:00:00+00:00
2026-06-09 20:00:00FR23068_PM10_4,FR23068,24,44061,8.5,2026-06-09 20:00:00+00:00
2026-06-09 20:00:00FR23068_PM2.5_1,FR23068,39,44061,3.9,2026-06-09 20:00:00+00:00
2026-06-09 20:00:00FR23068_SO2_A,FR23068,1,44061,0.05,2026-06-09 20:00:00+00:00
2026-06-09 20:00:00FR23069_SO2_A,FR23069,1,44195,0.0,2026-06-09 20:00:00+00:00
2026-06-09 20:00:00FR23070_NO2_A,FR23070,3,44158,1.1,2026-06-09 20:00:00+00:00
2026-06-09 20:00:00FR23070_PM10_3,FR23070,24,44158,7.6,2026-06-09 20:00:00+00:00
2026-06-09 20:00:00FR23070_PM2.5_1,FR23070,39,44158,3.6,2026-06-09 20:00:00+00:00
2026-06-09 20:00:00FR23070_SO2_A,FR23070,1,44158,0.65,2026-06-09 20:00:00+00:00
2026-06-09 20:00:00FR23075_NO2_A,FR23075,3,44210,2.9,2026-06-09 20:00:00+00:00
2026-06-09 20:00:00FR23078_NO2_A,FR23078,3,49099,1.9,2026-06-09 20:00:00+00:00
2026-06-09 20:00:00FR23078_O3_A,FR23078,8,49099,66.0,2026-06-09 20:00:00+00:00
2026-06-09 20:00:00FR23078_PM10_2,FR23078,24,49099,5.8,2026-06-09 20:00:00+00:00
2026-06-09 20:00:00FR23078_PM2.5_2,FR23078,39,49099,1.3,2026-06-09 20:00:00+00:00
2026-06-09 20:00:00FR23110_NO2_A,FR23110,3,44184,1.6,2026-06-09 20:00:00+00:00
2026-06-09 20:00:00FR23110_O3_A,FR23110,8,44184,67.0,2026-06-09 20:00:00+00:00
2026-06-09 20:00:00FR23110_PM10_3,FR23110,24,44184,9.2,2026-06-09 20:00:00+00:00
2026-06-09 20:00:00FR23110_PM2.5_3,FR23110,39,44184,4.0,2026-06-09 20:00:00+00:00
2026-06-09 20:00:00FR23120_NO2_A,FR23120,3,49007,4.6,2026-06-09 20:00:00+00:00
2026-06-09 20:00:00FR23120_PM10_4,FR23120,24,49007,6.6,2026-06-09 20:00:00+00:00
2026-06-09 20:00:00FR23120_PM2.5_2,FR23120,39,49007,2.7,2026-06-09 20:00:00+00:00
2026-06-09 20:00:00FR23123_NO2_A,FR23123,3,53130,3.8,2026-06-09 20:00:00+00:00
2026-06-09 20:00:00FR23123_O3_A,FR23123,8,53130,51.0,2026-06-09 20:00:00+00:00
2026-06-09 20:00:00FR23123_PM10_3,FR23123,24,53130,8.4,2026-06-09 20:00:00+00:00
2026-06-09 20:00:00FR23123_PM2.5_3,FR23123,39,53130,4.9,2026-06-09 20:00:00+00:00
2026-06-09 20:00:00FR23124_NO2_A,FR23124,3,85289,1.2,2026-06-09 20:00:00+00:00
2026-06-09 20:00:00FR23124_O3_A,FR23124,8,85289,61.0,2026-06-09 20:00:00+00:00
2026-06-09 20:00:00FR23124_PM10_4,FR23124,24,85289,7.6,2026-06-09 20:00:00+00:00
2026-06-09 20:00:00FR23124_PM2.5_2,FR23124,39,85289,2.8,2026-06-09 20:00:00+00:00
2026-06-09 20:00:00FR23149_SO2_A,FR23149,1,44116,0.0,2026-06-09 20:00:00+00:00
2026-06-09 20:00:00FR23150_NO2_A,FR23150,3,49007,1.7,2026-06-09 20:00:00+00:00
2026-06-09 20:00:00FR23150_O3_A,FR23150,8,49007,65.0,2026-06-09 20:00:00+00:00
2026-06-09 20:00:00FR23152_NO2_A,FR23152,3,85191,0.9,2026-06-09 20:00:00+00:00
2026-06-09 20:00:00FR23152_O3_A,FR23152,8,85191,63.0,2026-06-09 20:00:00+00:00
2026-06-09 20:00:00FR23152_PM10_4,FR23152,24,85191,8.0,2026-06-09 20:00:00+00:00
2026-06-09 20:00:00FR23152_PM2.5_2,FR23152,39,85191,3.6,2026-06-09 20:00:00+00:00
2026-06-09 20:00:00FR23157_O3_A,FR23157,8,44018,56.0,2026-06-09 20:00:00+00:00
2026-06-09 20:00:00FR23163_O3_A,FR23163,8,72344,56.0,2026-06-09 20:00:00+00:00
2026-06-09 20:00:00FR23174_NO2_A,FR23174,3,72181,4.6,2026-06-09 20:00:00+00:00
2026-06-09 20:00:00FR23174_PM10_2,FR23174,24,72181,2.7,2026-06-09 20:00:00+00:00
2026-06-09 20:00:00FR23174_PM2.5_1,FR23174,39,72181,1.5,2026-06-09 20:00:00+00:00
2026-06-09 20:00:00FR23175_O3_A,FR23175,8,49035,64.0,2026-06-09 20:00:00+00:00
2026-06-09 20:00:00FR23177_NO2_1,FR23177,3,53210,2.0,2026-06-09 20:00:00+00:00
2026-06-09 20:00:00FR23177_O3_A,FR23177,8,53210,51.0,2026-06-09 20:00:00+00:00
2026-06-09 20:00:00FR23177_PM10_4,FR23177,24,53210,3.9,2026-06-09 20:00:00+00:00
2026-06-09 20:00:00FR23177_PM2.5_2,FR23177,39,53210,1.5,2026-06-09 20:00:00+00:00
2026-06-09 20:00:00FR23178_NO2_1,FR23178,3,44052,1.7,2026-06-09 20:00:00+00:00
2026-06-09 20:00:00FR23178_PM10_3,FR23178,24,44052,8.7,2026-06-09 20:00:00+00:00
2026-06-09 20:00:00FR23178_PM2.5_2,FR23178,39,44052,4.0,2026-06-09 20:00:00+00:00
2026-06-09 20:00:00FR23178_SO2_A,FR23178,1,44052,0.0,2026-06-09 20:00:00+00:00
2026-06-09 20:00:00FR23181_NO2_1,FR23181,3,44184,1.4,2026-06-09 20:00:00+00:00
2026-06-09 20:00:00FR23181_SO2_1,FR23181,1,44184,1.4,2026-06-09 20:00:00+00:00
2026-06-09 20:00:00FR23182_NO2_A,FR23182,3,72181,5.5,2026-06-09 20:00:00+00:00
2026-06-09 20:00:00FR23182_O3_A,FR23182,8,72181,57.0,2026-06-09 20:00:00+00:00
2026-06-09 20:00:00FR23182_PM10_3,FR23182,24,72181,3.3,2026-06-09 20:00:00+00:00
2026-06-09 20:00:00FR23182_PM2.5_2,FR23182,39,72181,1.8,2026-06-09 20:00:00+00:00
2026-06-09 20:00:00FR23188_NO2_A,FR23188,3,44109,1.9,2026-06-09 20:00:00+00:00
2026-06-09 20:00:00FR23188_O3_A,FR23188,8,44109,66.0,2026-06-09 20:00:00+00:00
2026-06-09 20:00:00FR23188_PM10_4,FR23188,24,44109,6.2,2026-06-09 20:00:00+00:00
2026-06-09 20:00:00FR23188_PM2.5_2,FR23188,39,44109,3.1,2026-06-09 20:00:00+00:00
2026-06-09 20:00:00FR23230_O3_A,FR23230,8,44132,64.0,2026-06-09 20:00:00+00:00
2026-06-09 20:00:00FR23238_PM10_A,FR23238,24,44143,6.5,2026-06-09 20:00:00+00:00
2026-06-09 20:00:00FR23238_PM2.5_1,FR23238,39,44143,3.2,2026-06-09 20:00:00+00:00
2026-06-09 20:00:00FR23239_NO2_A,FR23239,3,44020,2.5,2026-06-09 20:00:00+00:00
2026-06-09 20:00:00FR23239_PM10_1,FR23239,24,44020,6.6,2026-06-09 20:00:00+00:00
2026-06-09 20:00:00FR23239_PM2.5_6,FR23239,39,44020,3.0,2026-06-09 20:00:00+00:00
2026-06-09 20:00:00FR23242_NO2_1,FR23242,3,49007,17.0,2026-06-09 20:00:00+00:00
2026-06-09 20:00:00FR23242_PM10_1,FR23242,24,49007,13.0,2026-06-09 20:00:00+00:00
2026-06-09 20:00:00FR23242_PM2.5_1,FR23242,39,49007,1.7,2026-06-09 20:00:00+00:00
2026-06-09 20:00:00FR23249_NO2_A,FR23249,3,44103,1.5,2026-06-09 20:00:00+00:00
2026-06-09 20:00:00FR23249_PM10_1,FR23249,24,44103,7.7,2026-06-09 20:00:00+00:00
2026-06-09 20:00:00FR23249_PM2.5_1,FR23249,39,44103,4.4,2026-06-09 20:00:00+00:00
2026-06-09 20:00:00FR23249_SO2_A,FR23249,1,44103,0.0,2026-06-09 20:00:00+00:00
2026-06-09 20:00:00FR23251_NO2_1,FR23251,3,44109,15.0,2026-06-09 20:00:00+00:00
2026-06-09 20:00:00FR23251_PM2.5_1,FR23251,39,44109,8.1,2026-06-09 20:00:00+00:00
2026-06-09 20:00:00FR23252_NO2_1,FR23252,3,53130,11.0,2026-06-09 20:00:00+00:00
2026-06-09 20:00:00FR23252_PM2.5_1,FR23252,39,53130,9.8,2026-06-09 20:00:00+00:00
2026-06-09 20:00:00FR23259_PM10_1,FR23259,24,44109,6.6,2026-06-09 20:00:00+00:00
2026-06-09 20:00:00FR23259_PM2.5_1,FR23259,39,44109,3.1,2026-06-09 20:00:00+00:00
2026-06-09 19:00:00FR23001_SO2_A,FR23001,1,44052,0.25,2026-06-09 19:00:00+00:00
2026-06-09 19:00:00FR23003_NO2_A,FR23003,3,44052,0.65,2026-06-09 19:00:00+00:00
2026-06-09 19:00:00FR23003_PM10_1,FR23003,24,44052,6.5,2026-06-09 19:00:00+00:00
2026-06-09 19:00:00FR23003_PM2.5_1,FR23003,39,44052,3.1,2026-06-09 19:00:00+00:00
2026-06-09 19:00:00FR23003_SO2_A,FR23003,1,44052,0.1,2026-06-09 19:00:00+00:00
2026-06-09 19:00:00FR23068_NO2_A,FR23068,3,44061,0.65,2026-06-09 19:00:00+00:00
2026-06-09 19:00:00FR23068_PM10_4,FR23068,24,44061,7.6,2026-06-09 19:00:00+00:00
2026-06-09 19:00:00FR23068_PM2.5_1,FR23068,39,44061,3.5,2026-06-09 19:00:00+00:00
2026-06-09 19:00:00FR23068_SO2_A,FR23068,1,44061,0.13,2026-06-09 19:00:00+00:00
2026-06-09 19:00:00FR23069_SO2_A,FR23069,1,44195,0.0,2026-06-09 19:00:00+00:00
2026-06-09 19:00:00FR23070_NO2_A,FR23070,3,44158,0.93,2026-06-09 19:00:00+00:00
2026-06-09 19:00:00FR23070_PM10_3,FR23070,24,44158,6.0,2026-06-09 19:00:00+00:00
2026-06-09 19:00:00FR23070_PM2.5_1,FR23070,39,44158,2.8,2026-06-09 19:00:00+00:00
2026-06-09 19:00:00FR23070_SO2_A,FR23070,1,44158,0.5,2026-06-09 19:00:00+00:00
2026-06-09 19:00:00FR23075_NO2_A,FR23075,3,44210,1.6,2026-06-09 19:00:00+00:00
2026-06-09 19:00:00FR23078_NO2_A,FR23078,3,49099,1.5,2026-06-09 19:00:00+00:00
2026-06-09 19:00:00FR23078_O3_A,FR23078,8,49099,68.0,2026-06-09 19:00:00+00:00
2026-06-09 19:00:00FR23078_PM10_2,FR23078,24,49099,5.0,2026-06-09 19:00:00+00:00
2026-06-09 19:00:00FR23078_PM2.5_2,FR23078,39,49099,0.3,2026-06-09 19:00:00+00:00
2026-06-09 19:00:00FR23110_NO2_A,FR23110,3,44184,1.7,2026-06-09 19:00:00+00:00
2026-06-09 19:00:00FR23110_O3_A,FR23110,8,44184,68.0,2026-06-09 19:00:00+00:00
2026-06-09 19:00:00FR23110_PM10_3,FR23110,24,44184,9.6,2026-06-09 19:00:00+00:00
2026-06-09 19:00:00FR23110_PM2.5_3,FR23110,39,44184,4.5,2026-06-09 19:00:00+00:00
2026-06-09 19:00:00FR23120_NO2_A,FR23120,3,49007,4.1,2026-06-09 19:00:00+00:00
2026-06-09 19:00:00FR23120_PM10_4,FR23120,24,49007,7.3,2026-06-09 19:00:00+00:00
2026-06-09 19:00:00FR23120_PM2.5_2,FR23120,39,49007,3.0,2026-06-09 19:00:00+00:00
2026-06-09 19:00:00FR23123_NO2_A,FR23123,3,53130,4.0,2026-06-09 19:00:00+00:00
2026-06-09 19:00:00FR23123_O3_A,FR23123,8,53130,50.0,2026-06-09 19:00:00+00:00
2026-06-09 19:00:00FR23123_PM10_3,FR23123,24,53130,6.2,2026-06-09 19:00:00+00:00
2026-06-09 19:00:00FR23123_PM2.5_3,FR23123,39,53130,3.7,2026-06-09 19:00:00+00:00
2026-06-09 19:00:00FR23124_NO2_A,FR23124,3,85289,1.1,2026-06-09 19:00:00+00:00
2026-06-09 19:00:00FR23124_O3_A,FR23124,8,85289,60.0,2026-06-09 19:00:00+00:00
2026-06-09 19:00:00FR23124_PM10_4,FR23124,24,85289,6.3,2026-06-09 19:00:00+00:00
2026-06-09 19:00:00FR23124_PM2.5_2,FR23124,39,85289,2.8,2026-06-09 19:00:00+00:00
2026-06-09 19:00:00FR23149_SO2_A,FR23149,1,44116,0.0,2026-06-09 19:00:00+00:00
2026-06-09 19:00:00FR23150_NO2_A,FR23150,3,49007,1.8,2026-06-09 19:00:00+00:00
2026-06-09 19:00:00FR23150_O3_A,FR23150,8,49007,68.0,2026-06-09 19:00:00+00:00
2026-06-09 19:00:00FR23152_NO2_A,FR23152,3,85191,0.5,2026-06-09 19:00:00+00:00
2026-06-09 19:00:00FR23152_O3_A,FR23152,8,85191,67.0,2026-06-09 19:00:00+00:00
2026-06-09 19:00:00FR23152_PM10_4,FR23152,24,85191,7.1,2026-06-09 19:00:00+00:00
2026-06-09 19:00:00FR23152_PM2.5_2,FR23152,39,85191,3.4,2026-06-09 19:00:00+00:00
2026-06-09 19:00:00FR23157_O3_A,FR23157,8,44018,58.0,2026-06-09 19:00:00+00:00
2026-06-09 19:00:00FR23163_O3_A,FR23163,8,72344,64.0,2026-06-09 19:00:00+00:00
2026-06-09 19:00:00FR23174_NO2_A,FR23174,3,72181,3.5,2026-06-09 19:00:00+00:00
2026-06-09 19:00:00FR23174_PM10_2,FR23174,24,72181,3.8,2026-06-09 19:00:00+00:00
2026-06-09 19:00:00FR23174_PM2.5_1,FR23174,39,72181,1.5,2026-06-09 19:00:00+00:00
2026-06-09 19:00:00FR23175_O3_A,FR23175,8,49035,67.0,2026-06-09 19:00:00+00:00
2026-06-09 19:00:00FR23177_NO2_1,FR23177,3,53210,1.6,2026-06-09 19:00:00+00:00
2026-06-09 19:00:00FR23177_O3_A,FR23177,8,53210,59.0,2026-06-09 19:00:00+00:00
2026-06-09 19:00:00FR23177_PM10_4,FR23177,24,53210,4.3,2026-06-09 19:00:00+00:00
2026-06-09 19:00:00FR23177_PM2.5_2,FR23177,39,53210,2.1,2026-06-09 19:00:00+00:00
2026-06-09 19:00:00FR23178_NO2_1,FR23178,3,44052,1.1,2026-06-09 19:00:00+00:00
2026-06-09 19:00:00FR23178_PM10_3,FR23178,24,44052,7.2,2026-06-09 19:00:00+00:00
2026-06-09 19:00:00FR23178_PM2.5_2,FR23178,39,44052,3.7,2026-06-09 19:00:00+00:00
2026-06-09 19:00:00FR23178_SO2_A,FR23178,1,44052,0.0,2026-06-09 19:00:00+00:00
2026-06-09 19:00:00FR23181_NO2_1,FR23181,3,44184,1.1,2026-06-09 19:00:00+00:00
2026-06-09 19:00:00FR23181_SO2_1,FR23181,1,44184,1.5,2026-06-09 19:00:00+00:00
2026-06-09 19:00:00FR23182_NO2_A,FR23182,3,72181,2.9,2026-06-09 19:00:00+00:00
2026-06-09 19:00:00FR23182_O3_A,FR23182,8,72181,64.0,2026-06-09 19:00:00+00:00
2026-06-09 19:00:00FR23182_PM10_3,FR23182,24,72181,3.8,2026-06-09 19:00:00+00:00
2026-06-09 19:00:00FR23182_PM2.5_2,FR23182,39,72181,1.5,2026-06-09 19:00:00+00:00
2026-06-09 19:00:00FR23188_NO2_A,FR23188,3,44109,1.5,2026-06-09 19:00:00+00:00
2026-06-09 19:00:00FR23188_O3_A,FR23188,8,44109,67.0,2026-06-09 19:00:00+00:00
2026-06-09 19:00:00FR23188_PM10_4,FR23188,24,44109,5.4,2026-06-09 19:00:00+00:00
2026-06-09 19:00:00FR23188_PM2.5_2,FR23188,39,44109,2.7,2026-06-09 19:00:00+00:00
2026-06-09 19:00:00FR23230_O3_A,FR23230,8,44132,65.0,2026-06-09 19:00:00+00:00
2026-06-09 19:00:00FR23238_PM10_A,FR23238,24,44143,9.0,2026-06-09 19:00:00+00:00
2026-06-09 19:00:00FR23238_PM2.5_1,FR23238,39,44143,3.5,2026-06-09 19:00:00+00:00
2026-06-09 19:00:00FR23239_NO2_A,FR23239,3,44020,1.7,2026-06-09 19:00:00+00:00
2026-06-09 19:00:00FR23239_PM10_1,FR23239,24,44020,6.0,2026-06-09 19:00:00+00:00
2026-06-09 19:00:00FR23239_PM2.5_6,FR23239,39,44020,3.0,2026-06-09 19:00:00+00:00
2026-06-09 19:00:00FR23242_NO2_1,FR23242,3,49007,16.0,2026-06-09 19:00:00+00:00
2026-06-09 19:00:00FR23242_PM10_1,FR23242,24,49007,90.0,2026-06-09 19:00:00+00:00
2026-06-09 19:00:00FR23242_PM2.5_1,FR23242,39,49007,86.0,2026-06-09 19:00:00+00:00
2026-06-09 19:00:00FR23249_NO2_A,FR23249,3,44103,0.93,2026-06-09 19:00:00+00:00
2026-06-09 19:00:00FR23249_PM10_1,FR23249,24,44103,6.8,2026-06-09 19:00:00+00:00
2026-06-09 19:00:00FR23249_PM2.5_1,FR23249,39,44103,3.4,2026-06-09 19:00:00+00:00
2026-06-09 19:00:00FR23249_SO2_A,FR23249,1,44103,0.0,2026-06-09 19:00:00+00:00
2026-06-09 19:00:00FR23251_NO2_1,FR23251,3,44109,14.0,2026-06-09 19:00:00+00:00
2026-06-09 19:00:00FR23251_PM2.5_1,FR23251,39,44109,6.7,2026-06-09 19:00:00+00:00
2026-06-09 19:00:00FR23252_NO2_1,FR23252,3,53130,9.9,2026-06-09 19:00:00+00:00
2026-06-09 19:00:00FR23252_PM2.5_1,FR23252,39,53130,7.2,2026-06-09 19:00:00+00:00
2026-06-09 19:00:00FR23259_PM10_1,FR23259,24,44109,6.0,2026-06-09 19:00:00+00:00
2026-06-09 19:00:00FR23259_PM2.5_1,FR23259,39,44109,2.8,2026-06-09 19:00:00+00:00
2026-06-09 18:00:00FR23001_SO2_A,FR23001,1,44052,0.28,2026-06-09 18:00:00+00:00
2026-06-09 18:00:00FR23003_NO2_A,FR23003,3,44052,0.5,2026-06-09 18:00:00+00:00
2026-06-09 18:00:00FR23003_PM10_1,FR23003,24,44052,6.4,2026-06-09 18:00:00+00:00
2026-06-09 18:00:00FR23003_PM2.5_1,FR23003,39,44052,3.0,2026-06-09 18:00:00+00:00
2026-06-09 18:00:00FR23003_SO2_A,FR23003,1,44052,0.13,2026-06-09 18:00:00+00:00
2026-06-09 18:00:00FR23068_NO2_A,FR23068,3,44061,0.55,2026-06-09 18:00:00+00:00
2026-06-09 18:00:00FR23068_PM10_4,FR23068,24,44061,6.0,2026-06-09 18:00:00+00:00
2026-06-09 18:00:00FR23068_PM2.5_1,FR23068,39,44061,2.9,2026-06-09 18:00:00+00:00
2026-06-09 18:00:00FR23068_SO2_A,FR23068,1,44061,0.13,2026-06-09 18:00:00+00:00
2026-06-09 18:00:00FR23069_SO2_A,FR23069,1,44195,0.0,2026-06-09 18:00:00+00:00
2026-06-09 18:00:00FR23070_NO2_A,FR23070,3,44158,0.57,2026-06-09 18:00:00+00:00
2026-06-09 18:00:00FR23070_PM10_3,FR23070,24,44158,5.6,2026-06-09 18:00:00+00:00
2026-06-09 18:00:00FR23070_PM2.5_1,FR23070,39,44158,2.6,2026-06-09 18:00:00+00:00
2026-06-09 18:00:00FR23070_SO2_A,FR23070,1,44158,0.63,2026-06-09 18:00:00+00:00
2026-06-09 18:00:00FR23075_NO2_A,FR23075,3,44210,2.1,2026-06-09 18:00:00+00:00
2026-06-09 18:00:00FR23078_NO2_A,FR23078,3,49099,1.9,2026-06-09 18:00:00+00:00
2026-06-09 18:00:00FR23078_O3_A,FR23078,8,49099,68.0,2026-06-09 18:00:00+00:00
2026-06-09 18:00:00FR23078_PM10_2,FR23078,24,49099,7.4,2026-06-09 18:00:00+00:00
2026-06-09 18:00:00FR23078_PM2.5_2,FR23078,39,49099,0.0,2026-06-09 18:00:00+00:00
2026-06-09 18:00:00FR23110_NO2_A,FR23110,3,44184,1.3,2026-06-09 18:00:00+00:00
2026-06-09 18:00:00FR23110_O3_A,FR23110,8,44184,66.0,2026-06-09 18:00:00+00:00
2026-06-09 18:00:00FR23110_PM10_3,FR23110,24,44184,7.8,2026-06-09 18:00:00+00:00
2026-06-09 18:00:00FR23110_PM2.5_3,FR23110,39,44184,3.6,2026-06-09 18:00:00+00:00
2026-06-09 18:00:00FR23120_NO2_A,FR23120,3,49007,4.8,2026-06-09 18:00:00+00:00
2026-06-09 18:00:00FR23120_PM10_4,FR23120,24,49007,6.2,2026-06-09 18:00:00+00:00
2026-06-09 18:00:00FR23120_PM2.5_2,FR23120,39,49007,2.5,2026-06-09 18:00:00+00:00
2026-06-09 18:00:00FR23123_NO2_A,FR23123,3,53130,3.3,2026-06-09 18:00:00+00:00
2026-06-09 18:00:00FR23123_O3_A,FR23123,8,53130,55.0,2026-06-09 18:00:00+00:00
2026-06-09 18:00:00FR23123_PM10_3,FR23123,24,53130,3.6,2026-06-09 18:00:00+00:00
2026-06-09 18:00:00FR23123_PM2.5_3,FR23123,39,53130,2.2,2026-06-09 18:00:00+00:00
2026-06-09 18:00:00FR23124_NO2_A,FR23124,3,85289,1.2,2026-06-09 18:00:00+00:00
2026-06-09 18:00:00FR23124_O3_A,FR23124,8,85289,62.0,2026-06-09 18:00:00+00:00
2026-06-09 18:00:00FR23124_PM10_4,FR23124,24,85289,6.2,2026-06-09 18:00:00+00:00
2026-06-09 18:00:00FR23124_PM2.5_2,FR23124,39,85289,2.7,2026-06-09 18:00:00+00:00
2026-06-09 18:00:00FR23149_SO2_A,FR23149,1,44116,0.075,2026-06-09 18:00:00+00:00
2026-06-09 18:00:00FR23150_NO2_A,FR23150,3,49007,1.8,2026-06-09 18:00:00+00:00
2026-06-09 18:00:00FR23150_O3_A,FR23150,8,49007,67.0,2026-06-09 18:00:00+00:00
2026-06-09 18:00:00FR23152_NO2_A,FR23152,3,85191,0.88,2026-06-09 18:00:00+00:00
2026-06-09 18:00:00FR23152_O3_A,FR23152,8,85191,68.0,2026-06-09 18:00:00+00:00
2026-06-09 18:00:00FR23152_PM10_4,FR23152,24,85191,9.2,2026-06-09 18:00:00+00:00
2026-06-09 18:00:00FR23152_PM2.5_2,FR23152,39,85191,3.7,2026-06-09 18:00:00+00:00
2026-06-09 18:00:00FR23157_O3_A,FR23157,8,44018,59.0,2026-06-09 18:00:00+00:00
2026-06-09 18:00:00FR23163_O3_A,FR23163,8,72344,65.0,2026-06-09 18:00:00+00:00
2026-06-09 18:00:00FR23174_NO2_A,FR23174,3,72181,3.6,2026-06-09 18:00:00+00:00
2026-06-09 18:00:00FR23174_PM10_2,FR23174,24,72181,2.5,2026-06-09 18:00:00+00:00
2026-06-09 18:00:00FR23174_PM2.5_1,FR23174,39,72181,1.1,2026-06-09 18:00:00+00:00
2026-06-09 18:00:00FR23175_O3_A,FR23175,8,49035,67.0,2026-06-09 18:00:00+00:00
2026-06-09 18:00:00FR23177_NO2_1,FR23177,3,53210,1.4,2026-06-09 18:00:00+00:00
2026-06-09 18:00:00FR23177_O3_A,FR23177,8,53210,64.0,2026-06-09 18:00:00+00:00
2026-06-09 18:00:00FR23177_PM10_4,FR23177,24,53210,4.8,2026-06-09 18:00:00+00:00
2026-06-09 18:00:00FR23177_PM2.5_2,FR23177,39,53210,2.0,2026-06-09 18:00:00+00:00
2026-06-09 18:00:00FR23178_NO2_1,FR23178,3,44052,1.0,2026-06-09 18:00:00+00:00
2026-06-09 18:00:00FR23178_PM10_3,FR23178,24,44052,6.8,2026-06-09 18:00:00+00:00
2026-06-09 18:00:00FR23178_PM2.5_2,FR23178,39,44052,3.3,2026-06-09 18:00:00+00:00
2026-06-09 18:00:00FR23178_SO2_A,FR23178,1,44052,0.0,2026-06-09 18:00:00+00:00
2026-06-09 18:00:00FR23181_NO2_1,FR23181,3,44184,0.83,2026-06-09 18:00:00+00:00
2026-06-09 18:00:00FR23181_SO2_1,FR23181,1,44184,1.3,2026-06-09 18:00:00+00:00
2026-06-09 18:00:00FR23182_NO2_A,FR23182,3,72181,2.0,2026-06-09 18:00:00+00:00
2026-06-09 18:00:00FR23182_O3_A,FR23182,8,72181,67.0,2026-06-09 18:00:00+00:00
2026-06-09 18:00:00FR23182_PM10_3,FR23182,24,72181,2.4,2026-06-09 18:00:00+00:00
2026-06-09 18:00:00FR23182_PM2.5_2,FR23182,39,72181,1.2,2026-06-09 18:00:00+00:00
2026-06-09 18:00:00FR23188_NO2_A,FR23188,3,44109,1.6,2026-06-09 18:00:00+00:00
2026-06-09 18:00:00FR23188_O3_A,FR23188,8,44109,68.0,2026-06-09 18:00:00+00:00
2026-06-09 18:00:00FR23188_PM10_4,FR23188,24,44109,4.6,2026-06-09 18:00:00+00:00
2026-06-09 18:00:00FR23188_PM2.5_2,FR23188,39,44109,2.2,2026-06-09 18:00:00+00:00
2026-06-09 18:00:00FR23230_O3_A,FR23230,8,44132,64.0,2026-06-09 18:00:00+00:00
2026-06-09 18:00:00FR23238_PM10_A,FR23238,24,44143,12.0,2026-06-09 18:00:00+00:00
2026-06-09 18:00:00FR23238_PM2.5_1,FR23238,39,44143,4.1,2026-06-09 18:00:00+00:00
2026-06-09 18:00:00FR23239_NO2_A,FR23239,3,44020,1.9,2026-06-09 18:00:00+00:00
2026-06-09 18:00:00FR23239_PM10_1,FR23239,24,44020,5.6,2026-06-09 18:00:00+00:00
2026-06-09 18:00:00FR23239_PM2.5_6,FR23239,39,44020,2.5,2026-06-09 18:00:00+00:00
2026-06-09 18:00:00FR23242_NO2_1,FR23242,3,49007,17.0,2026-06-09 18:00:00+00:00
2026-06-09 18:00:00FR23242_PM10_1,FR23242,24,49007,12.0,2026-06-09 18:00:00+00:00
2026-06-09 18:00:00FR23242_PM2.5_1,FR23242,39,49007,1.7,2026-06-09 18:00:00+00:00
2026-06-09 18:00:00FR23249_NO2_A,FR23249,3,44103,1.0,2026-06-09 18:00:00+00:00
2026-06-09 18:00:00FR23249_PM10_1,FR23249,24,44103,6.3,2026-06-09 18:00:00+00:00
2026-06-09 18:00:00FR23249_PM2.5_1,FR23249,39,44103,3.2,2026-06-09 18:00:00+00:00
2026-06-09 18:00:00FR23249_SO2_A,FR23249,1,44103,0.0,2026-06-09 18:00:00+00:00
2026-06-09 18:00:00FR23251_NO2_1,FR23251,3,44109,9.7,2026-06-09 18:00:00+00:00
2026-06-09 18:00:00FR23251_PM2.5_1,FR23251,39,44109,3.8,2026-06-09 18:00:00+00:00
2026-06-09 18:00:00FR23252_NO2_1,FR23252,3,53130,9.1,2026-06-09 18:00:00+00:00
2026-06-09 18:00:00FR23252_PM2.5_1,FR23252,39,53130,9.0,2026-06-09 18:00:00+00:00
2026-06-09 18:00:00FR23259_PM10_1,FR23259,24,44109,4.8,2026-06-09 18:00:00+00:00
2026-06-09 18:00:00FR23259_PM2.5_1,FR23259,39,44109,2.3,2026-06-09 18:00:00+00:00
2026-06-09 17:00:00FR23001_SO2_A,FR23001,1,44052,0.33,2026-06-09 17:00:00+00:00
2026-06-09 17:00:00FR23003_NO2_A,FR23003,3,44052,1.0,2026-06-09 17:00:00+00:00
2026-06-09 17:00:00FR23003_PM10_1,FR23003,24,44052,6.7,2026-06-09 17:00:00+00:00
2026-06-09 17:00:00FR23003_PM2.5_1,FR23003,39,44052,3.0,2026-06-09 17:00:00+00:00
2026-06-09 17:00:00FR23003_SO2_A,FR23003,1,44052,0.13,2026-06-09 17:00:00+00:00
2026-06-09 17:00:00FR23068_NO2_A,FR23068,3,44061,0.57,2026-06-09 17:00:00+00:00
2026-06-09 17:00:00FR23068_PM10_4,FR23068,24,44061,6.7,2026-06-09 17:00:00+00:00
2026-06-09 17:00:00FR23068_PM2.5_1,FR23068,39,44061,2.9,2026-06-09 17:00:00+00:00
2026-06-09 17:00:00FR23068_SO2_A,FR23068,1,44061,0.25,2026-06-09 17:00:00+00:00
2026-06-09 17:00:00FR23069_SO2_A,FR23069,1,44195,0.0,2026-06-09 17:00:00+00:00
2026-06-09 17:00:00FR23070_NO2_A,FR23070,3,44158,0.6,2026-06-09 17:00:00+00:00
2026-06-09 17:00:00FR23070_PM10_3,FR23070,24,44158,5.2,2026-06-09 17:00:00+00:00
2026-06-09 17:00:00FR23070_PM2.5_1,FR23070,39,44158,2.3,2026-06-09 17:00:00+00:00
2026-06-09 17:00:00FR23070_SO2_A,FR23070,1,44158,0.65,2026-06-09 17:00:00+00:00
2026-06-09 17:00:00FR23075_NO2_A,FR23075,3,44210,2.0,2026-06-09 17:00:00+00:00
2026-06-09 17:00:00FR23078_NO2_A,FR23078,3,49099,2.1,2026-06-09 17:00:00+00:00
2026-06-09 17:00:00FR23078_O3_A,FR23078,8,49099,69.0,2026-06-09 17:00:00+00:00
2026-06-09 17:00:00FR23078_PM10_2,FR23078,24,49099,8.7,2026-06-09 17:00:00+00:00
2026-06-09 17:00:00FR23078_PM2.5_2,FR23078,39,49099,0.0,2026-06-09 17:00:00+00:00
2026-06-09 17:00:00FR23110_NO2_A,FR23110,3,44184,1.8,2026-06-09 17:00:00+00:00
2026-06-09 17:00:00FR23110_O3_A,FR23110,8,44184,66.0,2026-06-09 17:00:00+00:00
2026-06-09 17:00:00FR23110_PM10_3,FR23110,24,44184,9.3,2026-06-09 17:00:00+00:00
2026-06-09 17:00:00FR23110_PM2.5_3,FR23110,39,44184,3.8,2026-06-09 17:00:00+00:00
2026-06-09 17:00:00FR23120_NO2_A,FR23120,3,49007,8.6,2026-06-09 17:00:00+00:00
2026-06-09 17:00:00FR23120_PM10_4,FR23120,24,49007,6.0,2026-06-09 17:00:00+00:00
2026-06-09 17:00:00FR23120_PM2.5_2,FR23120,39,49007,2.4,2026-06-09 17:00:00+00:00
2026-06-09 17:00:00FR23123_NO2_A,FR23123,3,53130,3.0,2026-06-09 17:00:00+00:00
2026-06-09 17:00:00FR23123_O3_A,FR23123,8,53130,60.0,2026-06-09 17:00:00+00:00
2026-06-09 17:00:00FR23123_PM10_3,FR23123,24,53130,5.8,2026-06-09 17:00:00+00:00
2026-06-09 17:00:00FR23123_PM2.5_3,FR23123,39,53130,2.6,2026-06-09 17:00:00+00:00
2026-06-09 17:00:00FR23124_NO2_A,FR23124,3,85289,1.0,2026-06-09 17:00:00+00:00
2026-06-09 17:00:00FR23124_O3_A,FR23124,8,85289,63.0,2026-06-09 17:00:00+00:00
2026-06-09 17:00:00FR23124_PM10_4,FR23124,24,85289,6.7,2026-06-09 17:00:00+00:00
2026-06-09 17:00:00FR23124_PM2.5_2,FR23124,39,85289,2.6,2026-06-09 17:00:00+00:00
2026-06-09 17:00:00FR23149_SO2_A,FR23149,1,44116,0.0,2026-06-09 17:00:00+00:00
2026-06-09 17:00:00FR23150_NO2_A,FR23150,3,49007,2.7,2026-06-09 17:00:00+00:00
2026-06-09 17:00:00FR23150_O3_A,FR23150,8,49007,66.0,2026-06-09 17:00:00+00:00
2026-06-09 17:00:00FR23152_NO2_A,FR23152,3,85191,1.5,2026-06-09 17:00:00+00:00
2026-06-09 17:00:00FR23152_O3_A,FR23152,8,85191,68.0,2026-06-09 17:00:00+00:00
2026-06-09 17:00:00FR23152_PM10_4,FR23152,24,85191,8.3,2026-06-09 17:00:00+00:00
2026-06-09 17:00:00FR23152_PM2.5_2,FR23152,39,85191,3.8,2026-06-09 17:00:00+00:00
2026-06-09 17:00:00FR23157_O3_A,FR23157,8,44018,57.0,2026-06-09 17:00:00+00:00
2026-06-09 17:00:00FR23163_O3_A,FR23163,8,72344,68.0,2026-06-09 17:00:00+00:00
2026-06-09 17:00:00FR23174_NO2_A,FR23174,3,72181,3.9,2026-06-09 17:00:00+00:00
2026-06-09 17:00:00FR23174_PM10_2,FR23174,24,72181,3.7,2026-06-09 17:00:00+00:00
2026-06-09 17:00:00FR23174_PM2.5_1,FR23174,39,72181,1.6,2026-06-09 17:00:00+00:00
2026-06-09 17:00:00FR23175_O3_A,FR23175,8,49035,64.0,2026-06-09 17:00:00+00:00
2026-06-09 17:00:00FR23177_NO2_1,FR23177,3,53210,1.2,2026-06-09 17:00:00+00:00
2026-06-09 17:00:00FR23177_O3_A,FR23177,8,53210,61.0,2026-06-09 17:00:00+00:00
2026-06-09 17:00:00FR23177_PM10_4,FR23177,24,53210,3.4,2026-06-09 17:00:00+00:00
2026-06-09 17:00:00FR23177_PM2.5_2,FR23177,39,53210,1.6,2026-06-09 17:00:00+00:00
2026-06-09 17:00:00FR23178_NO2_1,FR23178,3,44052,1.5,2026-06-09 17:00:00+00:00
2026-06-09 17:00:00FR23178_PM10_3,FR23178,24,44052,7.9,2026-06-09 17:00:00+00:00
2026-06-09 17:00:00FR23178_PM2.5_2,FR23178,39,44052,3.5,2026-06-09 17:00:00+00:00
2026-06-09 17:00:00FR23178_SO2_A,FR23178,1,44052,0.0,2026-06-09 17:00:00+00:00
2026-06-09 17:00:00FR23181_NO2_1,FR23181,3,44184,0.75,2026-06-09 17:00:00+00:00
2026-06-09 17:00:00FR23181_SO2_1,FR23181,1,44184,1.1,2026-06-09 17:00:00+00:00
2026-06-09 17:00:00FR23182_NO2_A,FR23182,3,72181,2.6,2026-06-09 17:00:00+00:00
2026-06-09 17:00:00FR23182_O3_A,FR23182,8,72181,65.0,2026-06-09 17:00:00+00:00
2026-06-09 17:00:00FR23182_PM10_3,FR23182,24,72181,3.1,2026-06-09 17:00:00+00:00
2026-06-09 17:00:00FR23182_PM2.5_2,FR23182,39,72181,1.3,2026-06-09 17:00:00+00:00
2026-06-09 17:00:00FR23188_NO2_A,FR23188,3,44109,1.5,2026-06-09 17:00:00+00:00
2026-06-09 17:00:00FR23188_O3_A,FR23188,8,44109,67.0,2026-06-09 17:00:00+00:00
2026-06-09 17:00:00FR23188_PM10_4,FR23188,24,44109,4.9,2026-06-09 17:00:00+00:00
2026-06-09 17:00:00FR23188_PM2.5_2,FR23188,39,44109,2.3,2026-06-09 17:00:00+00:00
2026-06-09 17:00:00FR23230_O3_A,FR23230,8,44132,62.0,2026-06-09 17:00:00+00:00
2026-06-09 17:00:00FR23238_PM10_A,FR23238,24,44143,9.6,2026-06-09 17:00:00+00:00
2026-06-09 17:00:00FR23238_PM2.5_1,FR23238,39,44143,4.8,2026-06-09 17:00:00+00:00
2026-06-09 17:00:00FR23239_NO2_A,FR23239,3,44020,2.5,2026-06-09 17:00:00+00:00
2026-06-09 17:00:00FR23239_PM10_1,FR23239,24,44020,6.5,2026-06-09 17:00:00+00:00
2026-06-09 17:00:00FR23239_PM2.5_6,FR23239,39,44020,2.9,2026-06-09 17:00:00+00:00
2026-06-09 17:00:00FR23242_NO2_1,FR23242,3,49007,23.0,2026-06-09 17:00:00+00:00
2026-06-09 17:00:00FR23242_PM10_1,FR23242,24,49007,8.5,2026-06-09 17:00:00+00:00
2026-06-09 17:00:00FR23242_PM2.5_1,FR23242,39,49007,3.9,2026-06-09 17:00:00+00:00
2026-06-09 17:00:00FR23249_NO2_A,FR23249,3,44103,0.98,2026-06-09 17:00:00+00:00
2026-06-09 17:00:00FR23249_PM10_1,FR23249,24,44103,6.8,2026-06-09 17:00:00+00:00
2026-06-09 17:00:00FR23249_PM2.5_1,FR23249,39,44103,3.4,2026-06-09 17:00:00+00:00
2026-06-09 17:00:00FR23249_SO2_A,FR23249,1,44103,0.0,2026-06-09 17:00:00+00:00
2026-06-09 17:00:00FR23251_NO2_1,FR23251,3,44109,18.0,2026-06-09 17:00:00+00:00
2026-06-09 17:00:00FR23251_PM2.5_1,FR23251,39,44109,3.7,2026-06-09 17:00:00+00:00
2026-06-09 17:00:00FR23252_NO2_1,FR23252,3,53130,18.0,2026-06-09 17:00:00+00:00
2026-06-09 17:00:00FR23252_PM2.5_1,FR23252,39,53130,5.3,2026-06-09 17:00:00+00:00
2026-06-09 17:00:00FR23259_PM10_1,FR23259,24,44109,6.5,2026-06-09 17:00:00+00:00
2026-06-09 17:00:00FR23259_PM2.5_1,FR23259,39,44109,2.9,2026-06-09 17:00:00+00:00
2026-06-09 16:00:00FR23001_SO2_A,FR23001,1,44052,0.3,2026-06-09 16:00:00+00:00
2026-06-09 16:00:00FR23003_NO2_A,FR23003,3,44052,1.5,2026-06-09 16:00:00+00:00
2026-06-09 16:00:00FR23003_PM10_1,FR23003,24,44052,6.2,2026-06-09 16:00:00+00:00
2026-06-09 16:00:00FR23003_PM2.5_1,FR23003,39,44052,2.7,2026-06-09 16:00:00+00:00
2026-06-09 16:00:00FR23003_SO2_A,FR23003,1,44052,0.13,2026-06-09 16:00:00+00:00
2026-06-09 16:00:00FR23068_NO2_A,FR23068,3,44061,0.63,2026-06-09 16:00:00+00:00
2026-06-09 16:00:00FR23068_PM10_4,FR23068,24,44061,6.1,2026-06-09 16:00:00+00:00
2026-06-09 16:00:00FR23068_PM2.5_1,FR23068,39,44061,2.8,2026-06-09 16:00:00+00:00
2026-06-09 16:00:00FR23068_SO2_A,FR23068,1,44061,0.18,2026-06-09 16:00:00+00:00
2026-06-09 16:00:00FR23069_SO2_A,FR23069,1,44195,0.0,2026-06-09 16:00:00+00:00
2026-06-09 16:00:00FR23070_NO2_A,FR23070,3,44158,0.85,2026-06-09 16:00:00+00:00
2026-06-09 16:00:00FR23070_PM10_3,FR23070,24,44158,5.6,2026-06-09 16:00:00+00:00
2026-06-09 16:00:00FR23070_PM2.5_1,FR23070,39,44158,2.6,2026-06-09 16:00:00+00:00
2026-06-09 16:00:00FR23070_SO2_A,FR23070,1,44158,0.7,2026-06-09 16:00:00+00:00
2026-06-09 16:00:00FR23075_NO2_A,FR23075,3,44210,2.9,2026-06-09 16:00:00+00:00
2026-06-09 16:00:00FR23078_NO2_A,FR23078,3,49099,2.1,2026-06-09 16:00:00+00:00
2026-06-09 16:00:00FR23078_O3_A,FR23078,8,49099,71.0,2026-06-09 16:00:00+00:00
2026-06-09 16:00:00FR23078_PM10_2,FR23078,24,49099,14.0,2026-06-09 16:00:00+00:00
2026-06-09 16:00:00FR23078_PM2.5_2,FR23078,39,49099,0.6,2026-06-09 16:00:00+00:00
2026-06-09 16:00:00FR23110_NO2_A,FR23110,3,44184,1.7,2026-06-09 16:00:00+00:00
2026-06-09 16:00:00FR23110_O3_A,FR23110,8,44184,66.0,2026-06-09 16:00:00+00:00
2026-06-09 16:00:00FR23110_PM10_3,FR23110,24,44184,7.7,2026-06-09 16:00:00+00:00
2026-06-09 16:00:00FR23110_PM2.5_3,FR23110,39,44184,3.2,2026-06-09 16:00:00+00:00
2026-06-09 16:00:00FR23120_NO2_A,FR23120,3,49007,5.5,2026-06-09 16:00:00+00:00
2026-06-09 16:00:00FR23120_PM10_4,FR23120,24,49007,8.3,2026-06-09 16:00:00+00:00
2026-06-09 16:00:00FR23120_PM2.5_2,FR23120,39,49007,2.3,2026-06-09 16:00:00+00:00
2026-06-09 16:00:00FR23123_NO2_A,FR23123,3,53130,1.2,2026-06-09 16:00:00+00:00
2026-06-09 16:00:00FR23123_O3_A,FR23123,8,53130,64.0,2026-06-09 16:00:00+00:00
2026-06-09 16:00:00FR23123_PM10_3,FR23123,24,53130,5.1,2026-06-09 16:00:00+00:00
2026-06-09 16:00:00FR23123_PM2.5_3,FR23123,39,53130,2.6,2026-06-09 16:00:00+00:00
2026-06-09 16:00:00FR23124_NO2_A,FR23124,3,85289,0.9,2026-06-09 16:00:00+00:00
2026-06-09 16:00:00FR23124_O3_A,FR23124,8,85289,63.0,2026-06-09 16:00:00+00:00
2026-06-09 16:00:00FR23124_PM10_4,FR23124,24,85289,7.0,2026-06-09 16:00:00+00:00
2026-06-09 16:00:00FR23124_PM2.5_2,FR23124,39,85289,2.7,2026-06-09 16:00:00+00:00
2026-06-09 16:00:00FR23149_SO2_A,FR23149,1,44116,0.0,2026-06-09 16:00:00+00:00
2026-06-09 16:00:00FR23150_NO2_A,FR23150,3,49007,2.4,2026-06-09 16:00:00+00:00
2026-06-09 16:00:00FR23150_O3_A,FR23150,8,49007,72.0,2026-06-09 16:00:00+00:00
2026-06-09 16:00:00FR23152_NO2_A,FR23152,3,85191,1.7,2026-06-09 16:00:00+00:00
2026-06-09 16:00:00FR23152_O3_A,FR23152,8,85191,70.0,2026-06-09 16:00:00+00:00
2026-06-09 16:00:00FR23152_PM10_4,FR23152,24,85191,6.6,2026-06-09 16:00:00+00:00
2026-06-09 16:00:00FR23152_PM2.5_2,FR23152,39,85191,2.8,2026-06-09 16:00:00+00:00
2026-06-09 16:00:00FR23157_O3_A,FR23157,8,44018,56.0,2026-06-09 16:00:00+00:00
2026-06-09 16:00:00FR23163_O3_A,FR23163,8,72344,69.0,2026-06-09 16:00:00+00:00
2026-06-09 16:00:00FR23174_NO2_A,FR23174,3,72181,3.6,2026-06-09 16:00:00+00:00
2026-06-09 16:00:00FR23174_PM10_2,FR23174,24,72181,5.1,2026-06-09 16:00:00+00:00
2026-06-09 16:00:00FR23174_PM2.5_1,FR23174,39,72181,1.8,2026-06-09 16:00:00+00:00
2026-06-09 16:00:00FR23175_O3_A,FR23175,8,49035,71.0,2026-06-09 16:00:00+00:00
2026-06-09 16:00:00FR23177_NO2_1,FR23177,3,53210,1.5,2026-06-09 16:00:00+00:00
2026-06-09 16:00:00FR23177_O3_A,FR23177,8,53210,61.0,2026-06-09 16:00:00+00:00
2026-06-09 16:00:00FR23177_PM10_4,FR23177,24,53210,4.2,2026-06-09 16:00:00+00:00
2026-06-09 16:00:00FR23177_PM2.5_2,FR23177,39,53210,1.8,2026-06-09 16:00:00+00:00
2026-06-09 16:00:00FR23178_NO2_1,FR23178,3,44052,2.4,2026-06-09 16:00:00+00:00
2026-06-09 16:00:00FR23178_PM10_3,FR23178,24,44052,6.7,2026-06-09 16:00:00+00:00
2026-06-09 16:00:00FR23178_PM2.5_2,FR23178,39,44052,3.0,2026-06-09 16:00:00+00:00
2026-06-09 16:00:00FR23178_SO2_A,FR23178,1,44052,0.0,2026-06-09 16:00:00+00:00
2026-06-09 16:00:00FR23181_NO2_1,FR23181,3,44184,0.98,2026-06-09 16:00:00+00:00
2026-06-09 16:00:00FR23181_SO2_1,FR23181,1,44184,0.78,2026-06-09 16:00:00+00:00
2026-06-09 16:00:00FR23182_NO2_A,FR23182,3,72181,2.7,2026-06-09 16:00:00+00:00
2026-06-09 16:00:00FR23182_O3_A,FR23182,8,72181,67.0,2026-06-09 16:00:00+00:00
2026-06-09 16:00:00FR23182_PM10_3,FR23182,24,72181,4.8,2026-06-09 16:00:00+00:00
2026-06-09 16:00:00FR23182_PM2.5_2,FR23182,39,72181,1.6,2026-06-09 16:00:00+00:00
2026-06-09 16:00:00FR23188_NO2_A,FR23188,3,44109,1.7,2026-06-09 16:00:00+00:00
2026-06-09 16:00:00FR23188_O3_A,FR23188,8,44109,69.0,2026-06-09 16:00:00+00:00
2026-06-09 16:00:00FR23188_PM10_4,FR23188,24,44109,5.7,2026-06-09 16:00:00+00:00
2026-06-09 16:00:00FR23188_PM2.5_2,FR23188,39,44109,2.6,2026-06-09 16:00:00+00:00
2026-06-09 16:00:00FR23230_O3_A,FR23230,8,44132,64.0,2026-06-09 16:00:00+00:00
2026-06-09 16:00:00FR23238_PM10_A,FR23238,24,44143,14.0,2026-06-09 16:00:00+00:00
2026-06-09 16:00:00FR23238_PM2.5_1,FR23238,39,44143,3.3,2026-06-09 16:00:00+00:00
2026-06-09 16:00:00FR23239_NO2_A,FR23239,3,44020,2.7,2026-06-09 16:00:00+00:00
2026-06-09 16:00:00FR23239_PM10_1,FR23239,24,44020,9.7,2026-06-09 16:00:00+00:00
2026-06-09 16:00:00FR23239_PM2.5_6,FR23239,39,44020,3.7,2026-06-09 16:00:00+00:00
2026-06-09 16:00:00FR23242_NO2_1,FR23242,3,49007,28.0,2026-06-09 16:00:00+00:00
2026-06-09 16:00:00FR23242_PM10_1,FR23242,24,49007,9.3,2026-06-09 16:00:00+00:00
2026-06-09 16:00:00FR23242_PM2.5_1,FR23242,39,49007,4.9,2026-06-09 16:00:00+00:00
2026-06-09 16:00:00FR23249_NO2_A,FR23249,3,44103,1.2,2026-06-09 16:00:00+00:00
2026-06-09 16:00:00FR23249_PM10_1,FR23249,24,44103,5.5,2026-06-09 16:00:00+00:00
2026-06-09 16:00:00FR23249_PM2.5_1,FR23249,39,44103,2.6,2026-06-09 16:00:00+00:00
2026-06-09 16:00:00FR23249_SO2_A,FR23249,1,44103,0.0,2026-06-09 16:00:00+00:00
2026-06-09 16:00:00FR23251_NO2_1,FR23251,3,44109,14.0,2026-06-09 16:00:00+00:00
2026-06-09 16:00:00FR23251_PM2.5_1,FR23251,39,44109,3.8,2026-06-09 16:00:00+00:00
2026-06-09 16:00:00FR23252_NO2_1,FR23252,3,53130,11.0,2026-06-09 16:00:00+00:00
2026-06-09 16:00:00FR23252_PM2.5_1,FR23252,39,53130,5.0,2026-06-09 16:00:00+00:00
2026-06-09 16:00:00FR23259_PM10_1,FR23259,24,44109,10.0,2026-06-09 16:00:00+00:00
2026-06-09 16:00:00FR23259_PM2.5_1,FR23259,39,44109,3.5,2026-06-09 16:00:00+00:00
2026-06-09 15:00:00FR23001_SO2_A,FR23001,1,44052,0.35,2026-06-09 15:00:00+00:00
2026-06-09 15:00:00FR23003_NO2_A,FR23003,3,44052,1.8,2026-06-09 15:00:00+00:00
2026-06-09 15:00:00FR23003_PM10_1,FR23003,24,44052,6.4,2026-06-09 15:00:00+00:00
2026-06-09 15:00:00FR23003_PM2.5_1,FR23003,39,44052,3.0,2026-06-09 15:00:00+00:00
2026-06-09 15:00:00FR23003_SO2_A,FR23003,1,44052,0.075,2026-06-09 15:00:00+00:00
2026-06-09 15:00:00FR23068_NO2_A,FR23068,3,44061,0.68,2026-06-09 15:00:00+00:00
2026-06-09 15:00:00FR23068_PM10_4,FR23068,24,44061,7.2,2026-06-09 15:00:00+00:00
2026-06-09 15:00:00FR23068_PM2.5_1,FR23068,39,44061,3.3,2026-06-09 15:00:00+00:00
2026-06-09 15:00:00FR23068_SO2_A,FR23068,1,44061,0.1,2026-06-09 15:00:00+00:00
2026-06-09 15:00:00FR23069_SO2_A,FR23069,1,44195,0.0,2026-06-09 15:00:00+00:00
2026-06-09 15:00:00FR23070_NO2_A,FR23070,3,44158,0.93,2026-06-09 15:00:00+00:00
2026-06-09 15:00:00FR23070_PM10_3,FR23070,24,44158,6.7,2026-06-09 15:00:00+00:00
2026-06-09 15:00:00FR23070_PM2.5_1,FR23070,39,44158,3.2,2026-06-09 15:00:00+00:00
2026-06-09 15:00:00FR23070_SO2_A,FR23070,1,44158,0.7,2026-06-09 15:00:00+00:00
2026-06-09 15:00:00FR23075_NO2_A,FR23075,3,44210,2.7,2026-06-09 15:00:00+00:00
2026-06-09 15:00:00FR23078_NO2_A,FR23078,3,49099,1.8,2026-06-09 15:00:00+00:00
2026-06-09 15:00:00FR23078_O3_A,FR23078,8,49099,74.0,2026-06-09 15:00:00+00:00
2026-06-09 15:00:00FR23078_PM10_2,FR23078,24,49099,8.6,2026-06-09 15:00:00+00:00
2026-06-09 15:00:00FR23078_PM2.5_2,FR23078,39,49099,0.6,2026-06-09 15:00:00+00:00
2026-06-09 15:00:00FR23110_NO2_A,FR23110,3,44184,2.3,2026-06-09 15:00:00+00:00
2026-06-09 15:00:00FR23110_O3_A,FR23110,8,44184,65.0,2026-06-09 15:00:00+00:00
2026-06-09 15:00:00FR23110_PM10_3,FR23110,24,44184,10.0,2026-06-09 15:00:00+00:00
2026-06-09 15:00:00FR23110_PM2.5_3,FR23110,39,44184,3.7,2026-06-09 15:00:00+00:00
2026-06-09 15:00:00FR23120_NO2_A,FR23120,3,49007,5.0,2026-06-09 15:00:00+00:00
2026-06-09 15:00:00FR23120_PM10_4,FR23120,24,49007,13.0,2026-06-09 15:00:00+00:00
2026-06-09 15:00:00FR23120_PM2.5_2,FR23120,39,49007,3.5,2026-06-09 15:00:00+00:00
2026-06-09 15:00:00FR23123_NO2_A,FR23123,3,53130,0.35,2026-06-09 15:00:00+00:00
2026-06-09 15:00:00FR23123_O3_A,FR23123,8,53130,63.0,2026-06-09 15:00:00+00:00
2026-06-09 15:00:00FR23123_PM10_3,FR23123,24,53130,4.0,2026-06-09 15:00:00+00:00
2026-06-09 15:00:00FR23123_PM2.5_3,FR23123,39,53130,1.8,2026-06-09 15:00:00+00:00
2026-06-09 15:00:00FR23124_NO2_A,FR23124,3,85289,1.2,2026-06-09 15:00:00+00:00
2026-06-09 15:00:00FR23124_O3_A,FR23124,8,85289,62.0,2026-06-09 15:00:00+00:00
2026-06-09 15:00:00FR23124_PM10_4,FR23124,24,85289,7.3,2026-06-09 15:00:00+00:00
2026-06-09 15:00:00FR23124_PM2.5_2,FR23124,39,85289,2.7,2026-06-09 15:00:00+00:00
2026-06-09 15:00:00FR23149_SO2_A,FR23149,1,44116,0.0,2026-06-09 15:00:00+00:00
2026-06-09 15:00:00FR23150_NO2_A,FR23150,3,49007,1.7,2026-06-09 15:00:00+00:00
2026-06-09 15:00:00FR23150_O3_A,FR23150,8,49007,72.0,2026-06-09 15:00:00+00:00
2026-06-09 15:00:00FR23152_NO2_A,FR23152,3,85191,1.3,2026-06-09 15:00:00+00:00
2026-06-09 15:00:00FR23152_O3_A,FR23152,8,85191,71.0,2026-06-09 15:00:00+00:00
2026-06-09 15:00:00FR23152_PM10_4,FR23152,24,85191,8.2,2026-06-09 15:00:00+00:00
2026-06-09 15:00:00FR23152_PM2.5_2,FR23152,39,85191,3.0,2026-06-09 15:00:00+00:00
2026-06-09 15:00:00FR23157_O3_A,FR23157,8,44018,54.0,2026-06-09 15:00:00+00:00
2026-06-09 15:00:00FR23163_O3_A,FR23163,8,72344,73.0,2026-06-09 15:00:00+00:00
2026-06-09 15:00:00FR23174_NO2_A,FR23174,3,72181,2.9,2026-06-09 15:00:00+00:00
2026-06-09 15:00:00FR23174_PM10_2,FR23174,24,72181,6.0,2026-06-09 15:00:00+00:00
2026-06-09 15:00:00FR23174_PM2.5_1,FR23174,39,72181,2.3,2026-06-09 15:00:00+00:00
2026-06-09 15:00:00FR23175_O3_A,FR23175,8,49035,71.0,2026-06-09 15:00:00+00:00
2026-06-09 15:00:00FR23177_NO2_1,FR23177,3,53210,1.4,2026-06-09 15:00:00+00:00
2026-06-09 15:00:00FR23177_O3_A,FR23177,8,53210,65.0,2026-06-09 15:00:00+00:00
2026-06-09 15:00:00FR23177_PM10_4,FR23177,24,53210,5.0,2026-06-09 15:00:00+00:00
2026-06-09 15:00:00FR23177_PM2.5_2,FR23177,39,53210,1.8,2026-06-09 15:00:00+00:00
2026-06-09 15:00:00FR23178_NO2_1,FR23178,3,44052,3.1,2026-06-09 15:00:00+00:00
2026-06-09 15:00:00FR23178_PM10_3,FR23178,24,44052,7.4,2026-06-09 15:00:00+00:00
2026-06-09 15:00:00FR23178_PM2.5_2,FR23178,39,44052,3.4,2026-06-09 15:00:00+00:00
2026-06-09 15:00:00FR23178_SO2_A,FR23178,1,44052,0.0,2026-06-09 15:00:00+00:00
2026-06-09 15:00:00FR23181_NO2_1,FR23181,3,44184,1.0,2026-06-09 15:00:00+00:00
2026-06-09 15:00:00FR23181_SO2_1,FR23181,1,44184,0.93,2026-06-09 15:00:00+00:00
2026-06-09 15:00:00FR23182_NO2_A,FR23182,3,72181,1.1,2026-06-09 15:00:00+00:00
2026-06-09 15:00:00FR23182_O3_A,FR23182,8,72181,70.0,2026-06-09 15:00:00+00:00
2026-06-09 15:00:00FR23182_PM10_3,FR23182,24,72181,4.9,2026-06-09 15:00:00+00:00
2026-06-09 15:00:00FR23182_PM2.5_2,FR23182,39,72181,2.0,2026-06-09 15:00:00+00:00
2026-06-09 15:00:00FR23188_NO2_A,FR23188,3,44109,1.7,2026-06-09 15:00:00+00:00
2026-06-09 15:00:00FR23188_O3_A,FR23188,8,44109,68.0,2026-06-09 15:00:00+00:00
2026-06-09 15:00:00FR23188_PM10_4,FR23188,24,44109,9.9,2026-06-09 15:00:00+00:00
2026-06-09 15:00:00FR23188_PM2.5_2,FR23188,39,44109,3.3,2026-06-09 15:00:00+00:00
2026-06-09 15:00:00FR23230_O3_A,FR23230,8,44132,63.0,2026-06-09 15:00:00+00:00
2026-06-09 15:00:00FR23238_PM10_A,FR23238,24,44143,15.0,2026-06-09 15:00:00+00:00
2026-06-09 15:00:00FR23238_PM2.5_1,FR23238,39,44143,2.0,2026-06-09 15:00:00+00:00
2026-06-09 15:00:00FR23239_NO2_A,FR23239,3,44020,2.9,2026-06-09 15:00:00+00:00
2026-06-09 15:00:00FR23239_PM10_1,FR23239,24,44020,11.0,2026-06-09 15:00:00+00:00
2026-06-09 15:00:00FR23239_PM2.5_6,FR23239,39,44020,3.9,2026-06-09 15:00:00+00:00
2026-06-09 15:00:00FR23242_NO2_1,FR23242,3,49007,14.0,2026-06-09 15:00:00+00:00
2026-06-09 15:00:00FR23242_PM10_1,FR23242,24,49007,13.0,2026-06-09 15:00:00+00:00
2026-06-09 15:00:00FR23242_PM2.5_1,FR23242,39,49007,4.5,2026-06-09 15:00:00+00:00
2026-06-09 15:00:00FR23249_NO2_A,FR23249,3,44103,1.6,2026-06-09 15:00:00+00:00
2026-06-09 15:00:00FR23249_PM10_1,FR23249,24,44103,6.3,2026-06-09 15:00:00+00:00
2026-06-09 15:00:00FR23249_PM2.5_1,FR23249,39,44103,3.2,2026-06-09 15:00:00+00:00
2026-06-09 15:00:00FR23249_SO2_A,FR23249,1,44103,0.0,2026-06-09 15:00:00+00:00
2026-06-09 15:00:00FR23251_NO2_1,FR23251,3,44109,11.0,2026-06-09 15:00:00+00:00
2026-06-09 15:00:00FR23251_PM2.5_1,FR23251,39,44109,7.2,2026-06-09 15:00:00+00:00
2026-06-09 15:00:00FR23252_NO2_1,FR23252,3,53130,11.0,2026-06-09 15:00:00+00:00
2026-06-09 15:00:00FR23252_PM2.5_1,FR23252,39,53130,3.1,2026-06-09 15:00:00+00:00
2026-06-09 15:00:00FR23259_PM10_1,FR23259,24,44109,13.0,2026-06-09 15:00:00+00:00
2026-06-09 15:00:00FR23259_PM2.5_1,FR23259,39,44109,3.7,2026-06-09 15:00:00+00:00
2026-06-09 14:00:00FR23001_SO2_A,FR23001,1,44052,0.28,2026-06-09 14:00:00+00:00
2026-06-09 14:00:00FR23003_NO2_A,FR23003,3,44052,1.9,2026-06-09 14:00:00+00:00
2026-06-09 14:00:00FR23003_PM10_1,FR23003,24,44052,8.6,2026-06-09 14:00:00+00:00
2026-06-09 14:00:00FR23003_PM2.5_1,FR23003,39,44052,3.6,2026-06-09 14:00:00+00:00
2026-06-09 14:00:00FR23003_SO2_A,FR23003,1,44052,0.0,2026-06-09 14:00:00+00:00
2026-06-09 14:00:00FR23068_NO2_A,FR23068,3,44061,0.57,2026-06-09 14:00:00+00:00
2026-06-09 14:00:00FR23068_PM10_4,FR23068,24,44061,7.2,2026-06-09 14:00:00+00:00
2026-06-09 14:00:00FR23068_PM2.5_1,FR23068,39,44061,3.5,2026-06-09 14:00:00+00:00
2026-06-09 14:00:00FR23068_SO2_A,FR23068,1,44061,0.23,2026-06-09 14:00:00+00:00
2026-06-09 14:00:00FR23069_SO2_A,FR23069,1,44195,0.0,2026-06-09 14:00:00+00:00
2026-06-09 14:00:00FR23070_NO2_A,FR23070,3,44158,0.63,2026-06-09 14:00:00+00:00
2026-06-09 14:00:00FR23070_PM10_3,FR23070,24,44158,5.5,2026-06-09 14:00:00+00:00
2026-06-09 14:00:00FR23070_PM2.5_1,FR23070,39,44158,2.7,2026-06-09 14:00:00+00:00
2026-06-09 14:00:00FR23070_SO2_A,FR23070,1,44158,0.68,2026-06-09 14:00:00+00:00
2026-06-09 14:00:00FR23075_NO2_A,FR23075,3,44210,2.5,2026-06-09 14:00:00+00:00
2026-06-09 14:00:00FR23078_NO2_A,FR23078,3,49099,1.6,2026-06-09 14:00:00+00:00
2026-06-09 14:00:00FR23078_O3_A,FR23078,8,49099,73.0,2026-06-09 14:00:00+00:00
2026-06-09 14:00:00FR23078_PM10_2,FR23078,24,49099,9.5,2026-06-09 14:00:00+00:00
2026-06-09 14:00:00FR23110_NO2_A,FR23110,3,44184,1.0,2026-06-09 14:00:00+00:00
2026-06-09 14:00:00FR23110_O3_A,FR23110,8,44184,68.0,2026-06-09 14:00:00+00:00
2026-06-09 14:00:00FR23110_PM10_3,FR23110,24,44184,9.3,2026-06-09 14:00:00+00:00
2026-06-09 14:00:00FR23110_PM2.5_3,FR23110,39,44184,4.2,2026-06-09 14:00:00+00:00
2026-06-09 14:00:00FR23120_NO2_A,FR23120,3,49007,3.7,2026-06-09 14:00:00+00:00
2026-06-09 14:00:00FR23120_PM10_4,FR23120,24,49007,16.0,2026-06-09 14:00:00+00:00
2026-06-09 14:00:00FR23120_PM2.5_2,FR23120,39,49007,3.9,2026-06-09 14:00:00+00:00
2026-06-09 14:00:00FR23123_NO2_A,FR23123,3,53130,0.35,2026-06-09 14:00:00+00:00
2026-06-09 14:00:00FR23123_O3_A,FR23123,8,53130,64.0,2026-06-09 14:00:00+00:00
2026-06-09 14:00:00FR23123_PM10_3,FR23123,24,53130,5.2,2026-06-09 14:00:00+00:00
2026-06-09 14:00:00FR23123_PM2.5_3,FR23123,39,53130,2.5,2026-06-09 14:00:00+00:00
2026-06-09 14:00:00FR23124_NO2_A,FR23124,3,85289,1.5,2026-06-09 14:00:00+00:00
2026-06-09 14:00:00FR23124_O3_A,FR23124,8,85289,58.0,2026-06-09 14:00:00+00:00
2026-06-09 14:00:00FR23124_PM10_4,FR23124,24,85289,6.8,2026-06-09 14:00:00+00:00
2026-06-09 14:00:00FR23124_PM2.5_2,FR23124,39,85289,2.4,2026-06-09 14:00:00+00:00
2026-06-09 14:00:00FR23149_SO2_A,FR23149,1,44116,0.0,2026-06-09 14:00:00+00:00
2026-06-09 14:00:00FR23150_NO2_A,FR23150,3,49007,3.1,2026-06-09 14:00:00+00:00
2026-06-09 14:00:00FR23150_O3_A,FR23150,8,49007,71.0,2026-06-09 14:00:00+00:00
2026-06-09 14:00:00FR23152_NO2_A,FR23152,3,85191,1.3,2026-06-09 14:00:00+00:00
2026-06-09 14:00:00FR23152_O3_A,FR23152,8,85191,72.0,2026-06-09 14:00:00+00:00
2026-06-09 14:00:00FR23152_PM10_4,FR23152,24,85191,7.9,2026-06-09 14:00:00+00:00
2026-06-09 14:00:00FR23152_PM2.5_2,FR23152,39,85191,3.2,2026-06-09 14:00:00+00:00
2026-06-09 14:00:00FR23163_O3_A,FR23163,8,72344,70.0,2026-06-09 14:00:00+00:00
2026-06-09 14:00:00FR23174_NO2_A,FR23174,3,72181,2.2,2026-06-09 14:00:00+00:00
2026-06-09 14:00:00FR23174_PM10_2,FR23174,24,72181,6.3,2026-06-09 14:00:00+00:00
2026-06-09 14:00:00FR23174_PM2.5_1,FR23174,39,72181,2.6,2026-06-09 14:00:00+00:00
2026-06-09 14:00:00FR23175_O3_A,FR23175,8,49035,70.0,2026-06-09 14:00:00+00:00
2026-06-09 14:00:00FR23177_NO2_1,FR23177,3,53210,1.0,2026-06-09 14:00:00+00:00
2026-06-09 14:00:00FR23177_O3_A,FR23177,8,53210,69.0,2026-06-09 14:00:00+00:00
2026-06-09 14:00:00FR23177_PM10_4,FR23177,24,53210,4.9,2026-06-09 14:00:00+00:00
2026-06-09 14:00:00FR23177_PM2.5_2,FR23177,39,53210,1.7,2026-06-09 14:00:00+00:00
2026-06-09 14:00:00FR23178_NO2_1,FR23178,3,44052,2.7,2026-06-09 14:00:00+00:00
2026-06-09 14:00:00FR23178_PM10_3,FR23178,24,44052,9.7,2026-06-09 14:00:00+00:00
2026-06-09 14:00:00FR23178_PM2.5_2,FR23178,39,44052,4.1,2026-06-09 14:00:00+00:00
2026-06-09 14:00:00FR23178_SO2_A,FR23178,1,44052,0.0,2026-06-09 14:00:00+00:00
2026-06-09 14:00:00FR23181_NO2_1,FR23181,3,44184,1.1,2026-06-09 14:00:00+00:00
2026-06-09 14:00:00FR23181_SO2_1,FR23181,1,44184,0.78,2026-06-09 14:00:00+00:00
2026-06-09 14:00:00FR23182_NO2_A,FR23182,3,72181,1.0,2026-06-09 14:00:00+00:00
2026-06-09 14:00:00FR23182_O3_A,FR23182,8,72181,69.0,2026-06-09 14:00:00+00:00
2026-06-09 14:00:00FR23182_PM10_3,FR23182,24,72181,6.9,2026-06-09 14:00:00+00:00
2026-06-09 14:00:00FR23182_PM2.5_2,FR23182,39,72181,2.6,2026-06-09 14:00:00+00:00
2026-06-09 14:00:00FR23188_NO2_A,FR23188,3,44109,1.8,2026-06-09 14:00:00+00:00
2026-06-09 14:00:00FR23188_O3_A,FR23188,8,44109,70.0,2026-06-09 14:00:00+00:00
2026-06-09 14:00:00FR23188_PM10_4,FR23188,24,44109,9.5,2026-06-09 14:00:00+00:00
2026-06-09 14:00:00FR23188_PM2.5_2,FR23188,39,44109,3.8,2026-06-09 14:00:00+00:00
2026-06-09 14:00:00FR23230_O3_A,FR23230,8,44132,64.0,2026-06-09 14:00:00+00:00
2026-06-09 14:00:00FR23238_PM10_A,FR23238,24,44143,11.0,2026-06-09 14:00:00+00:00
2026-06-09 14:00:00FR23238_PM2.5_1,FR23238,39,44143,2.8,2026-06-09 14:00:00+00:00
2026-06-09 14:00:00FR23239_NO2_A,FR23239,3,44020,1.5,2026-06-09 14:00:00+00:00
2026-06-09 14:00:00FR23239_PM10_1,FR23239,24,44020,9.5,2026-06-09 14:00:00+00:00
2026-06-09 14:00:00FR23239_PM2.5_6,FR23239,39,44020,3.7,2026-06-09 14:00:00+00:00
2026-06-09 14:00:00FR23242_NO2_1,FR23242,3,49007,21.0,2026-06-09 14:00:00+00:00
2026-06-09 14:00:00FR23242_PM10_1,FR23242,24,49007,13.0,2026-06-09 14:00:00+00:00
2026-06-09 14:00:00FR23242_PM2.5_1,FR23242,39,49007,2.3,2026-06-09 14:00:00+00:00
2026-06-09 14:00:00FR23249_NO2_A,FR23249,3,44103,2.7,2026-06-09 14:00:00+00:00
2026-06-09 14:00:00FR23249_PM10_1,FR23249,24,44103,6.7,2026-06-09 14:00:00+00:00
2026-06-09 14:00:00FR23249_PM2.5_1,FR23249,39,44103,3.4,2026-06-09 14:00:00+00:00
2026-06-09 14:00:00FR23249_SO2_A,FR23249,1,44103,0.0,2026-06-09 14:00:00+00:00
2026-06-09 14:00:00FR23251_NO2_1,FR23251,3,44109,16.0,2026-06-09 14:00:00+00:00
2026-06-09 14:00:00FR23251_PM2.5_1,FR23251,39,44109,13.0,2026-06-09 14:00:00+00:00
2026-06-09 14:00:00FR23252_NO2_1,FR23252,3,53130,13.0,2026-06-09 14:00:00+00:00
2026-06-09 14:00:00FR23252_PM2.5_1,FR23252,39,53130,3.4,2026-06-09 14:00:00+00:00
2026-06-09 14:00:00FR23259_PM10_1,FR23259,24,44109,11.0,2026-06-09 14:00:00+00:00
2026-06-09 14:00:00FR23259_PM2.5_1,FR23259,39,44109,4.0,2026-06-09 14:00:00+00:00
2026-06-09 13:00:00FR23001_SO2_A,FR23001,1,44052,0.33,2026-06-09 13:00:00+00:00
2026-06-09 13:00:00FR23003_NO2_A,FR23003,3,44052,3.0,2026-06-09 13:00:00+00:00
2026-06-09 13:00:00FR23003_PM10_1,FR23003,24,44052,8.3,2026-06-09 13:00:00+00:00
2026-06-09 13:00:00FR23003_PM2.5_1,FR23003,39,44052,3.7,2026-06-09 13:00:00+00:00
2026-06-09 13:00:00FR23003_SO2_A,FR23003,1,44052,0.15,2026-06-09 13:00:00+00:00
2026-06-09 13:00:00FR23068_NO2_A,FR23068,3,44061,0.57,2026-06-09 13:00:00+00:00
2026-06-09 13:00:00FR23068_PM10_4,FR23068,24,44061,8.1,2026-06-09 13:00:00+00:00
2026-06-09 13:00:00FR23068_PM2.5_1,FR23068,39,44061,4.0,2026-06-09 13:00:00+00:00
2026-06-09 13:00:00FR23068_SO2_A,FR23068,1,44061,0.25,2026-06-09 13:00:00+00:00
2026-06-09 13:00:00FR23069_SO2_A,FR23069,1,44195,0.0,2026-06-09 13:00:00+00:00
2026-06-09 13:00:00FR23070_NO2_A,FR23070,3,44158,0.48,2026-06-09 13:00:00+00:00
2026-06-09 13:00:00FR23070_PM10_3,FR23070,24,44158,7.4,2026-06-09 13:00:00+00:00
2026-06-09 13:00:00FR23070_PM2.5_1,FR23070,39,44158,3.5,2026-06-09 13:00:00+00:00
2026-06-09 13:00:00FR23070_SO2_A,FR23070,1,44158,0.68,2026-06-09 13:00:00+00:00
2026-06-09 13:00:00FR23075_NO2_A,FR23075,3,44210,1.7,2026-06-09 13:00:00+00:00
2026-06-09 13:00:00FR23078_NO2_A,FR23078,3,49099,1.7,2026-06-09 13:00:00+00:00
2026-06-09 13:00:00FR23078_O3_A,FR23078,8,49099,73.0,2026-06-09 13:00:00+00:00
2026-06-09 13:00:00FR23078_PM10_2,FR23078,24,49099,7.6,2026-06-09 13:00:00+00:00
2026-06-09 13:00:00FR23078_PM2.5_2,FR23078,39,49099,4.0,2026-06-09 13:00:00+00:00
2026-06-09 13:00:00FR23110_NO2_A,FR23110,3,44184,1.1,2026-06-09 13:00:00+00:00
2026-06-09 13:00:00FR23110_O3_A,FR23110,8,44184,66.0,2026-06-09 13:00:00+00:00
2026-06-09 13:00:00FR23110_PM10_3,FR23110,24,44184,10.0,2026-06-09 13:00:00+00:00
2026-06-09 13:00:00FR23110_PM2.5_3,FR23110,39,44184,4.1,2026-06-09 13:00:00+00:00
2026-06-09 13:00:00FR23120_NO2_A,FR23120,3,49007,4.9,2026-06-09 13:00:00+00:00
2026-06-09 13:00:00FR23120_PM10_4,FR23120,24,49007,22.0,2026-06-09 13:00:00+00:00
2026-06-09 13:00:00FR23120_PM2.5_2,FR23120,39,49007,4.5,2026-06-09 13:00:00+00:00
2026-06-09 13:00:00FR23123_NO2_A,FR23123,3,53130,0.0,2026-06-09 13:00:00+00:00
2026-06-09 13:00:00FR23123_O3_A,FR23123,8,53130,63.0,2026-06-09 13:00:00+00:00
2026-06-09 13:00:00FR23123_PM10_3,FR23123,24,53130,6.8,2026-06-09 13:00:00+00:00
2026-06-09 13:00:00FR23123_PM2.5_3,FR23123,39,53130,3.2,2026-06-09 13:00:00+00:00
2026-06-09 13:00:00FR23124_NO2_A,FR23124,3,85289,1.4,2026-06-09 13:00:00+00:00
2026-06-09 13:00:00FR23124_O3_A,FR23124,8,85289,58.0,2026-06-09 13:00:00+00:00
2026-06-09 13:00:00FR23124_PM10_4,FR23124,24,85289,6.4,2026-06-09 13:00:00+00:00
2026-06-09 13:00:00FR23124_PM2.5_2,FR23124,39,85289,2.5,2026-06-09 13:00:00+00:00
2026-06-09 13:00:00FR23149_SO2_A,FR23149,1,44116,0.0,2026-06-09 13:00:00+00:00
2026-06-09 13:00:00FR23150_NO2_A,FR23150,3,49007,4.4,2026-06-09 13:00:00+00:00
2026-06-09 13:00:00FR23150_O3_A,FR23150,8,49007,69.0,2026-06-09 13:00:00+00:00
2026-06-09 13:00:00FR23152_NO2_A,FR23152,3,85191,1.0,2026-06-09 13:00:00+00:00
2026-06-09 13:00:00FR23152_O3_A,FR23152,8,85191,72.0,2026-06-09 13:00:00+00:00
2026-06-09 13:00:00FR23152_PM10_4,FR23152,24,85191,7.9,2026-06-09 13:00:00+00:00
2026-06-09 13:00:00FR23152_PM2.5_2,FR23152,39,85191,3.0,2026-06-09 13:00:00+00:00
2026-06-09 13:00:00FR23163_O3_A,FR23163,8,72344,69.0,2026-06-09 13:00:00+00:00
2026-06-09 13:00:00FR23174_NO2_A,FR23174,3,72181,2.9,2026-06-09 13:00:00+00:00
2026-06-09 13:00:00FR23174_PM10_2,FR23174,24,72181,6.6,2026-06-09 13:00:00+00:00
2026-06-09 13:00:00FR23174_PM2.5_1,FR23174,39,72181,2.7,2026-06-09 13:00:00+00:00
2026-06-09 13:00:00FR23175_O3_A,FR23175,8,49035,71.0,2026-06-09 13:00:00+00:00
2026-06-09 13:00:00FR23177_NO2_1,FR23177,3,53210,1.2,2026-06-09 13:00:00+00:00
2026-06-09 13:00:00FR23177_O3_A,FR23177,8,53210,66.0,2026-06-09 13:00:00+00:00
2026-06-09 13:00:00FR23177_PM10_4,FR23177,24,53210,6.3,2026-06-09 13:00:00+00:00
2026-06-09 13:00:00FR23177_PM2.5_2,FR23177,39,53210,2.5,2026-06-09 13:00:00+00:00
2026-06-09 13:00:00FR23178_NO2_1,FR23178,3,44052,2.0,2026-06-09 13:00:00+00:00
2026-06-09 13:00:00FR23178_PM10_3,FR23178,24,44052,7.7,2026-06-09 13:00:00+00:00
2026-06-09 13:00:00FR23178_PM2.5_2,FR23178,39,44052,3.9,2026-06-09 13:00:00+00:00
2026-06-09 13:00:00FR23178_SO2_A,FR23178,1,44052,0.0,2026-06-09 13:00:00+00:00
2026-06-09 13:00:00FR23181_NO2_1,FR23181,3,44184,0.78,2026-06-09 13:00:00+00:00
2026-06-09 13:00:00FR23181_SO2_1,FR23181,1,44184,0.63,2026-06-09 13:00:00+00:00
2026-06-09 13:00:00FR23182_NO2_A,FR23182,3,72181,0.93,2026-06-09 13:00:00+00:00
2026-06-09 13:00:00FR23182_O3_A,FR23182,8,72181,68.0,2026-06-09 13:00:00+00:00
2026-06-09 13:00:00FR23182_PM10_3,FR23182,24,72181,6.3,2026-06-09 13:00:00+00:00
2026-06-09 13:00:00FR23182_PM2.5_2,FR23182,39,72181,2.6,2026-06-09 13:00:00+00:00
2026-06-09 13:00:00FR23188_NO2_A,FR23188,3,44109,2.1,2026-06-09 13:00:00+00:00
2026-06-09 13:00:00FR23188_O3_A,FR23188,8,44109,71.0,2026-06-09 13:00:00+00:00
2026-06-09 13:00:00FR23188_PM10_4,FR23188,24,44109,9.0,2026-06-09 13:00:00+00:00
2026-06-09 13:00:00FR23188_PM2.5_2,FR23188,39,44109,3.7,2026-06-09 13:00:00+00:00
2026-06-09 13:00:00FR23230_O3_A,FR23230,8,44132,62.0,2026-06-09 13:00:00+00:00
2026-06-09 13:00:00FR23238_PM10_A,FR23238,24,44143,15.0,2026-06-09 13:00:00+00:00
2026-06-09 13:00:00FR23238_PM2.5_1,FR23238,39,44143,3.2,2026-06-09 13:00:00+00:00
2026-06-09 13:00:00FR23239_NO2_A,FR23239,3,44020,2.2,2026-06-09 13:00:00+00:00
2026-06-09 13:00:00FR23239_PM10_1,FR23239,24,44020,8.3,2026-06-09 13:00:00+00:00
2026-06-09 13:00:00FR23239_PM2.5_6,FR23239,39,44020,3.6,2026-06-09 13:00:00+00:00
2026-06-09 13:00:00FR23242_NO2_1,FR23242,3,49007,23.0,2026-06-09 13:00:00+00:00
2026-06-09 13:00:00FR23242_PM10_1,FR23242,24,49007,17.0,2026-06-09 13:00:00+00:00
2026-06-09 13:00:00FR23242_PM2.5_1,FR23242,39,49007,0.6,2026-06-09 13:00:00+00:00
2026-06-09 13:00:00FR23249_NO2_A,FR23249,3,44103,0.9,2026-06-09 13:00:00+00:00
2026-06-09 13:00:00FR23249_PM10_1,FR23249,24,44103,7.3,2026-06-09 13:00:00+00:00
2026-06-09 13:00:00FR23249_PM2.5_1,FR23249,39,44103,3.3,2026-06-09 13:00:00+00:00
2026-06-09 13:00:00FR23249_SO2_A,FR23249,1,44103,0.0,2026-06-09 13:00:00+00:00
2026-06-09 13:00:00FR23251_NO2_1,FR23251,3,44109,28.0,2026-06-09 13:00:00+00:00
2026-06-09 13:00:00FR23251_PM2.5_1,FR23251,39,44109,11.0,2026-06-09 13:00:00+00:00
2026-06-09 13:00:00FR23252_NO2_1,FR23252,3,53130,15.0,2026-06-09 13:00:00+00:00
2026-06-09 13:00:00FR23252_PM2.5_1,FR23252,39,53130,5.4,2026-06-09 13:00:00+00:00
2026-06-09 13:00:00FR23259_PM10_1,FR23259,24,44109,13.0,2026-06-09 13:00:00+00:00
2026-06-09 13:00:00FR23259_PM2.5_1,FR23259,39,44109,4.1,2026-06-09 13:00:00+00:00
2026-06-09 12:00:00FR23001_SO2_A,FR23001,1,44052,0.25,2026-06-09 12:00:00+00:00
2026-06-09 12:00:00FR23003_NO2_A,FR23003,3,44052,2.0,2026-06-09 12:00:00+00:00
2026-06-09 12:00:00FR23003_PM10_1,FR23003,24,44052,8.7,2026-06-09 12:00:00+00:00
2026-06-09 12:00:00FR23003_PM2.5_1,FR23003,39,44052,4.0,2026-06-09 12:00:00+00:00
2026-06-09 12:00:00FR23003_SO2_A,FR23003,1,44052,0.0,2026-06-09 12:00:00+00:00
2026-06-09 12:00:00FR23068_NO2_A,FR23068,3,44061,0.63,2026-06-09 12:00:00+00:00
2026-06-09 12:00:00FR23068_PM10_4,FR23068,24,44061,7.9,2026-06-09 12:00:00+00:00
2026-06-09 12:00:00FR23068_PM2.5_1,FR23068,39,44061,3.8,2026-06-09 12:00:00+00:00
2026-06-09 12:00:00FR23068_SO2_A,FR23068,1,44061,0.3,2026-06-09 12:00:00+00:00
2026-06-09 12:00:00FR23069_SO2_A,FR23069,1,44195,0.0,2026-06-09 12:00:00+00:00
2026-06-09 12:00:00FR23070_NO2_A,FR23070,3,44158,0.83,2026-06-09 12:00:00+00:00
2026-06-09 12:00:00FR23070_PM10_3,FR23070,24,44158,6.9,2026-06-09 12:00:00+00:00
2026-06-09 12:00:00FR23070_PM2.5_1,FR23070,39,44158,3.2,2026-06-09 12:00:00+00:00
2026-06-09 12:00:00FR23070_SO2_A,FR23070,1,44158,0.78,2026-06-09 12:00:00+00:00
2026-06-09 12:00:00FR23075_NO2_A,FR23075,3,44210,2.1,2026-06-09 12:00:00+00:00
2026-06-09 12:00:00FR23078_NO2_A,FR23078,3,49099,1.7,2026-06-09 12:00:00+00:00
2026-06-09 12:00:00FR23078_O3_A,FR23078,8,49099,71.0,2026-06-09 12:00:00+00:00
2026-06-09 12:00:00FR23078_PM10_2,FR23078,24,49099,4.7,2026-06-09 12:00:00+00:00
2026-06-09 12:00:00FR23078_PM2.5_2,FR23078,39,49099,5.9,2026-06-09 12:00:00+00:00
2026-06-09 12:00:00FR23110_NO2_A,FR23110,3,44184,2.1,2026-06-09 12:00:00+00:00
2026-06-09 12:00:00FR23110_O3_A,FR23110,8,44184,70.0,2026-06-09 12:00:00+00:00
2026-06-09 12:00:00FR23110_PM10_3,FR23110,24,44184,11.0,2026-06-09 12:00:00+00:00
2026-06-09 12:00:00FR23110_PM2.5_3,FR23110,39,44184,4.5,2026-06-09 12:00:00+00:00
2026-06-09 12:00:00FR23120_NO2_A,FR23120,3,49007,4.5,2026-06-09 12:00:00+00:00
2026-06-09 12:00:00FR23120_PM10_4,FR23120,24,49007,11.0,2026-06-09 12:00:00+00:00
2026-06-09 12:00:00FR23120_PM2.5_2,FR23120,39,49007,3.3,2026-06-09 12:00:00+00:00
2026-06-09 12:00:00FR23123_NO2_A,FR23123,3,53130,0.0,2026-06-09 12:00:00+00:00
2026-06-09 12:00:00FR23123_O3_A,FR23123,8,53130,63.0,2026-06-09 12:00:00+00:00
2026-06-09 12:00:00FR23123_PM10_3,FR23123,24,53130,5.8,2026-06-09 12:00:00+00:00
2026-06-09 12:00:00FR23123_PM2.5_3,FR23123,39,53130,3.1,2026-06-09 12:00:00+00:00
2026-06-09 12:00:00FR23124_NO2_A,FR23124,3,85289,1.1,2026-06-09 12:00:00+00:00
2026-06-09 12:00:00FR23124_O3_A,FR23124,8,85289,58.0,2026-06-09 12:00:00+00:00
2026-06-09 12:00:00FR23124_PM10_4,FR23124,24,85289,7.9,2026-06-09 12:00:00+00:00
2026-06-09 12:00:00FR23124_PM2.5_2,FR23124,39,85289,2.6,2026-06-09 12:00:00+00:00
2026-06-09 12:00:00FR23149_SO2_A,FR23149,1,44116,0.0,2026-06-09 12:00:00+00:00
2026-06-09 12:00:00FR23150_NO2_A,FR23150,3,49007,2.0,2026-06-09 12:00:00+00:00
2026-06-09 12:00:00FR23150_O3_A,FR23150,8,49007,70.0,2026-06-09 12:00:00+00:00
2026-06-09 12:00:00FR23152_NO2_A,FR23152,3,85191,1.1,2026-06-09 12:00:00+00:00
2026-06-09 12:00:00FR23152_O3_A,FR23152,8,85191,72.0,2026-06-09 12:00:00+00:00
2026-06-09 12:00:00FR23152_PM10_4,FR23152,24,85191,5.4,2026-06-09 12:00:00+00:00
2026-06-09 12:00:00FR23152_PM2.5_2,FR23152,39,85191,2.3,2026-06-09 12:00:00+00:00
2026-06-09 12:00:00FR23157_O3_A,FR23157,8,44018,67.0,2026-06-09 12:00:00+00:00
2026-06-09 12:00:00FR23163_O3_A,FR23163,8,72344,68.0,2026-06-09 12:00:00+00:00
2026-06-09 12:00:00FR23174_NO2_A,FR23174,3,72181,2.4,2026-06-09 12:00:00+00:00
2026-06-09 12:00:00FR23174_PM10_2,FR23174,24,72181,6.0,2026-06-09 12:00:00+00:00
2026-06-09 12:00:00FR23174_PM2.5_1,FR23174,39,72181,2.7,2026-06-09 12:00:00+00:00
2026-06-09 12:00:00FR23175_O3_A,FR23175,8,49035,71.0,2026-06-09 12:00:00+00:00
2026-06-09 12:00:00FR23177_NO2_1,FR23177,3,53210,1.1,2026-06-09 12:00:00+00:00
2026-06-09 12:00:00FR23177_O3_A,FR23177,8,53210,67.0,2026-06-09 12:00:00+00:00
2026-06-09 12:00:00FR23177_PM10_4,FR23177,24,53210,6.5,2026-06-09 12:00:00+00:00
2026-06-09 12:00:00FR23177_PM2.5_2,FR23177,39,53210,2.6,2026-06-09 12:00:00+00:00
2026-06-09 12:00:00FR23178_NO2_1,FR23178,3,44052,2.4,2026-06-09 12:00:00+00:00
2026-06-09 12:00:00FR23178_PM10_3,FR23178,24,44052,9.0,2026-06-09 12:00:00+00:00
2026-06-09 12:00:00FR23178_PM2.5_2,FR23178,39,44052,4.2,2026-06-09 12:00:00+00:00
2026-06-09 12:00:00FR23178_SO2_A,FR23178,1,44052,0.0,2026-06-09 12:00:00+00:00
2026-06-09 12:00:00FR23181_NO2_1,FR23181,3,44184,0.93,2026-06-09 12:00:00+00:00
2026-06-09 12:00:00FR23181_SO2_1,FR23181,1,44184,0.57,2026-06-09 12:00:00+00:00
2026-06-09 12:00:00FR23182_NO2_A,FR23182,3,72181,1.4,2026-06-09 12:00:00+00:00
2026-06-09 12:00:00FR23182_O3_A,FR23182,8,72181,66.0,2026-06-09 12:00:00+00:00
2026-06-09 12:00:00FR23182_PM10_3,FR23182,24,72181,7.2,2026-06-09 12:00:00+00:00
2026-06-09 12:00:00FR23182_PM2.5_2,FR23182,39,72181,2.9,2026-06-09 12:00:00+00:00
2026-06-09 12:00:00FR23188_NO2_A,FR23188,3,44109,1.5,2026-06-09 12:00:00+00:00
2026-06-09 12:00:00FR23188_O3_A,FR23188,8,44109,71.0,2026-06-09 12:00:00+00:00
2026-06-09 12:00:00FR23188_PM10_4,FR23188,24,44109,7.7,2026-06-09 12:00:00+00:00
2026-06-09 12:00:00FR23188_PM2.5_2,FR23188,39,44109,3.2,2026-06-09 12:00:00+00:00
2026-06-09 12:00:00FR23230_O3_A,FR23230,8,44132,65.0,2026-06-09 12:00:00+00:00
2026-06-09 12:00:00FR23238_PM10_A,FR23238,24,44143,11.0,2026-06-09 12:00:00+00:00
2026-06-09 12:00:00FR23238_PM2.5_1,FR23238,39,44143,5.9,2026-06-09 12:00:00+00:00
2026-06-09 12:00:00FR23239_NO2_A,FR23239,3,44020,2.4,2026-06-09 12:00:00+00:00
2026-06-09 12:00:00FR23239_PM10_1,FR23239,24,44020,11.0,2026-06-09 12:00:00+00:00
2026-06-09 12:00:00FR23239_PM2.5_6,FR23239,39,44020,4.1,2026-06-09 12:00:00+00:00
2026-06-09 12:00:00FR23242_NO2_1,FR23242,3,49007,12.0,2026-06-09 12:00:00+00:00
2026-06-09 12:00:00FR23242_PM10_1,FR23242,24,49007,12.0,2026-06-09 12:00:00+00:00
2026-06-09 12:00:00FR23242_PM2.5_1,FR23242,39,49007,3.7,2026-06-09 12:00:00+00:00
2026-06-09 12:00:00FR23249_NO2_A,FR23249,3,44103,1.6,2026-06-09 12:00:00+00:00
2026-06-09 12:00:00FR23249_PM10_1,FR23249,24,44103,8.3,2026-06-09 12:00:00+00:00
2026-06-09 12:00:00FR23249_PM2.5_1,FR23249,39,44103,4.0,2026-06-09 12:00:00+00:00
2026-06-09 12:00:00FR23249_SO2_A,FR23249,1,44103,0.0,2026-06-09 12:00:00+00:00
2026-06-09 12:00:00FR23251_NO2_1,FR23251,3,44109,21.0,2026-06-09 12:00:00+00:00
2026-06-09 12:00:00FR23251_PM2.5_1,FR23251,39,44109,6.9,2026-06-09 12:00:00+00:00
2026-06-09 12:00:00FR23252_NO2_1,FR23252,3,53130,11.0,2026-06-09 12:00:00+00:00
2026-06-09 12:00:00FR23252_PM2.5_1,FR23252,39,53130,5.7,2026-06-09 12:00:00+00:00
2026-06-09 12:00:00FR23259_PM10_1,FR23259,24,44109,12.0,2026-06-09 12:00:00+00:00
2026-06-09 12:00:00FR23259_PM2.5_1,FR23259,39,44109,4.0,2026-06-09 12:00:00+00:00
2026-06-09 11:00:00FR23001_SO2_A,FR23001,1,44052,0.2,2026-06-09 11:00:00+00:00
2026-06-09 11:00:00FR23003_NO2_A,FR23003,3,44052,2.4,2026-06-09 11:00:00+00:00
2026-06-09 11:00:00FR23003_PM10_1,FR23003,24,44052,8.3,2026-06-09 11:00:00+00:00
2026-06-09 11:00:00FR23003_PM2.5_1,FR23003,39,44052,3.7,2026-06-09 11:00:00+00:00
2026-06-09 11:00:00FR23003_SO2_A,FR23003,1,44052,0.0,2026-06-09 11:00:00+00:00
2026-06-09 11:00:00FR23068_NO2_A,FR23068,3,44061,0.88,2026-06-09 11:00:00+00:00
2026-06-09 11:00:00FR23068_PM10_4,FR23068,24,44061,7.9,2026-06-09 11:00:00+00:00
2026-06-09 11:00:00FR23068_PM2.5_1,FR23068,39,44061,3.9,2026-06-09 11:00:00+00:00
2026-06-09 11:00:00FR23068_SO2_A,FR23068,1,44061,0.18,2026-06-09 11:00:00+00:00
2026-06-09 11:00:00FR23069_SO2_A,FR23069,1,44195,0.0,2026-06-09 11:00:00+00:00
2026-06-09 11:00:00FR23070_NO2_A,FR23070,3,44158,0.85,2026-06-09 11:00:00+00:00
2026-06-09 11:00:00FR23070_PM10_3,FR23070,24,44158,7.3,2026-06-09 11:00:00+00:00
2026-06-09 11:00:00FR23070_PM2.5_1,FR23070,39,44158,3.4,2026-06-09 11:00:00+00:00
2026-06-09 11:00:00FR23070_SO2_A,FR23070,1,44158,1.0,2026-06-09 11:00:00+00:00
2026-06-09 11:00:00FR23075_NO2_A,FR23075,3,44210,2.3,2026-06-09 11:00:00+00:00
2026-06-09 11:00:00FR23078_NO2_A,FR23078,3,49099,2.4,2026-06-09 11:00:00+00:00
2026-06-09 11:00:00FR23078_O3_A,FR23078,8,49099,70.0,2026-06-09 11:00:00+00:00
2026-06-09 11:00:00FR23078_PM10_2,FR23078,24,49099,5.2,2026-06-09 11:00:00+00:00
2026-06-09 11:00:00FR23078_PM2.5_2,FR23078,39,49099,4.4,2026-06-09 11:00:00+00:00
2026-06-09 11:00:00FR23110_NO2_A,FR23110,3,44184,2.1,2026-06-09 11:00:00+00:00
2026-06-09 11:00:00FR23110_O3_A,FR23110,8,44184,71.0,2026-06-09 11:00:00+00:00
2026-06-09 11:00:00FR23110_PM10_3,FR23110,24,44184,12.0,2026-06-09 11:00:00+00:00
2026-06-09 11:00:00FR23110_PM2.5_3,FR23110,39,44184,4.8,2026-06-09 11:00:00+00:00
2026-06-09 11:00:00FR23120_NO2_A,FR23120,3,49007,6.4,2026-06-09 11:00:00+00:00
2026-06-09 11:00:00FR23120_PM10_4,FR23120,24,49007,14.0,2026-06-09 11:00:00+00:00
2026-06-09 11:00:00FR23120_PM2.5_2,FR23120,39,49007,4.3,2026-06-09 11:00:00+00:00
2026-06-09 11:00:00FR23123_NO2_A,FR23123,3,53130,1.3,2026-06-09 11:00:00+00:00
2026-06-09 11:00:00FR23123_O3_A,FR23123,8,53130,61.0,2026-06-09 11:00:00+00:00
2026-06-09 11:00:00FR23123_PM10_3,FR23123,24,53130,7.1,2026-06-09 11:00:00+00:00
2026-06-09 11:00:00FR23123_PM2.5_3,FR23123,39,53130,3.3,2026-06-09 11:00:00+00:00
2026-06-09 11:00:00FR23124_NO2_A,FR23124,3,85289,0.8,2026-06-09 11:00:00+00:00
2026-06-09 11:00:00FR23124_O3_A,FR23124,8,85289,62.0,2026-06-09 11:00:00+00:00
2026-06-09 11:00:00FR23124_PM10_4,FR23124,24,85289,5.2,2026-06-09 11:00:00+00:00
2026-06-09 11:00:00FR23124_PM2.5_2,FR23124,39,85289,2.1,2026-06-09 11:00:00+00:00
2026-06-09 11:00:00FR23149_SO2_A,FR23149,1,44116,0.0,2026-06-09 11:00:00+00:00
2026-06-09 11:00:00FR23150_NO2_A,FR23150,3,49007,2.3,2026-06-09 11:00:00+00:00
2026-06-09 11:00:00FR23150_O3_A,FR23150,8,49007,70.0,2026-06-09 11:00:00+00:00
2026-06-09 11:00:00FR23152_NO2_A,FR23152,3,85191,1.5,2026-06-09 11:00:00+00:00
2026-06-09 11:00:00FR23152_O3_A,FR23152,8,85191,70.0,2026-06-09 11:00:00+00:00
2026-06-09 11:00:00FR23152_PM10_4,FR23152,24,85191,4.6,2026-06-09 11:00:00+00:00
2026-06-09 11:00:00FR23152_PM2.5_2,FR23152,39,85191,2.2,2026-06-09 11:00:00+00:00
2026-06-09 11:00:00FR23157_O3_A,FR23157,8,44018,66.0,2026-06-09 11:00:00+00:00
2026-06-09 11:00:00FR23163_O3_A,FR23163,8,72344,69.0,2026-06-09 11:00:00+00:00
2026-06-09 11:00:00FR23174_NO2_A,FR23174,3,72181,2.8,2026-06-09 11:00:00+00:00
2026-06-09 11:00:00FR23174_PM10_2,FR23174,24,72181,7.4,2026-06-09 11:00:00+00:00
2026-06-09 11:00:00FR23174_PM2.5_1,FR23174,39,72181,3.2,2026-06-09 11:00:00+00:00
2026-06-09 11:00:00FR23175_O3_A,FR23175,8,49035,71.0,2026-06-09 11:00:00+00:00
2026-06-09 11:00:00FR23177_NO2_1,FR23177,3,53210,1.2,2026-06-09 11:00:00+00:00
2026-06-09 11:00:00FR23177_O3_A,FR23177,8,53210,68.0,2026-06-09 11:00:00+00:00
2026-06-09 11:00:00FR23177_PM10_4,FR23177,24,53210,6.9,2026-06-09 11:00:00+00:00
2026-06-09 11:00:00FR23177_PM2.5_2,FR23177,39,53210,2.9,2026-06-09 11:00:00+00:00
2026-06-09 11:00:00FR23178_NO2_1,FR23178,3,44052,3.0,2026-06-09 11:00:00+00:00
2026-06-09 11:00:00FR23178_PM10_3,FR23178,24,44052,8.6,2026-06-09 11:00:00+00:00
2026-06-09 11:00:00FR23178_PM2.5_2,FR23178,39,44052,4.1,2026-06-09 11:00:00+00:00
2026-06-09 11:00:00FR23178_SO2_A,FR23178,1,44052,0.0,2026-06-09 11:00:00+00:00
2026-06-09 11:00:00FR23181_NO2_1,FR23181,3,44184,1.4,2026-06-09 11:00:00+00:00
2026-06-09 11:00:00FR23181_SO2_1,FR23181,1,44184,0.48,2026-06-09 11:00:00+00:00
2026-06-09 11:00:00FR23182_NO2_A,FR23182,3,72181,1.5,2026-06-09 11:00:00+00:00
2026-06-09 11:00:00FR23182_O3_A,FR23182,8,72181,66.0,2026-06-09 11:00:00+00:00
2026-06-09 11:00:00FR23182_PM10_3,FR23182,24,72181,6.9,2026-06-09 11:00:00+00:00
2026-06-09 11:00:00FR23182_PM2.5_2,FR23182,39,72181,3.0,2026-06-09 11:00:00+00:00
2026-06-09 11:00:00FR23188_NO2_A,FR23188,3,44109,1.2,2026-06-09 11:00:00+00:00
2026-06-09 11:00:00FR23188_O3_A,FR23188,8,44109,72.0,2026-06-09 11:00:00+00:00
2026-06-09 11:00:00FR23188_PM10_4,FR23188,24,44109,6.8,2026-06-09 11:00:00+00:00
2026-06-09 11:00:00FR23188_PM2.5_2,FR23188,39,44109,2.9,2026-06-09 11:00:00+00:00
2026-06-09 11:00:00FR23230_O3_A,FR23230,8,44132,68.0,2026-06-09 11:00:00+00:00
2026-06-09 11:00:00FR23238_PM10_A,FR23238,24,44143,14.0,2026-06-09 11:00:00+00:00
2026-06-09 11:00:00FR23238_PM2.5_1,FR23238,39,44143,3.1,2026-06-09 11:00:00+00:00
2026-06-09 11:00:00FR23239_NO2_A,FR23239,3,44020,2.4,2026-06-09 11:00:00+00:00
2026-06-09 11:00:00FR23239_PM10_1,FR23239,24,44020,11.0,2026-06-09 11:00:00+00:00
2026-06-09 11:00:00FR23239_PM2.5_6,FR23239,39,44020,3.4,2026-06-09 11:00:00+00:00
2026-06-09 11:00:00FR23242_NO2_1,FR23242,3,49007,8.9,2026-06-09 11:00:00+00:00
2026-06-09 11:00:00FR23242_PM10_1,FR23242,24,49007,14.0,2026-06-09 11:00:00+00:00
2026-06-09 11:00:00FR23242_PM2.5_1,FR23242,39,49007,5.0,2026-06-09 11:00:00+00:00
2026-06-09 11:00:00FR23249_NO2_A,FR23249,3,44103,1.7,2026-06-09 11:00:00+00:00
2026-06-09 11:00:00FR23249_PM10_1,FR23249,24,44103,8.4,2026-06-09 11:00:00+00:00
2026-06-09 11:00:00FR23249_PM2.5_1,FR23249,39,44103,4.0,2026-06-09 11:00:00+00:00
2026-06-09 11:00:00FR23249_SO2_A,FR23249,1,44103,0.0,2026-06-09 11:00:00+00:00
2026-06-09 11:00:00FR23251_NO2_1,FR23251,3,44109,21.0,2026-06-09 11:00:00+00:00
2026-06-09 11:00:00FR23251_PM2.5_1,FR23251,39,44109,9.7,2026-06-09 11:00:00+00:00
2026-06-09 11:00:00FR23252_NO2_1,FR23252,3,53130,13.0,2026-06-09 11:00:00+00:00
2026-06-09 11:00:00FR23252_PM2.5_1,FR23252,39,53130,4.0,2026-06-09 11:00:00+00:00
2026-06-09 11:00:00FR23259_PM10_1,FR23259,24,44109,9.1,2026-06-09 11:00:00+00:00
2026-06-09 11:00:00FR23259_PM2.5_1,FR23259,39,44109,3.2,2026-06-09 11:00:00+00:00
2026-06-09 10:00:00FR23001_SO2_A,FR23001,1,44052,0.3,2026-06-09 10:00:00+00:00
2026-06-09 10:00:00FR23003_NO2_A,FR23003,3,44052,1.1,2026-06-09 10:00:00+00:00
2026-06-09 10:00:00FR23003_PM10_1,FR23003,24,44052,7.6,2026-06-09 10:00:00+00:00
2026-06-09 10:00:00FR23003_PM2.5_1,FR23003,39,44052,3.4,2026-06-09 10:00:00+00:00
2026-06-09 10:00:00FR23003_SO2_A,FR23003,1,44052,0.025,2026-06-09 10:00:00+00:00
2026-06-09 10:00:00FR23068_NO2_A,FR23068,3,44061,0.83,2026-06-09 10:00:00+00:00
2026-06-09 10:00:00FR23068_PM10_4,FR23068,24,44061,7.5,2026-06-09 10:00:00+00:00
2026-06-09 10:00:00FR23068_PM2.5_1,FR23068,39,44061,3.4,2026-06-09 10:00:00+00:00
2026-06-09 10:00:00FR23068_SO2_A,FR23068,1,44061,0.23,2026-06-09 10:00:00+00:00
2026-06-09 10:00:00FR23069_SO2_A,FR23069,1,44195,0.0,2026-06-09 10:00:00+00:00
2026-06-09 10:00:00FR23070_NO2_A,FR23070,3,44158,1.6,2026-06-09 10:00:00+00:00
2026-06-09 10:00:00FR23070_PM10_3,FR23070,24,44158,7.9,2026-06-09 10:00:00+00:00
2026-06-09 10:00:00FR23070_PM2.5_1,FR23070,39,44158,3.3,2026-06-09 10:00:00+00:00
2026-06-09 10:00:00FR23070_SO2_A,FR23070,1,44158,0.93,2026-06-09 10:00:00+00:00
2026-06-09 10:00:00FR23075_NO2_A,FR23075,3,44210,1.8,2026-06-09 10:00:00+00:00
2026-06-09 10:00:00FR23078_NO2_A,FR23078,3,49099,2.2,2026-06-09 10:00:00+00:00
2026-06-09 10:00:00FR23078_O3_A,FR23078,8,49099,70.0,2026-06-09 10:00:00+00:00
2026-06-09 10:00:00FR23078_PM10_2,FR23078,24,49099,9.1,2026-06-09 10:00:00+00:00
2026-06-09 10:00:00FR23078_PM2.5_2,FR23078,39,49099,5.4,2026-06-09 10:00:00+00:00
2026-06-09 10:00:00FR23110_NO2_A,FR23110,3,44184,1.7,2026-06-09 10:00:00+00:00
2026-06-09 10:00:00FR23110_O3_A,FR23110,8,44184,70.0,2026-06-09 10:00:00+00:00
2026-06-09 10:00:00FR23110_PM10_3,FR23110,24,44184,11.0,2026-06-09 10:00:00+00:00
2026-06-09 10:00:00FR23110_PM2.5_3,FR23110,39,44184,4.7,2026-06-09 10:00:00+00:00
2026-06-09 10:00:00FR23120_NO2_A,FR23120,3,49007,7.8,2026-06-09 10:00:00+00:00
2026-06-09 10:00:00FR23120_PM10_4,FR23120,24,49007,20.0,2026-06-09 10:00:00+00:00
2026-06-09 10:00:00FR23120_PM2.5_2,FR23120,39,49007,5.5,2026-06-09 10:00:00+00:00
2026-06-09 10:00:00FR23123_NO2_A,FR23123,3,53130,0.0,2026-06-09 10:00:00+00:00
2026-06-09 10:00:00FR23123_O3_A,FR23123,8,53130,61.0,2026-06-09 10:00:00+00:00
2026-06-09 10:00:00FR23123_PM10_3,FR23123,24,53130,7.6,2026-06-09 10:00:00+00:00
2026-06-09 10:00:00FR23123_PM2.5_3,FR23123,39,53130,3.4,2026-06-09 10:00:00+00:00
2026-06-09 10:00:00FR23124_NO2_A,FR23124,3,85289,0.93,2026-06-09 10:00:00+00:00
2026-06-09 10:00:00FR23124_O3_A,FR23124,8,85289,61.0,2026-06-09 10:00:00+00:00
2026-06-09 10:00:00FR23124_PM10_4,FR23124,24,85289,7.0,2026-06-09 10:00:00+00:00
2026-06-09 10:00:00FR23124_PM2.5_2,FR23124,39,85289,2.7,2026-06-09 10:00:00+00:00
2026-06-09 10:00:00FR23149_SO2_A,FR23149,1,44116,0.0,2026-06-09 10:00:00+00:00
2026-06-09 10:00:00FR23150_NO2_A,FR23150,3,49007,1.9,2026-06-09 10:00:00+00:00
2026-06-09 10:00:00FR23150_O3_A,FR23150,8,49007,68.0,2026-06-09 10:00:00+00:00
2026-06-09 10:00:00FR23152_NO2_A,FR23152,3,85191,2.2,2026-06-09 10:00:00+00:00
2026-06-09 10:00:00FR23152_O3_A,FR23152,8,85191,65.0,2026-06-09 10:00:00+00:00
2026-06-09 10:00:00FR23152_PM10_4,FR23152,24,85191,6.4,2026-06-09 10:00:00+00:00
2026-06-09 10:00:00FR23152_PM2.5_2,FR23152,39,85191,3.1,2026-06-09 10:00:00+00:00
2026-06-09 10:00:00FR23157_O3_A,FR23157,8,44018,64.0,2026-06-09 10:00:00+00:00
2026-06-09 10:00:00FR23163_O3_A,FR23163,8,72344,67.0,2026-06-09 10:00:00+00:00
2026-06-09 10:00:00FR23174_NO2_A,FR23174,3,72181,1.9,2026-06-09 10:00:00+00:00
2026-06-09 10:00:00FR23174_PM10_2,FR23174,24,72181,7.4,2026-06-09 10:00:00+00:00
2026-06-09 10:00:00FR23174_PM2.5_1,FR23174,39,72181,3.3,2026-06-09 10:00:00+00:00
2026-06-09 10:00:00FR23175_O3_A,FR23175,8,49035,68.0,2026-06-09 10:00:00+00:00
2026-06-09 10:00:00FR23177_NO2_1,FR23177,3,53210,0.98,2026-06-09 10:00:00+00:00
2026-06-09 10:00:00FR23177_O3_A,FR23177,8,53210,67.0,2026-06-09 10:00:00+00:00
2026-06-09 10:00:00FR23177_PM10_4,FR23177,24,53210,12.0,2026-06-09 10:00:00+00:00
2026-06-09 10:00:00FR23177_PM2.5_2,FR23177,39,53210,3.9,2026-06-09 10:00:00+00:00
2026-06-09 10:00:00FR23178_NO2_1,FR23178,3,44052,2.3,2026-06-09 10:00:00+00:00
2026-06-09 10:00:00FR23178_PM10_3,FR23178,24,44052,8.7,2026-06-09 10:00:00+00:00
2026-06-09 10:00:00FR23178_PM2.5_2,FR23178,39,44052,3.8,2026-06-09 10:00:00+00:00
2026-06-09 10:00:00FR23178_SO2_A,FR23178,1,44052,0.0,2026-06-09 10:00:00+00:00
2026-06-09 10:00:00FR23181_NO2_1,FR23181,3,44184,1.5,2026-06-09 10:00:00+00:00
2026-06-09 10:00:00FR23181_SO2_1,FR23181,1,44184,0.65,2026-06-09 10:00:00+00:00
2026-06-09 10:00:00FR23182_NO2_A,FR23182,3,72181,1.3,2026-06-09 10:00:00+00:00
2026-06-09 10:00:00FR23182_O3_A,FR23182,8,72181,64.0,2026-06-09 10:00:00+00:00
2026-06-09 10:00:00FR23182_PM10_3,FR23182,24,72181,8.2,2026-06-09 10:00:00+00:00
2026-06-09 10:00:00FR23182_PM2.5_2,FR23182,39,72181,3.4,2026-06-09 10:00:00+00:00
2026-06-09 10:00:00FR23188_NO2_A,FR23188,3,44109,2.3,2026-06-09 10:00:00+00:00
2026-06-09 10:00:00FR23188_O3_A,FR23188,8,44109,68.0,2026-06-09 10:00:00+00:00
2026-06-09 10:00:00FR23188_PM10_4,FR23188,24,44109,8.7,2026-06-09 10:00:00+00:00
2026-06-09 10:00:00FR23188_PM2.5_2,FR23188,39,44109,3.6,2026-06-09 10:00:00+00:00
2026-06-09 10:00:00FR23230_O3_A,FR23230,8,44132,67.0,2026-06-09 10:00:00+00:00
2026-06-09 10:00:00FR23238_PM10_A,FR23238,24,44143,11.0,2026-06-09 10:00:00+00:00
2026-06-09 10:00:00FR23238_PM2.5_1,FR23238,39,44143,3.4,2026-06-09 10:00:00+00:00
2026-06-09 10:00:00FR23239_NO2_A,FR23239,3,44020,2.4,2026-06-09 10:00:00+00:00
2026-06-09 10:00:00FR23239_PM10_1,FR23239,24,44020,17.0,2026-06-09 10:00:00+00:00
2026-06-09 10:00:00FR23239_PM2.5_6,FR23239,39,44020,4.4,2026-06-09 10:00:00+00:00
2026-06-09 10:00:00FR23242_NO2_1,FR23242,3,49007,15.0,2026-06-09 10:00:00+00:00
2026-06-09 10:00:00FR23242_PM10_1,FR23242,24,49007,15.0,2026-06-09 10:00:00+00:00
2026-06-09 10:00:00FR23242_PM2.5_1,FR23242,39,49007,2.4,2026-06-09 10:00:00+00:00
2026-06-09 10:00:00FR23249_NO2_A,FR23249,3,44103,1.4,2026-06-09 10:00:00+00:00
2026-06-09 10:00:00FR23249_PM10_1,FR23249,24,44103,8.9,2026-06-09 10:00:00+00:00
2026-06-09 10:00:00FR23249_PM2.5_1,FR23249,39,44103,3.7,2026-06-09 10:00:00+00:00
2026-06-09 10:00:00FR23249_SO2_A,FR23249,1,44103,0.0,2026-06-09 10:00:00+00:00
2026-06-09 10:00:00FR23251_NO2_1,FR23251,3,44109,20.0,2026-06-09 10:00:00+00:00
2026-06-09 10:00:00FR23251_PM2.5_1,FR23251,39,44109,9.6,2026-06-09 10:00:00+00:00
2026-06-09 10:00:00FR23252_NO2_1,FR23252,3,53130,14.0,2026-06-09 10:00:00+00:00
2026-06-09 10:00:00FR23252_PM2.5_1,FR23252,39,53130,4.6,2026-06-09 10:00:00+00:00
2026-06-09 10:00:00FR23259_PM10_1,FR23259,24,44109,12.0,2026-06-09 10:00:00+00:00
2026-06-09 10:00:00FR23259_PM2.5_1,FR23259,39,44109,3.8,2026-06-09 10:00:00+00:00
2026-06-09 09:00:00FR23001_SO2_A,FR23001,1,44052,0.23,2026-06-09 09:00:00+00:00
2026-06-09 09:00:00FR23003_NO2_A,FR23003,3,44052,1.5,2026-06-09 09:00:00+00:00
2026-06-09 09:00:00FR23003_PM10_1,FR23003,24,44052,8.1,2026-06-09 09:00:00+00:00
2026-06-09 09:00:00FR23003_PM2.5_1,FR23003,39,44052,3.7,2026-06-09 09:00:00+00:00
2026-06-09 09:00:00FR23003_SO2_A,FR23003,1,44052,0.18,2026-06-09 09:00:00+00:00
2026-06-09 09:00:00FR23068_NO2_A,FR23068,3,44061,1.1,2026-06-09 09:00:00+00:00
2026-06-09 09:00:00FR23068_PM10_4,FR23068,24,44061,8.3,2026-06-09 09:00:00+00:00
2026-06-09 09:00:00FR23068_PM2.5_1,FR23068,39,44061,3.5,2026-06-09 09:00:00+00:00
2026-06-09 09:00:00FR23068_SO2_A,FR23068,1,44061,0.13,2026-06-09 09:00:00+00:00
2026-06-09 09:00:00FR23069_SO2_A,FR23069,1,44195,0.0,2026-06-09 09:00:00+00:00
2026-06-09 09:00:00FR23070_NO2_A,FR23070,3,44158,1.9,2026-06-09 09:00:00+00:00
2026-06-09 09:00:00FR23070_PM10_3,FR23070,24,44158,8.2,2026-06-09 09:00:00+00:00
2026-06-09 09:00:00FR23070_PM2.5_1,FR23070,39,44158,3.6,2026-06-09 09:00:00+00:00
2026-06-09 09:00:00FR23070_SO2_A,FR23070,1,44158,0.6,2026-06-09 09:00:00+00:00
2026-06-09 09:00:00FR23075_NO2_A,FR23075,3,44210,2.5,2026-06-09 09:00:00+00:00
2026-06-09 09:00:00FR23078_NO2_A,FR23078,3,49099,2.0,2026-06-09 09:00:00+00:00
2026-06-09 09:00:00FR23078_O3_A,FR23078,8,49099,70.0,2026-06-09 09:00:00+00:00
2026-06-09 09:00:00FR23078_PM10_2,FR23078,24,49099,17.0,2026-06-09 09:00:00+00:00
2026-06-09 09:00:00FR23078_PM2.5_2,FR23078,39,49099,6.1,2026-06-09 09:00:00+00:00
2026-06-09 09:00:00FR23110_NO2_A,FR23110,3,44184,2.1,2026-06-09 09:00:00+00:00
2026-06-09 09:00:00FR23110_O3_A,FR23110,8,44184,69.0,2026-06-09 09:00:00+00:00
2026-06-09 09:00:00FR23110_PM10_3,FR23110,24,44184,11.0,2026-06-09 09:00:00+00:00
2026-06-09 09:00:00FR23110_PM2.5_3,FR23110,39,44184,4.3,2026-06-09 09:00:00+00:00
2026-06-09 09:00:00FR23120_NO2_A,FR23120,3,49007,7.2,2026-06-09 09:00:00+00:00
2026-06-09 09:00:00FR23120_PM10_4,FR23120,24,49007,27.0,2026-06-09 09:00:00+00:00
2026-06-09 09:00:00FR23120_PM2.5_2,FR23120,39,49007,6.6,2026-06-09 09:00:00+00:00
2026-06-09 09:00:00FR23123_NO2_A,FR23123,3,53130,0.25,2026-06-09 09:00:00+00:00
2026-06-09 09:00:00FR23123_O3_A,FR23123,8,53130,57.0,2026-06-09 09:00:00+00:00
2026-06-09 09:00:00FR23123_PM10_3,FR23123,24,53130,9.5,2026-06-09 09:00:00+00:00
2026-06-09 09:00:00FR23123_PM2.5_3,FR23123,39,53130,4.2,2026-06-09 09:00:00+00:00
2026-06-09 09:00:00FR23124_NO2_A,FR23124,3,85289,1.0,2026-06-09 09:00:00+00:00
2026-06-09 09:00:00FR23124_O3_A,FR23124,8,85289,58.0,2026-06-09 09:00:00+00:00
2026-06-09 09:00:00FR23124_PM10_4,FR23124,24,85289,8.5,2026-06-09 09:00:00+00:00
2026-06-09 09:00:00FR23124_PM2.5_2,FR23124,39,85289,3.3,2026-06-09 09:00:00+00:00
2026-06-09 09:00:00FR23149_SO2_A,FR23149,1,44116,0.0,2026-06-09 09:00:00+00:00
2026-06-09 09:00:00FR23150_NO2_A,FR23150,3,49007,2.0,2026-06-09 09:00:00+00:00
2026-06-09 09:00:00FR23150_O3_A,FR23150,8,49007,66.0,2026-06-09 09:00:00+00:00
2026-06-09 09:00:00FR23152_NO2_A,FR23152,3,85191,4.9,2026-06-09 09:00:00+00:00
2026-06-09 09:00:00FR23152_O3_A,FR23152,8,85191,58.0,2026-06-09 09:00:00+00:00
2026-06-09 09:00:00FR23152_PM10_4,FR23152,24,85191,6.7,2026-06-09 09:00:00+00:00
2026-06-09 09:00:00FR23152_PM2.5_2,FR23152,39,85191,3.4,2026-06-09 09:00:00+00:00
2026-06-09 09:00:00FR23157_O3_A,FR23157,8,44018,57.0,2026-06-09 09:00:00+00:00
2026-06-09 09:00:00FR23163_O3_A,FR23163,8,72344,63.0,2026-06-09 09:00:00+00:00
2026-06-09 09:00:00FR23174_NO2_A,FR23174,3,72181,2.7,2026-06-09 09:00:00+00:00
2026-06-09 09:00:00FR23174_PM10_2,FR23174,24,72181,12.0,2026-06-09 09:00:00+00:00
2026-06-09 09:00:00FR23174_PM2.5_1,FR23174,39,72181,4.7,2026-06-09 09:00:00+00:00
2026-06-09 09:00:00FR23175_O3_A,FR23175,8,49035,66.0,2026-06-09 09:00:00+00:00
2026-06-09 09:00:00FR23177_NO2_1,FR23177,3,53210,1.3,2026-06-09 09:00:00+00:00
2026-06-09 09:00:00FR23177_O3_A,FR23177,8,53210,62.0,2026-06-09 09:00:00+00:00
2026-06-09 09:00:00FR23177_PM10_4,FR23177,24,53210,14.0,2026-06-09 09:00:00+00:00
2026-06-09 09:00:00FR23177_PM2.5_2,FR23177,39,53210,5.1,2026-06-09 09:00:00+00:00
2026-06-09 09:00:00FR23178_NO2_1,FR23178,3,44052,2.9,2026-06-09 09:00:00+00:00
2026-06-09 09:00:00FR23178_PM10_3,FR23178,24,44052,9.8,2026-06-09 09:00:00+00:00
2026-06-09 09:00:00FR23178_PM2.5_2,FR23178,39,44052,4.4,2026-06-09 09:00:00+00:00
2026-06-09 09:00:00FR23178_SO2_A,FR23178,1,44052,0.0,2026-06-09 09:00:00+00:00
2026-06-09 09:00:00FR23181_NO2_1,FR23181,3,44184,1.8,2026-06-09 09:00:00+00:00
2026-06-09 09:00:00FR23181_SO2_1,FR23181,1,44184,0.53,2026-06-09 09:00:00+00:00
2026-06-09 09:00:00FR23182_NO2_A,FR23182,3,72181,1.4,2026-06-09 09:00:00+00:00
2026-06-09 09:00:00FR23182_O3_A,FR23182,8,72181,60.0,2026-06-09 09:00:00+00:00
2026-06-09 09:00:00FR23182_PM10_3,FR23182,24,72181,10.0,2026-06-09 09:00:00+00:00
2026-06-09 09:00:00FR23182_PM2.5_2,FR23182,39,72181,4.3,2026-06-09 09:00:00+00:00
2026-06-09 09:00:00FR23188_NO2_A,FR23188,3,44109,4.4,2026-06-09 09:00:00+00:00
2026-06-09 09:00:00FR23188_O3_A,FR23188,8,44109,60.0,2026-06-09 09:00:00+00:00
2026-06-09 09:00:00FR23188_PM10_4,FR23188,24,44109,11.0,2026-06-09 09:00:00+00:00
2026-06-09 09:00:00FR23188_PM2.5_2,FR23188,39,44109,4.4,2026-06-09 09:00:00+00:00
2026-06-09 09:00:00FR23230_O3_A,FR23230,8,44132,66.0,2026-06-09 09:00:00+00:00
2026-06-09 09:00:00FR23238_PM10_A,FR23238,24,44143,19.0,2026-06-09 09:00:00+00:00
2026-06-09 09:00:00FR23238_PM2.5_1,FR23238,39,44143,5.8,2026-06-09 09:00:00+00:00
2026-06-09 09:00:00FR23239_NO2_A,FR23239,3,44020,3.1,2026-06-09 09:00:00+00:00
2026-06-09 09:00:00FR23239_PM10_1,FR23239,24,44020,12.0,2026-06-09 09:00:00+00:00
2026-06-09 09:00:00FR23239_PM2.5_6,FR23239,39,44020,3.9,2026-06-09 09:00:00+00:00
2026-06-09 09:00:00FR23242_NO2_1,FR23242,3,49007,15.0,2026-06-09 09:00:00+00:00
2026-06-09 09:00:00FR23242_PM10_1,FR23242,24,49007,20.0,2026-06-09 09:00:00+00:00
2026-06-09 09:00:00FR23242_PM2.5_1,FR23242,39,49007,0.9,2026-06-09 09:00:00+00:00
2026-06-09 09:00:00FR23249_NO2_A,FR23249,3,44103,1.4,2026-06-09 09:00:00+00:00
2026-06-09 09:00:00FR23249_PM10_1,FR23249,24,44103,13.0,2026-06-09 09:00:00+00:00
2026-06-09 09:00:00FR23249_PM2.5_1,FR23249,39,44103,4.3,2026-06-09 09:00:00+00:00
2026-06-09 09:00:00FR23249_SO2_A,FR23249,1,44103,0.0,2026-06-09 09:00:00+00:00
2026-06-09 09:00:00FR23251_NO2_1,FR23251,3,44109,29.0,2026-06-09 09:00:00+00:00
2026-06-09 09:00:00FR23251_PM2.5_1,FR23251,39,44109,8.5,2026-06-09 09:00:00+00:00
2026-06-09 09:00:00FR23252_NO2_1,FR23252,3,53130,13.0,2026-06-09 09:00:00+00:00
2026-06-09 09:00:00FR23252_PM2.5_1,FR23252,39,53130,7.3,2026-06-09 09:00:00+00:00
2026-06-09 09:00:00FR23259_PM10_1,FR23259,24,44109,16.0,2026-06-09 09:00:00+00:00
2026-06-09 09:00:00FR23259_PM2.5_1,FR23259,39,44109,4.5,2026-06-09 09:00:00+00:00
2026-06-09 08:00:00FR23001_SO2_A,FR23001,1,44052,0.18,2026-06-09 08:00:00+00:00
2026-06-09 08:00:00FR23003_NO2_A,FR23003,3,44052,2.3,2026-06-09 08:00:00+00:00
2026-06-09 08:00:00FR23003_PM10_1,FR23003,24,44052,8.1,2026-06-09 08:00:00+00:00
2026-06-09 08:00:00FR23003_PM2.5_1,FR23003,39,44052,3.5,2026-06-09 08:00:00+00:00
2026-06-09 08:00:00FR23003_SO2_A,FR23003,1,44052,0.025,2026-06-09 08:00:00+00:00
2026-06-09 08:00:00FR23068_NO2_A,FR23068,3,44061,2.4,2026-06-09 08:00:00+00:00
2026-06-09 08:00:00FR23068_PM10_4,FR23068,24,44061,9.0,2026-06-09 08:00:00+00:00
2026-06-09 08:00:00FR23068_PM2.5_1,FR23068,39,44061,3.9,2026-06-09 08:00:00+00:00
2026-06-09 08:00:00FR23068_SO2_A,FR23068,1,44061,0.18,2026-06-09 08:00:00+00:00
2026-06-09 08:00:00FR23069_SO2_A,FR23069,1,44195,0.0,2026-06-09 08:00:00+00:00
2026-06-09 08:00:00FR23070_NO2_A,FR23070,3,44158,3.1,2026-06-09 08:00:00+00:00
2026-06-09 08:00:00FR23070_PM10_3,FR23070,24,44158,9.1,2026-06-09 08:00:00+00:00
2026-06-09 08:00:00FR23070_PM2.5_1,FR23070,39,44158,3.7,2026-06-09 08:00:00+00:00
2026-06-09 08:00:00FR23070_SO2_A,FR23070,1,44158,0.28,2026-06-09 08:00:00+00:00
2026-06-09 08:00:00FR23075_NO2_A,FR23075,3,44210,4.3,2026-06-09 08:00:00+00:00
2026-06-09 08:00:00FR23078_NO2_A,FR23078,3,49099,3.7,2026-06-09 08:00:00+00:00
2026-06-09 08:00:00FR23078_O3_A,FR23078,8,49099,69.0,2026-06-09 08:00:00+00:00
2026-06-09 08:00:00FR23078_PM10_2,FR23078,24,49099,16.0,2026-06-09 08:00:00+00:00
2026-06-09 08:00:00FR23078_PM2.5_2,FR23078,39,49099,1.8,2026-06-09 08:00:00+00:00
2026-06-09 08:00:00FR23110_NO2_A,FR23110,3,44184,3.5,2026-06-09 08:00:00+00:00
2026-06-09 08:00:00FR23110_O3_A,FR23110,8,44184,65.0,2026-06-09 08:00:00+00:00
2026-06-09 08:00:00FR23110_PM10_3,FR23110,24,44184,11.0,2026-06-09 08:00:00+00:00
2026-06-09 08:00:00FR23110_PM2.5_3,FR23110,39,44184,4.3,2026-06-09 08:00:00+00:00
2026-06-09 08:00:00FR23120_NO2_A,FR23120,3,49007,12.0,2026-06-09 08:00:00+00:00
2026-06-09 08:00:00FR23120_PM10_4,FR23120,24,49007,43.0,2026-06-09 08:00:00+00:00
2026-06-09 08:00:00FR23120_PM2.5_2,FR23120,39,49007,9.8,2026-06-09 08:00:00+00:00
2026-06-09 08:00:00FR23123_NO2_A,FR23123,3,53130,1.1,2026-06-09 08:00:00+00:00
2026-06-09 08:00:00FR23123_O3_A,FR23123,8,53130,50.0,2026-06-09 08:00:00+00:00
2026-06-09 08:00:00FR23123_PM10_3,FR23123,24,53130,11.0,2026-06-09 08:00:00+00:00
2026-06-09 08:00:00FR23123_PM2.5_3,FR23123,39,53130,4.8,2026-06-09 08:00:00+00:00
2026-06-09 08:00:00FR23124_NO2_A,FR23124,3,85289,1.1,2026-06-09 08:00:00+00:00
2026-06-09 08:00:00FR23124_O3_A,FR23124,8,85289,55.0,2026-06-09 08:00:00+00:00
2026-06-09 08:00:00FR23124_PM10_4,FR23124,24,85289,9.2,2026-06-09 08:00:00+00:00
2026-06-09 08:00:00FR23124_PM2.5_2,FR23124,39,85289,3.6,2026-06-09 08:00:00+00:00
2026-06-09 08:00:00FR23149_SO2_A,FR23149,1,44116,0.0,2026-06-09 08:00:00+00:00
2026-06-09 08:00:00FR23150_NO2_A,FR23150,3,49007,2.5,2026-06-09 08:00:00+00:00
2026-06-09 08:00:00FR23150_O3_A,FR23150,8,49007,62.0,2026-06-09 08:00:00+00:00
2026-06-09 08:00:00FR23152_NO2_A,FR23152,3,85191,12.0,2026-06-09 08:00:00+00:00
2026-06-09 08:00:00FR23152_O3_A,FR23152,8,85191,48.0,2026-06-09 08:00:00+00:00
2026-06-09 08:00:00FR23152_PM10_4,FR23152,24,85191,12.0,2026-06-09 08:00:00+00:00
2026-06-09 08:00:00FR23152_PM2.5_2,FR23152,39,85191,4.6,2026-06-09 08:00:00+00:00
2026-06-09 08:00:00FR23157_O3_A,FR23157,8,44018,49.0,2026-06-09 08:00:00+00:00
2026-06-09 08:00:00FR23163_O3_A,FR23163,8,72344,58.0,2026-06-09 08:00:00+00:00
2026-06-09 08:00:00FR23174_NO2_A,FR23174,3,72181,4.7,2026-06-09 08:00:00+00:00
2026-06-09 08:00:00FR23174_PM10_2,FR23174,24,72181,13.0,2026-06-09 08:00:00+00:00
2026-06-09 08:00:00FR23174_PM2.5_1,FR23174,39,72181,5.2,2026-06-09 08:00:00+00:00
2026-06-09 08:00:00FR23175_O3_A,FR23175,8,49035,61.0,2026-06-09 08:00:00+00:00
2026-06-09 08:00:00FR23177_NO2_1,FR23177,3,53210,2.2,2026-06-09 08:00:00+00:00
2026-06-09 08:00:00FR23177_O3_A,FR23177,8,53210,54.0,2026-06-09 08:00:00+00:00
2026-06-09 08:00:00FR23177_PM10_4,FR23177,24,53210,12.0,2026-06-09 08:00:00+00:00
2026-06-09 08:00:00FR23177_PM2.5_2,FR23177,39,53210,4.5,2026-06-09 08:00:00+00:00
2026-06-09 08:00:00FR23178_NO2_1,FR23178,3,44052,9.2,2026-06-09 08:00:00+00:00
2026-06-09 08:00:00FR23178_PM10_3,FR23178,24,44052,13.0,2026-06-09 08:00:00+00:00
2026-06-09 08:00:00FR23178_PM2.5_2,FR23178,39,44052,4.8,2026-06-09 08:00:00+00:00
2026-06-09 08:00:00FR23178_SO2_A,FR23178,1,44052,0.0,2026-06-09 08:00:00+00:00
2026-06-09 08:00:00FR23181_NO2_1,FR23181,3,44184,2.4,2026-06-09 08:00:00+00:00
2026-06-09 08:00:00FR23181_SO2_1,FR23181,1,44184,0.65,2026-06-09 08:00:00+00:00
2026-06-09 08:00:00FR23182_NO2_A,FR23182,3,72181,3.3,2026-06-09 08:00:00+00:00
2026-06-09 08:00:00FR23182_O3_A,FR23182,8,72181,52.0,2026-06-09 08:00:00+00:00
2026-06-09 08:00:00FR23182_PM10_3,FR23182,24,72181,12.0,2026-06-09 08:00:00+00:00
2026-06-09 08:00:00FR23182_PM2.5_2,FR23182,39,72181,4.9,2026-06-09 08:00:00+00:00
2026-06-09 08:00:00FR23188_NO2_A,FR23188,3,44109,9.0,2026-06-09 08:00:00+00:00
2026-06-09 08:00:00FR23188_O3_A,FR23188,8,44109,54.0,2026-06-09 08:00:00+00:00
2026-06-09 08:00:00FR23188_PM10_4,FR23188,24,44109,13.0,2026-06-09 08:00:00+00:00
2026-06-09 08:00:00FR23188_PM2.5_2,FR23188,39,44109,4.8,2026-06-09 08:00:00+00:00
2026-06-09 08:00:00FR23230_O3_A,FR23230,8,44132,65.0,2026-06-09 08:00:00+00:00
2026-06-09 08:00:00FR23238_PM10_A,FR23238,24,44143,21.0,2026-06-09 08:00:00+00:00
2026-06-09 08:00:00FR23238_PM2.5_1,FR23238,39,44143,4.1,2026-06-09 08:00:00+00:00
2026-06-09 08:00:00FR23239_NO2_A,FR23239,3,44020,6.1,2026-06-09 08:00:00+00:00
2026-06-09 08:00:00FR23239_PM10_1,FR23239,24,44020,11.0,2026-06-09 08:00:00+00:00
2026-06-09 08:00:00FR23239_PM2.5_6,FR23239,39,44020,4.0,2026-06-09 08:00:00+00:00
2026-06-09 08:00:00FR23242_NO2_1,FR23242,3,49007,20.0,2026-06-09 08:00:00+00:00
2026-06-09 08:00:00FR23242_PM10_1,FR23242,24,49007,19.0,2026-06-09 08:00:00+00:00
2026-06-09 08:00:00FR23242_PM2.5_1,FR23242,39,49007,1.6,2026-06-09 08:00:00+00:00
2026-06-09 08:00:00FR23249_NO2_A,FR23249,3,44103,3.2,2026-06-09 08:00:00+00:00
2026-06-09 08:00:00FR23249_PM10_1,FR23249,24,44103,9.9,2026-06-09 08:00:00+00:00
2026-06-09 08:00:00FR23249_PM2.5_1,FR23249,39,44103,3.8,2026-06-09 08:00:00+00:00
2026-06-09 08:00:00FR23249_SO2_A,FR23249,1,44103,0.0,2026-06-09 08:00:00+00:00
2026-06-09 08:00:00FR23251_NO2_1,FR23251,3,44109,30.0,2026-06-09 08:00:00+00:00
2026-06-09 08:00:00FR23251_PM2.5_1,FR23251,39,44109,11.0,2026-06-09 08:00:00+00:00
2026-06-09 08:00:00FR23252_NO2_1,FR23252,3,53130,17.0,2026-06-09 08:00:00+00:00
2026-06-09 08:00:00FR23252_PM2.5_1,FR23252,39,53130,5.7,2026-06-09 08:00:00+00:00
2026-06-09 08:00:00FR23259_PM10_1,FR23259,24,44109,19.0,2026-06-09 08:00:00+00:00
2026-06-09 08:00:00FR23259_PM2.5_1,FR23259,39,44109,5.1,2026-06-09 08:00:00+00:00
2026-06-09 07:00:00FR23001_SO2_A,FR23001,1,44052,0.25,2026-06-09 07:00:00+00:00
2026-06-09 07:00:00FR23003_NO2_A,FR23003,3,44052,4.7,2026-06-09 07:00:00+00:00
2026-06-09 07:00:00FR23003_PM10_1,FR23003,24,44052,9.0,2026-06-09 07:00:00+00:00
2026-06-09 07:00:00FR23003_PM2.5_1,FR23003,39,44052,3.3,2026-06-09 07:00:00+00:00
2026-06-09 07:00:00FR23003_SO2_A,FR23003,1,44052,0.025,2026-06-09 07:00:00+00:00
2026-06-09 07:00:00FR23068_NO2_A,FR23068,3,44061,5.5,2026-06-09 07:00:00+00:00
2026-06-09 07:00:00FR23068_PM10_4,FR23068,24,44061,8.4,2026-06-09 07:00:00+00:00
2026-06-09 07:00:00FR23068_PM2.5_1,FR23068,39,44061,3.5,2026-06-09 07:00:00+00:00
2026-06-09 07:00:00FR23068_SO2_A,FR23068,1,44061,0.18,2026-06-09 07:00:00+00:00
2026-06-09 07:00:00FR23069_SO2_A,FR23069,1,44195,0.0,2026-06-09 07:00:00+00:00
2026-06-09 07:00:00FR23070_NO2_A,FR23070,3,44158,8.2,2026-06-09 07:00:00+00:00
2026-06-09 07:00:00FR23070_PM10_3,FR23070,24,44158,9.2,2026-06-09 07:00:00+00:00
2026-06-09 07:00:00FR23070_PM2.5_1,FR23070,39,44158,3.9,2026-06-09 07:00:00+00:00
2026-06-09 07:00:00FR23070_SO2_A,FR23070,1,44158,0.28,2026-06-09 07:00:00+00:00
2026-06-09 07:00:00FR23075_NO2_A,FR23075,3,44210,8.0,2026-06-09 07:00:00+00:00
2026-06-09 07:00:00FR23078_NO2_A,FR23078,3,49099,9.3,2026-06-09 07:00:00+00:00
2026-06-09 07:00:00FR23078_O3_A,FR23078,8,49099,61.0,2026-06-09 07:00:00+00:00
2026-06-09 07:00:00FR23078_PM10_2,FR23078,24,49099,14.0,2026-06-09 07:00:00+00:00
2026-06-09 07:00:00FR23078_PM2.5_2,FR23078,39,49099,2.6,2026-06-09 07:00:00+00:00
2026-06-09 07:00:00FR23110_NO2_A,FR23110,3,44184,5.5,2026-06-09 07:00:00+00:00
2026-06-09 07:00:00FR23110_O3_A,FR23110,8,44184,59.0,2026-06-09 07:00:00+00:00
2026-06-09 07:00:00FR23110_PM10_3,FR23110,24,44184,9.1,2026-06-09 07:00:00+00:00
2026-06-09 07:00:00FR23110_PM2.5_3,FR23110,39,44184,3.9,2026-06-09 07:00:00+00:00
2026-06-09 07:00:00FR23120_NO2_A,FR23120,3,49007,9.5,2026-06-09 07:00:00+00:00
2026-06-09 07:00:00FR23120_PM10_4,FR23120,24,49007,14.0,2026-06-09 07:00:00+00:00
2026-06-09 07:00:00FR23120_PM2.5_2,FR23120,39,49007,5.2,2026-06-09 07:00:00+00:00
2026-06-09 07:00:00FR23123_NO2_A,FR23123,3,53130,3.9,2026-06-09 07:00:00+00:00
2026-06-09 07:00:00FR23123_O3_A,FR23123,8,53130,46.0,2026-06-09 07:00:00+00:00
2026-06-09 07:00:00FR23123_PM10_3,FR23123,24,53130,12.0,2026-06-09 07:00:00+00:00
2026-06-09 07:00:00FR23123_PM2.5_3,FR23123,39,53130,4.9,2026-06-09 07:00:00+00:00
2026-06-09 07:00:00FR23124_NO2_A,FR23124,3,85289,1.5,2026-06-09 07:00:00+00:00
2026-06-09 07:00:00FR23124_O3_A,FR23124,8,85289,50.0,2026-06-09 07:00:00+00:00
2026-06-09 07:00:00FR23124_PM10_4,FR23124,24,85289,11.0,2026-06-09 07:00:00+00:00
2026-06-09 07:00:00FR23124_PM2.5_2,FR23124,39,85289,3.9,2026-06-09 07:00:00+00:00
2026-06-09 07:00:00FR23149_SO2_A,FR23149,1,44116,0.0,2026-06-09 07:00:00+00:00
2026-06-09 07:00:00FR23150_NO2_A,FR23150,3,49007,6.0,2026-06-09 07:00:00+00:00
2026-06-09 07:00:00FR23150_O3_A,FR23150,8,49007,50.0,2026-06-09 07:00:00+00:00
2026-06-09 07:00:00FR23152_NO2_A,FR23152,3,85191,17.0,2026-06-09 07:00:00+00:00
2026-06-09 07:00:00FR23152_O3_A,FR23152,8,85191,37.0,2026-06-09 07:00:00+00:00
2026-06-09 07:00:00FR23152_PM10_4,FR23152,24,85191,13.0,2026-06-09 07:00:00+00:00
2026-06-09 07:00:00FR23152_PM2.5_2,FR23152,39,85191,4.8,2026-06-09 07:00:00+00:00
2026-06-09 07:00:00FR23157_O3_A,FR23157,8,44018,45.0,2026-06-09 07:00:00+00:00
2026-06-09 07:00:00FR23163_O3_A,FR23163,8,72344,51.0,2026-06-09 07:00:00+00:00
2026-06-09 07:00:00FR23174_NO2_A,FR23174,3,72181,8.3,2026-06-09 07:00:00+00:00
2026-06-09 07:00:00FR23174_PM10_2,FR23174,24,72181,16.0,2026-06-09 07:00:00+00:00
2026-06-09 07:00:00FR23174_PM2.5_1,FR23174,39,72181,5.5,2026-06-09 07:00:00+00:00
2026-06-09 07:00:00FR23175_O3_A,FR23175,8,49035,51.0,2026-06-09 07:00:00+00:00
2026-06-09 07:00:00FR23177_NO2_1,FR23177,3,53210,3.6,2026-06-09 07:00:00+00:00
2026-06-09 07:00:00FR23177_O3_A,FR23177,8,53210,47.0,2026-06-09 07:00:00+00:00
2026-06-09 07:00:00FR23177_PM10_4,FR23177,24,53210,15.0,2026-06-09 07:00:00+00:00
2026-06-09 07:00:00FR23177_PM2.5_2,FR23177,39,53210,5.3,2026-06-09 07:00:00+00:00
2026-06-09 07:00:00FR23178_NO2_1,FR23178,3,44052,10.0,2026-06-09 07:00:00+00:00
2026-06-09 07:00:00FR23178_PM10_3,FR23178,24,44052,12.0,2026-06-09 07:00:00+00:00
2026-06-09 07:00:00FR23178_PM2.5_2,FR23178,39,44052,4.3,2026-06-09 07:00:00+00:00
2026-06-09 07:00:00FR23178_SO2_A,FR23178,1,44052,0.0,2026-06-09 07:00:00+00:00
2026-06-09 07:00:00FR23181_NO2_1,FR23181,3,44184,5.1,2026-06-09 07:00:00+00:00
2026-06-09 07:00:00FR23181_SO2_1,FR23181,1,44184,0.33,2026-06-09 07:00:00+00:00
2026-06-09 07:00:00FR23182_NO2_A,FR23182,3,72181,4.4,2026-06-09 07:00:00+00:00
2026-06-09 07:00:00FR23182_O3_A,FR23182,8,72181,45.0,2026-06-09 07:00:00+00:00
2026-06-09 07:00:00FR23182_PM10_3,FR23182,24,72181,13.0,2026-06-09 07:00:00+00:00
2026-06-09 07:00:00FR23182_PM2.5_2,FR23182,39,72181,5.1,2026-06-09 07:00:00+00:00
2026-06-09 07:00:00FR23188_NO2_A,FR23188,3,44109,15.0,2026-06-09 07:00:00+00:00
2026-06-09 07:00:00FR23188_O3_A,FR23188,8,44109,45.0,2026-06-09 07:00:00+00:00
2026-06-09 07:00:00FR23188_PM10_4,FR23188,24,44109,12.0,2026-06-09 07:00:00+00:00
2026-06-09 07:00:00FR23188_PM2.5_2,FR23188,39,44109,4.7,2026-06-09 07:00:00+00:00
2026-06-09 07:00:00FR23230_O3_A,FR23230,8,44132,63.0,2026-06-09 07:00:00+00:00
2026-06-09 07:00:00FR23238_PM10_A,FR23238,24,44143,13.0,2026-06-09 07:00:00+00:00
2026-06-09 07:00:00FR23238_PM2.5_1,FR23238,39,44143,4.2,2026-06-09 07:00:00+00:00
2026-06-09 07:00:00FR23239_NO2_A,FR23239,3,44020,13.0,2026-06-09 07:00:00+00:00
2026-06-09 07:00:00FR23239_PM10_1,FR23239,24,44020,10.0,2026-06-09 07:00:00+00:00
2026-06-09 07:00:00FR23239_PM2.5_6,FR23239,39,44020,4.4,2026-06-09 07:00:00+00:00
2026-06-09 07:00:00FR23242_NO2_1,FR23242,3,49007,16.0,2026-06-09 07:00:00+00:00
2026-06-09 07:00:00FR23242_PM10_1,FR23242,24,49007,15.0,2026-06-09 07:00:00+00:00
2026-06-09 07:00:00FR23242_PM2.5_1,FR23242,39,49007,2.8,2026-06-09 07:00:00+00:00
2026-06-09 07:00:00FR23249_NO2_A,FR23249,3,44103,11.0,2026-06-09 07:00:00+00:00
2026-06-09 07:00:00FR23249_PM10_1,FR23249,24,44103,10.0,2026-06-09 07:00:00+00:00
2026-06-09 07:00:00FR23249_PM2.5_1,FR23249,39,44103,3.6,2026-06-09 07:00:00+00:00
2026-06-09 07:00:00FR23249_SO2_A,FR23249,1,44103,0.0,2026-06-09 07:00:00+00:00
2026-06-09 07:00:00FR23251_NO2_1,FR23251,3,44109,46.0,2026-06-09 07:00:00+00:00
2026-06-09 07:00:00FR23251_PM2.5_1,FR23251,39,44109,9.6,2026-06-09 07:00:00+00:00
2026-06-09 07:00:00FR23252_NO2_1,FR23252,3,53130,16.0,2026-06-09 07:00:00+00:00
2026-06-09 07:00:00FR23252_PM2.5_1,FR23252,39,53130,3.9,2026-06-09 07:00:00+00:00
2026-06-09 07:00:00FR23259_PM10_1,FR23259,24,44109,23.0,2026-06-09 07:00:00+00:00
2026-06-09 07:00:00FR23259_PM2.5_1,FR23259,39,44109,5.6,2026-06-09 07:00:00+00:00
2026-06-09 06:00:00FR23001_SO2_A,FR23001,1,44052,0.3,2026-06-09 06:00:00+00:00
2026-06-09 06:00:00FR23003_NO2_A,FR23003,3,44052,6.1,2026-06-09 06:00:00+00:00
2026-06-09 06:00:00FR23003_PM10_1,FR23003,24,44052,8.4,2026-06-09 06:00:00+00:00
2026-06-09 06:00:00FR23003_PM2.5_1,FR23003,39,44052,3.0,2026-06-09 06:00:00+00:00
2026-06-09 06:00:00FR23003_SO2_A,FR23003,1,44052,0.0,2026-06-09 06:00:00+00:00
2026-06-09 06:00:00FR23068_NO2_A,FR23068,3,44061,7.1,2026-06-09 06:00:00+00:00
2026-06-09 06:00:00FR23068_PM10_4,FR23068,24,44061,7.8,2026-06-09 06:00:00+00:00
2026-06-09 06:00:00FR23068_PM2.5_1,FR23068,39,44061,3.3,2026-06-09 06:00:00+00:00
2026-06-09 06:00:00FR23068_SO2_A,FR23068,1,44061,0.2,2026-06-09 06:00:00+00:00
2026-06-09 06:00:00FR23069_SO2_A,FR23069,1,44195,0.0,2026-06-09 06:00:00+00:00
2026-06-09 06:00:00FR23070_NO2_A,FR23070,3,44158,6.0,2026-06-09 06:00:00+00:00
2026-06-09 06:00:00FR23070_PM10_3,FR23070,24,44158,8.6,2026-06-09 06:00:00+00:00
2026-06-09 06:00:00FR23070_PM2.5_1,FR23070,39,44158,3.6,2026-06-09 06:00:00+00:00
2026-06-09 06:00:00FR23070_SO2_A,FR23070,1,44158,0.25,2026-06-09 06:00:00+00:00
2026-06-09 06:00:00FR23075_NO2_A,FR23075,3,44210,20.0,2026-06-09 06:00:00+00:00
2026-06-09 06:00:00FR23078_NO2_A,FR23078,3,49099,13.0,2026-06-09 06:00:00+00:00
2026-06-09 06:00:00FR23078_O3_A,FR23078,8,49099,46.0,2026-06-09 06:00:00+00:00
2026-06-09 06:00:00FR23078_PM10_2,FR23078,24,49099,12.0,2026-06-09 06:00:00+00:00
2026-06-09 06:00:00FR23078_PM2.5_2,FR23078,39,49099,3.3,2026-06-09 06:00:00+00:00
2026-06-09 06:00:00FR23110_NO2_A,FR23110,3,44184,5.2,2026-06-09 06:00:00+00:00
2026-06-09 06:00:00FR23110_O3_A,FR23110,8,44184,56.0,2026-06-09 06:00:00+00:00
2026-06-09 06:00:00FR23110_PM10_3,FR23110,24,44184,11.0,2026-06-09 06:00:00+00:00
2026-06-09 06:00:00FR23110_PM2.5_3,FR23110,39,44184,4.5,2026-06-09 06:00:00+00:00
2026-06-09 06:00:00FR23120_NO2_A,FR23120,3,49007,9.2,2026-06-09 06:00:00+00:00
2026-06-09 06:00:00FR23120_PM10_4,FR23120,24,49007,12.0,2026-06-09 06:00:00+00:00
2026-06-09 06:00:00FR23120_PM2.5_2,FR23120,39,49007,5.0,2026-06-09 06:00:00+00:00
2026-06-09 06:00:00FR23123_NO2_A,FR23123,3,53130,6.8,2026-06-09 06:00:00+00:00
2026-06-09 06:00:00FR23123_O3_A,FR23123,8,53130,37.0,2026-06-09 06:00:00+00:00
2026-06-09 06:00:00FR23123_PM10_3,FR23123,24,53130,12.0,2026-06-09 06:00:00+00:00
2026-06-09 06:00:00FR23123_PM2.5_3,FR23123,39,53130,4.8,2026-06-09 06:00:00+00:00
2026-06-09 06:00:00FR23124_NO2_A,FR23124,3,85289,2.4,2026-06-09 06:00:00+00:00
2026-06-09 06:00:00FR23124_O3_A,FR23124,8,85289,37.0,2026-06-09 06:00:00+00:00
2026-06-09 06:00:00FR23124_PM10_4,FR23124,24,85289,11.0,2026-06-09 06:00:00+00:00
2026-06-09 06:00:00FR23124_PM2.5_2,FR23124,39,85289,3.8,2026-06-09 06:00:00+00:00
2026-06-09 06:00:00FR23149_SO2_A,FR23149,1,44116,0.0,2026-06-09 06:00:00+00:00
2026-06-09 06:00:00FR23150_NO2_A,FR23150,3,49007,3.3,2026-06-09 06:00:00+00:00
2026-06-09 06:00:00FR23150_O3_A,FR23150,8,49007,43.0,2026-06-09 06:00:00+00:00
2026-06-09 06:00:00FR23152_NO2_A,FR23152,3,85191,15.0,2026-06-09 06:00:00+00:00
2026-06-09 06:00:00FR23152_O3_A,FR23152,8,85191,29.0,2026-06-09 06:00:00+00:00
2026-06-09 06:00:00FR23152_PM10_4,FR23152,24,85191,9.2,2026-06-09 06:00:00+00:00
2026-06-09 06:00:00FR23152_PM2.5_2,FR23152,39,85191,4.5,2026-06-09 06:00:00+00:00
2026-06-09 06:00:00FR23157_O3_A,FR23157,8,44018,19.0,2026-06-09 06:00:00+00:00
2026-06-09 06:00:00FR23163_O3_A,FR23163,8,72344,39.0,2026-06-09 06:00:00+00:00
2026-06-09 06:00:00FR23174_NO2_A,FR23174,3,72181,13.0,2026-06-09 06:00:00+00:00
2026-06-09 06:00:00FR23174_PM10_2,FR23174,24,72181,15.0,2026-06-09 06:00:00+00:00
2026-06-09 06:00:00FR23174_PM2.5_1,FR23174,39,72181,5.6,2026-06-09 06:00:00+00:00
2026-06-09 06:00:00FR23175_O3_A,FR23175,8,49035,36.0,2026-06-09 06:00:00+00:00
2026-06-09 06:00:00FR23177_NO2_1,FR23177,3,53210,4.8,2026-06-09 06:00:00+00:00
2026-06-09 06:00:00FR23177_O3_A,FR23177,8,53210,30.0,2026-06-09 06:00:00+00:00
2026-06-09 06:00:00FR23177_PM10_4,FR23177,24,53210,14.0,2026-06-09 06:00:00+00:00
2026-06-09 06:00:00FR23177_PM2.5_2,FR23177,39,53210,4.9,2026-06-09 06:00:00+00:00
2026-06-09 06:00:00FR23178_NO2_1,FR23178,3,44052,8.8,2026-06-09 06:00:00+00:00
2026-06-09 06:00:00FR23178_PM10_3,FR23178,24,44052,12.0,2026-06-09 06:00:00+00:00
2026-06-09 06:00:00FR23178_PM2.5_2,FR23178,39,44052,4.0,2026-06-09 06:00:00+00:00
2026-06-09 06:00:00FR23178_SO2_A,FR23178,1,44052,0.0,2026-06-09 06:00:00+00:00
2026-06-09 06:00:00FR23181_NO2_1,FR23181,3,44184,4.2,2026-06-09 06:00:00+00:00
2026-06-09 06:00:00FR23181_SO2_1,FR23181,1,44184,0.4,2026-06-09 06:00:00+00:00
2026-06-09 06:00:00FR23182_NO2_A,FR23182,3,72181,6.6,2026-06-09 06:00:00+00:00
2026-06-09 06:00:00FR23182_O3_A,FR23182,8,72181,34.0,2026-06-09 06:00:00+00:00
2026-06-09 06:00:00FR23182_PM10_3,FR23182,24,72181,12.0,2026-06-09 06:00:00+00:00
2026-06-09 06:00:00FR23182_PM2.5_2,FR23182,39,72181,4.9,2026-06-09 06:00:00+00:00
2026-06-09 06:00:00FR23188_NO2_A,FR23188,3,44109,14.0,2026-06-09 06:00:00+00:00
2026-06-09 06:00:00FR23188_O3_A,FR23188,8,44109,46.0,2026-06-09 06:00:00+00:00
2026-06-09 06:00:00FR23188_PM10_4,FR23188,24,44109,11.0,2026-06-09 06:00:00+00:00
2026-06-09 06:00:00FR23188_PM2.5_2,FR23188,39,44109,4.7,2026-06-09 06:00:00+00:00
2026-06-09 06:00:00FR23230_O3_A,FR23230,8,44132,63.0,2026-06-09 06:00:00+00:00
2026-06-09 06:00:00FR23238_PM10_A,FR23238,24,44143,14.0,2026-06-09 06:00:00+00:00
2026-06-09 06:00:00FR23238_PM2.5_1,FR23238,39,44143,4.6,2026-06-09 06:00:00+00:00
2026-06-09 06:00:00FR23239_NO2_A,FR23239,3,44020,22.0,2026-06-09 06:00:00+00:00
2026-06-09 06:00:00FR23239_PM10_1,FR23239,24,44020,11.0,2026-06-09 06:00:00+00:00
2026-06-09 06:00:00FR23239_PM2.5_6,FR23239,39,44020,4.7,2026-06-09 06:00:00+00:00
2026-06-09 06:00:00FR23242_NO2_1,FR23242,3,49007,12.0,2026-06-09 06:00:00+00:00
2026-06-09 06:00:00FR23242_PM10_1,FR23242,24,49007,13.0,2026-06-09 06:00:00+00:00
2026-06-09 06:00:00FR23242_PM2.5_1,FR23242,39,49007,3.6,2026-06-09 06:00:00+00:00
2026-06-09 06:00:00FR23249_NO2_A,FR23249,3,44103,15.0,2026-06-09 06:00:00+00:00
2026-06-09 06:00:00FR23249_PM10_1,FR23249,24,44103,6.2,2026-06-09 06:00:00+00:00
2026-06-09 06:00:00FR23249_PM2.5_1,FR23249,39,44103,3.0,2026-06-09 06:00:00+00:00
2026-06-09 06:00:00FR23249_SO2_A,FR23249,1,44103,0.0,2026-06-09 06:00:00+00:00
2026-06-09 06:00:00FR23251_NO2_1,FR23251,3,44109,50.0,2026-06-09 06:00:00+00:00
2026-06-09 06:00:00FR23251_PM2.5_1,FR23251,39,44109,11.0,2026-06-09 06:00:00+00:00
2026-06-09 06:00:00FR23252_NO2_1,FR23252,3,53130,37.0,2026-06-09 06:00:00+00:00
2026-06-09 06:00:00FR23252_PM2.5_1,FR23252,39,53130,6.9,2026-06-09 06:00:00+00:00
2026-06-09 06:00:00FR23259_PM10_1,FR23259,24,44109,14.0,2026-06-09 06:00:00+00:00
2026-06-09 06:00:00FR23259_PM2.5_1,FR23259,39,44109,5.5,2026-06-09 06:00:00+00:00
2026-06-09 05:00:00FR23001_SO2_A,FR23001,1,44052,0.0,2026-06-09 05:00:00+00:00
2026-06-09 05:00:00FR23003_NO2_A,FR23003,3,44052,6.9,2026-06-09 05:00:00+00:00
2026-06-09 05:00:00FR23003_PM10_1,FR23003,24,44052,7.8,2026-06-09 05:00:00+00:00
2026-06-09 05:00:00FR23003_PM2.5_1,FR23003,39,44052,2.9,2026-06-09 05:00:00+00:00
2026-06-09 05:00:00FR23003_SO2_A,FR23003,1,44052,0.05,2026-06-09 05:00:00+00:00
2026-06-09 05:00:00FR23068_NO2_A,FR23068,3,44061,3.7,2026-06-09 05:00:00+00:00
2026-06-09 05:00:00FR23068_PM10_4,FR23068,24,44061,8.9,2026-06-09 05:00:00+00:00
2026-06-09 05:00:00FR23068_PM2.5_1,FR23068,39,44061,3.7,2026-06-09 05:00:00+00:00
2026-06-09 05:00:00FR23068_SO2_A,FR23068,1,44061,0.0,2026-06-09 05:00:00+00:00
2026-06-09 05:00:00FR23069_SO2_A,FR23069,1,44195,0.0,2026-06-09 05:00:00+00:00
2026-06-09 05:00:00FR23070_NO2_A,FR23070,3,44158,2.9,2026-06-09 05:00:00+00:00
2026-06-09 05:00:00FR23070_PM10_3,FR23070,24,44158,7.5,2026-06-09 05:00:00+00:00
2026-06-09 05:00:00FR23070_PM2.5_1,FR23070,39,44158,3.3,2026-06-09 05:00:00+00:00
2026-06-09 05:00:00FR23070_SO2_A,FR23070,1,44158,0.28,2026-06-09 05:00:00+00:00
2026-06-09 05:00:00FR23075_NO2_A,FR23075,3,44210,13.0,2026-06-09 05:00:00+00:00
2026-06-09 05:00:00FR23078_NO2_A,FR23078,3,49099,6.4,2026-06-09 05:00:00+00:00
2026-06-09 05:00:00FR23078_O3_A,FR23078,8,49099,46.0,2026-06-09 05:00:00+00:00
2026-06-09 05:00:00FR23078_PM10_2,FR23078,24,49099,7.6,2026-06-09 05:00:00+00:00
2026-06-09 05:00:00FR23110_NO2_A,FR23110,3,44184,6.7,2026-06-09 05:00:00+00:00
2026-06-09 05:00:00FR23110_O3_A,FR23110,8,44184,56.0,2026-06-09 05:00:00+00:00
2026-06-09 05:00:00FR23110_PM10_3,FR23110,24,44184,8.4,2026-06-09 05:00:00+00:00
2026-06-09 05:00:00FR23110_PM2.5_3,FR23110,39,44184,3.6,2026-06-09 05:00:00+00:00
2026-06-09 05:00:00FR23120_NO2_A,FR23120,3,49007,6.1,2026-06-09 05:00:00+00:00
2026-06-09 05:00:00FR23120_PM10_4,FR23120,24,49007,12.0,2026-06-09 05:00:00+00:00
2026-06-09 05:00:00FR23120_PM2.5_2,FR23120,39,49007,4.8,2026-06-09 05:00:00+00:00
2026-06-09 05:00:00FR23123_NO2_A,FR23123,3,53130,3.3,2026-06-09 05:00:00+00:00
2026-06-09 05:00:00FR23123_O3_A,FR23123,8,53130,38.0,2026-06-09 05:00:00+00:00
2026-06-09 05:00:00FR23123_PM10_3,FR23123,24,53130,11.0,2026-06-09 05:00:00+00:00
2026-06-09 05:00:00FR23123_PM2.5_3,FR23123,39,53130,4.5,2026-06-09 05:00:00+00:00
2026-06-09 05:00:00FR23124_NO2_A,FR23124,3,85289,2.2,2026-06-09 05:00:00+00:00
2026-06-09 05:00:00FR23124_O3_A,FR23124,8,85289,36.0,2026-06-09 05:00:00+00:00
2026-06-09 05:00:00FR23124_PM10_4,FR23124,24,85289,11.0,2026-06-09 05:00:00+00:00
2026-06-09 05:00:00FR23124_PM2.5_2,FR23124,39,85289,3.7,2026-06-09 05:00:00+00:00
2026-06-09 05:00:00FR23149_SO2_A,FR23149,1,44116,0.0,2026-06-09 05:00:00+00:00
2026-06-09 05:00:00FR23150_NO2_A,FR23150,3,49007,3.3,2026-06-09 05:00:00+00:00
2026-06-09 05:00:00FR23150_O3_A,FR23150,8,49007,41.0,2026-06-09 05:00:00+00:00
2026-06-09 05:00:00FR23152_NO2_A,FR23152,3,85191,4.1,2026-06-09 05:00:00+00:00
2026-06-09 05:00:00FR23152_O3_A,FR23152,8,85191,38.0,2026-06-09 05:00:00+00:00
2026-06-09 05:00:00FR23152_PM10_4,FR23152,24,85191,7.6,2026-06-09 05:00:00+00:00
2026-06-09 05:00:00FR23152_PM2.5_2,FR23152,39,85191,3.7,2026-06-09 05:00:00+00:00
2026-06-09 05:00:00FR23157_O3_A,FR23157,8,44018,21.0,2026-06-09 05:00:00+00:00
2026-06-09 05:00:00FR23163_O3_A,FR23163,8,72344,35.0,2026-06-09 05:00:00+00:00
2026-06-09 05:00:00FR23174_NO2_A,FR23174,3,72181,14.0,2026-06-09 05:00:00+00:00
2026-06-09 05:00:00FR23174_PM10_2,FR23174,24,72181,15.0,2026-06-09 05:00:00+00:00
2026-06-09 05:00:00FR23174_PM2.5_1,FR23174,39,72181,5.7,2026-06-09 05:00:00+00:00
2026-06-09 05:00:00FR23175_O3_A,FR23175,8,49035,35.0,2026-06-09 05:00:00+00:00
2026-06-09 05:00:00FR23177_NO2_1,FR23177,3,53210,6.4,2026-06-09 05:00:00+00:00
2026-06-09 05:00:00FR23177_O3_A,FR23177,8,53210,17.0,2026-06-09 05:00:00+00:00
2026-06-09 05:00:00FR23177_PM10_4,FR23177,24,53210,14.0,2026-06-09 05:00:00+00:00
2026-06-09 05:00:00FR23177_PM2.5_2,FR23177,39,53210,4.3,2026-06-09 05:00:00+00:00
2026-06-09 05:00:00FR23178_NO2_1,FR23178,3,44052,7.6,2026-06-09 05:00:00+00:00
2026-06-09 05:00:00FR23178_PM10_3,FR23178,24,44052,12.0,2026-06-09 05:00:00+00:00
2026-06-09 05:00:00FR23178_PM2.5_2,FR23178,39,44052,4.0,2026-06-09 05:00:00+00:00
2026-06-09 05:00:00FR23178_SO2_A,FR23178,1,44052,0.0,2026-06-09 05:00:00+00:00
2026-06-09 05:00:00FR23181_NO2_1,FR23181,3,44184,2.8,2026-06-09 05:00:00+00:00
2026-06-09 05:00:00FR23181_SO2_1,FR23181,1,44184,0.48,2026-06-09 05:00:00+00:00
2026-06-09 05:00:00FR23182_NO2_A,FR23182,3,72181,7.8,2026-06-09 05:00:00+00:00
2026-06-09 05:00:00FR23182_O3_A,FR23182,8,72181,29.0,2026-06-09 05:00:00+00:00
2026-06-09 05:00:00FR23182_PM10_3,FR23182,24,72181,13.0,2026-06-09 05:00:00+00:00
2026-06-09 05:00:00FR23182_PM2.5_2,FR23182,39,72181,5.2,2026-06-09 05:00:00+00:00
2026-06-09 05:00:00FR23188_NO2_A,FR23188,3,44109,8.2,2026-06-09 05:00:00+00:00
2026-06-09 05:00:00FR23188_O3_A,FR23188,8,44109,48.0,2026-06-09 05:00:00+00:00
2026-06-09 05:00:00FR23188_PM10_4,FR23188,24,44109,8.6,2026-06-09 05:00:00+00:00
2026-06-09 05:00:00FR23188_PM2.5_2,FR23188,39,44109,3.8,2026-06-09 05:00:00+00:00
2026-06-09 05:00:00FR23230_O3_A,FR23230,8,44132,63.0,2026-06-09 05:00:00+00:00
2026-06-09 05:00:00FR23238_PM10_A,FR23238,24,44143,11.0,2026-06-09 05:00:00+00:00
2026-06-09 05:00:00FR23238_PM2.5_1,FR23238,39,44143,5.3,2026-06-09 05:00:00+00:00
2026-06-09 05:00:00FR23239_NO2_A,FR23239,3,44020,21.0,2026-06-09 05:00:00+00:00
2026-06-09 05:00:00FR23239_PM10_1,FR23239,24,44020,9.3,2026-06-09 05:00:00+00:00
2026-06-09 05:00:00FR23239_PM2.5_6,FR23239,39,44020,4.0,2026-06-09 05:00:00+00:00
2026-06-09 05:00:00FR23242_NO2_1,FR23242,3,49007,18.0,2026-06-09 05:00:00+00:00
2026-06-09 05:00:00FR23242_PM10_1,FR23242,24,49007,15.0,2026-06-09 05:00:00+00:00
2026-06-09 05:00:00FR23242_PM2.5_1,FR23242,39,49007,5.1,2026-06-09 05:00:00+00:00
2026-06-09 05:00:00FR23249_NO2_A,FR23249,3,44103,7.9,2026-06-09 05:00:00+00:00
2026-06-09 05:00:00FR23249_PM10_1,FR23249,24,44103,7.4,2026-06-09 05:00:00+00:00
2026-06-09 05:00:00FR23249_PM2.5_1,FR23249,39,44103,3.1,2026-06-09 05:00:00+00:00
2026-06-09 05:00:00FR23249_SO2_A,FR23249,1,44103,0.0,2026-06-09 05:00:00+00:00
2026-06-09 05:00:00FR23251_NO2_1,FR23251,3,44109,39.0,2026-06-09 05:00:00+00:00
2026-06-09 05:00:00FR23251_PM2.5_1,FR23251,39,44109,6.7,2026-06-09 05:00:00+00:00
2026-06-09 05:00:00FR23252_NO2_1,FR23252,3,53130,13.0,2026-06-09 05:00:00+00:00
2026-06-09 05:00:00FR23252_PM2.5_1,FR23252,39,53130,7.8,2026-06-09 05:00:00+00:00
2026-06-09 05:00:00FR23259_PM10_1,FR23259,24,44109,9.3,2026-06-09 05:00:00+00:00
2026-06-09 05:00:00FR23259_PM2.5_1,FR23259,39,44109,4.0,2026-06-09 05:00:00+00:00
2026-06-09 04:00:00FR23001_SO2_A,FR23001,1,44052,0.05,2026-06-09 04:00:00+00:00
2026-06-09 04:00:00FR23003_NO2_A,FR23003,3,44052,4.6,2026-06-09 04:00:00+00:00
2026-06-09 04:00:00FR23003_PM10_1,FR23003,24,44052,6.0,2026-06-09 04:00:00+00:00
2026-06-09 04:00:00FR23003_PM2.5_1,FR23003,39,44052,2.5,2026-06-09 04:00:00+00:00
2026-06-09 04:00:00FR23003_SO2_A,FR23003,1,44052,0.075,2026-06-09 04:00:00+00:00
2026-06-09 04:00:00FR23068_NO2_A,FR23068,3,44061,5.3,2026-06-09 04:00:00+00:00
2026-06-09 04:00:00FR23068_PM10_4,FR23068,24,44061,7.6,2026-06-09 04:00:00+00:00
2026-06-09 04:00:00FR23068_PM2.5_1,FR23068,39,44061,3.3,2026-06-09 04:00:00+00:00
2026-06-09 04:00:00FR23068_SO2_A,FR23068,1,44061,0.0,2026-06-09 04:00:00+00:00
2026-06-09 04:00:00FR23069_SO2_A,FR23069,1,44195,0.0,2026-06-09 04:00:00+00:00
2026-06-09 04:00:00FR23070_NO2_A,FR23070,3,44158,3.2,2026-06-09 04:00:00+00:00
2026-06-09 04:00:00FR23070_PM10_3,FR23070,24,44158,7.4,2026-06-09 04:00:00+00:00
2026-06-09 04:00:00FR23070_PM2.5_1,FR23070,39,44158,3.1,2026-06-09 04:00:00+00:00
2026-06-09 04:00:00FR23070_SO2_A,FR23070,1,44158,0.15,2026-06-09 04:00:00+00:00
2026-06-09 04:00:00FR23075_NO2_A,FR23075,3,44210,12.0,2026-06-09 04:00:00+00:00
2026-06-09 04:00:00FR23078_NO2_A,FR23078,3,49099,3.9,2026-06-09 04:00:00+00:00
2026-06-09 04:00:00FR23078_O3_A,FR23078,8,49099,49.0,2026-06-09 04:00:00+00:00
2026-06-09 04:00:00FR23078_PM10_2,FR23078,24,49099,8.0,2026-06-09 04:00:00+00:00
2026-06-09 04:00:00FR23078_PM2.5_2,FR23078,39,49099,3.4,2026-06-09 04:00:00+00:00
2026-06-09 04:00:00FR23110_NO2_A,FR23110,3,44184,2.4,2026-06-09 04:00:00+00:00
2026-06-09 04:00:00FR23110_O3_A,FR23110,8,44184,62.0,2026-06-09 04:00:00+00:00
2026-06-09 04:00:00FR23110_PM10_3,FR23110,24,44184,10.0,2026-06-09 04:00:00+00:00
2026-06-09 04:00:00FR23110_PM2.5_3,FR23110,39,44184,4.3,2026-06-09 04:00:00+00:00
2026-06-09 04:00:00FR23120_NO2_A,FR23120,3,49007,5.0,2026-06-09 04:00:00+00:00
2026-06-09 04:00:00FR23120_PM10_4,FR23120,24,49007,9.1,2026-06-09 04:00:00+00:00
2026-06-09 04:00:00FR23120_PM2.5_2,FR23120,39,49007,3.9,2026-06-09 04:00:00+00:00
2026-06-09 04:00:00FR23123_NO2_A,FR23123,3,53130,1.8,2026-06-09 04:00:00+00:00
2026-06-09 04:00:00FR23123_O3_A,FR23123,8,53130,43.0,2026-06-09 04:00:00+00:00
2026-06-09 04:00:00FR23123_PM10_3,FR23123,24,53130,9.6,2026-06-09 04:00:00+00:00
2026-06-09 04:00:00FR23123_PM2.5_3,FR23123,39,53130,4.1,2026-06-09 04:00:00+00:00
2026-06-09 04:00:00FR23124_NO2_A,FR23124,3,85289,1.9,2026-06-09 04:00:00+00:00
2026-06-09 04:00:00FR23124_O3_A,FR23124,8,85289,38.0,2026-06-09 04:00:00+00:00
2026-06-09 04:00:00FR23124_PM10_4,FR23124,24,85289,9.9,2026-06-09 04:00:00+00:00
2026-06-09 04:00:00FR23124_PM2.5_2,FR23124,39,85289,3.6,2026-06-09 04:00:00+00:00
2026-06-09 04:00:00FR23149_SO2_A,FR23149,1,44116,0.0,2026-06-09 04:00:00+00:00
2026-06-09 04:00:00FR23150_NO2_A,FR23150,3,49007,2.7,2026-06-09 04:00:00+00:00
2026-06-09 04:00:00FR23150_O3_A,FR23150,8,49007,48.0,2026-06-09 04:00:00+00:00
2026-06-09 04:00:00FR23152_NO2_A,FR23152,3,85191,3.0,2026-06-09 04:00:00+00:00
2026-06-09 04:00:00FR23152_O3_A,FR23152,8,85191,41.0,2026-06-09 04:00:00+00:00
2026-06-09 04:00:00FR23152_PM10_4,FR23152,24,85191,6.9,2026-06-09 04:00:00+00:00
2026-06-09 04:00:00FR23152_PM2.5_2,FR23152,39,85191,3.6,2026-06-09 04:00:00+00:00
2026-06-09 04:00:00FR23157_O3_A,FR23157,8,44018,23.0,2026-06-09 04:00:00+00:00
2026-06-09 04:00:00FR23163_O3_A,FR23163,8,72344,36.0,2026-06-09 04:00:00+00:00
2026-06-09 04:00:00FR23174_NO2_A,FR23174,3,72181,10.0,2026-06-09 04:00:00+00:00
2026-06-09 04:00:00FR23174_PM10_2,FR23174,24,72181,14.0,2026-06-09 04:00:00+00:00
2026-06-09 04:00:00FR23174_PM2.5_1,FR23174,39,72181,5.3,2026-06-09 04:00:00+00:00
2026-06-09 04:00:00FR23175_O3_A,FR23175,8,49035,42.0,2026-06-09 04:00:00+00:00
2026-06-09 04:00:00FR23177_NO2_1,FR23177,3,53210,4.6,2026-06-09 04:00:00+00:00
2026-06-09 04:00:00FR23177_O3_A,FR23177,8,53210,23.0,2026-06-09 04:00:00+00:00
2026-06-09 04:00:00FR23177_PM10_4,FR23177,24,53210,15.0,2026-06-09 04:00:00+00:00
2026-06-09 04:00:00FR23177_PM2.5_2,FR23177,39,53210,4.4,2026-06-09 04:00:00+00:00
2026-06-09 04:00:00FR23178_NO2_1,FR23178,3,44052,5.2,2026-06-09 04:00:00+00:00
2026-06-09 04:00:00FR23178_PM10_3,FR23178,24,44052,14.0,2026-06-09 04:00:00+00:00
2026-06-09 04:00:00FR23178_PM2.5_2,FR23178,39,44052,4.3,2026-06-09 04:00:00+00:00
2026-06-09 04:00:00FR23178_SO2_A,FR23178,1,44052,0.0,2026-06-09 04:00:00+00:00
2026-06-09 04:00:00FR23181_NO2_1,FR23181,3,44184,2.3,2026-06-09 04:00:00+00:00
2026-06-09 04:00:00FR23181_SO2_1,FR23181,1,44184,0.45,2026-06-09 04:00:00+00:00
2026-06-09 04:00:00FR23182_NO2_A,FR23182,3,72181,3.9,2026-06-09 04:00:00+00:00
2026-06-09 04:00:00FR23182_O3_A,FR23182,8,72181,35.0,2026-06-09 04:00:00+00:00
2026-06-09 04:00:00FR23182_PM10_3,FR23182,24,72181,13.0,2026-06-09 04:00:00+00:00
2026-06-09 04:00:00FR23182_PM2.5_2,FR23182,39,72181,5.2,2026-06-09 04:00:00+00:00
2026-06-09 04:00:00FR23188_NO2_A,FR23188,3,44109,4.3,2026-06-09 04:00:00+00:00
2026-06-09 04:00:00FR23188_O3_A,FR23188,8,44109,59.0,2026-06-09 04:00:00+00:00
2026-06-09 04:00:00FR23188_PM10_4,FR23188,24,44109,8.8,2026-06-09 04:00:00+00:00
2026-06-09 04:00:00FR23188_PM2.5_2,FR23188,39,44109,4.0,2026-06-09 04:00:00+00:00
2026-06-09 04:00:00FR23230_O3_A,FR23230,8,44132,65.0,2026-06-09 04:00:00+00:00
2026-06-09 04:00:00FR23238_PM10_A,FR23238,24,44143,13.0,2026-06-09 04:00:00+00:00
2026-06-09 04:00:00FR23238_PM2.5_1,FR23238,39,44143,3.1,2026-06-09 04:00:00+00:00
2026-06-09 04:00:00FR23239_NO2_A,FR23239,3,44020,11.0,2026-06-09 04:00:00+00:00
2026-06-09 04:00:00FR23239_PM10_1,FR23239,24,44020,7.7,2026-06-09 04:00:00+00:00
2026-06-09 04:00:00FR23239_PM2.5_6,FR23239,39,44020,3.7,2026-06-09 04:00:00+00:00
2026-06-09 04:00:00FR23242_NO2_1,FR23242,3,49007,11.0,2026-06-09 04:00:00+00:00
2026-06-09 04:00:00FR23242_PM10_1,FR23242,24,49007,11.0,2026-06-09 04:00:00+00:00
2026-06-09 04:00:00FR23242_PM2.5_1,FR23242,39,49007,5.3,2026-06-09 04:00:00+00:00
2026-06-09 04:00:00FR23249_NO2_A,FR23249,3,44103,7.7,2026-06-09 04:00:00+00:00
2026-06-09 04:00:00FR23249_PM10_1,FR23249,24,44103,5.3,2026-06-09 04:00:00+00:00
2026-06-09 04:00:00FR23249_PM2.5_1,FR23249,39,44103,2.3,2026-06-09 04:00:00+00:00
2026-06-09 04:00:00FR23249_SO2_A,FR23249,1,44103,0.0,2026-06-09 04:00:00+00:00
2026-06-09 04:00:00FR23251_NO2_1,FR23251,3,44109,32.0,2026-06-09 04:00:00+00:00
2026-06-09 04:00:00FR23251_PM2.5_1,FR23251,39,44109,4.4,2026-06-09 04:00:00+00:00
2026-06-09 04:00:00FR23252_NO2_1,FR23252,3,53130,4.5,2026-06-09 04:00:00+00:00
2026-06-09 04:00:00FR23252_PM2.5_1,FR23252,39,53130,4.0,2026-06-09 04:00:00+00:00
2026-06-09 04:00:00FR23259_PM10_1,FR23259,24,44109,8.9,2026-06-09 04:00:00+00:00
2026-06-09 04:00:00FR23259_PM2.5_1,FR23259,39,44109,3.9,2026-06-09 04:00:00+00:00
2026-06-09 03:00:00FR23001_SO2_A,FR23001,1,44052,0.18,2026-06-09 03:00:00+00:00
2026-06-09 03:00:00FR23003_NO2_A,FR23003,3,44052,4.8,2026-06-09 03:00:00+00:00
2026-06-09 03:00:00FR23003_PM10_1,FR23003,24,44052,6.7,2026-06-09 03:00:00+00:00
2026-06-09 03:00:00FR23003_PM2.5_1,FR23003,39,44052,3.3,2026-06-09 03:00:00+00:00
2026-06-09 03:00:00FR23003_SO2_A,FR23003,1,44052,0.0,2026-06-09 03:00:00+00:00
2026-06-09 03:00:00FR23068_NO2_A,FR23068,3,44061,4.1,2026-06-09 03:00:00+00:00
2026-06-09 03:00:00FR23068_PM10_4,FR23068,24,44061,7.5,2026-06-09 03:00:00+00:00
2026-06-09 03:00:00FR23068_PM2.5_1,FR23068,39,44061,3.5,2026-06-09 03:00:00+00:00
2026-06-09 03:00:00FR23068_SO2_A,FR23068,1,44061,0.2,2026-06-09 03:00:00+00:00
2026-06-09 03:00:00FR23069_SO2_A,FR23069,1,44195,0.0,2026-06-09 03:00:00+00:00
2026-06-09 03:00:00FR23070_NO2_A,FR23070,3,44158,1.8,2026-06-09 03:00:00+00:00
2026-06-09 03:00:00FR23070_PM10_3,FR23070,24,44158,7.9,2026-06-09 03:00:00+00:00
2026-06-09 03:00:00FR23070_PM2.5_1,FR23070,39,44158,3.6,2026-06-09 03:00:00+00:00
2026-06-09 03:00:00FR23070_SO2_A,FR23070,1,44158,0.25,2026-06-09 03:00:00+00:00
2026-06-09 03:00:00FR23075_NO2_A,FR23075,3,44210,4.9,2026-06-09 03:00:00+00:00
2026-06-09 03:00:00FR23078_NO2_A,FR23078,3,49099,4.3,2026-06-09 03:00:00+00:00
2026-06-09 03:00:00FR23078_O3_A,FR23078,8,49099,56.0,2026-06-09 03:00:00+00:00
2026-06-09 03:00:00FR23078_PM10_2,FR23078,24,49099,10.0,2026-06-09 03:00:00+00:00
2026-06-09 03:00:00FR23078_PM2.5_2,FR23078,39,49099,2.9,2026-06-09 03:00:00+00:00
2026-06-09 03:00:00FR23110_NO2_A,FR23110,3,44184,1.8,2026-06-09 03:00:00+00:00
2026-06-09 03:00:00FR23110_O3_A,FR23110,8,44184,62.0,2026-06-09 03:00:00+00:00
2026-06-09 03:00:00FR23110_PM10_3,FR23110,24,44184,11.0,2026-06-09 03:00:00+00:00
2026-06-09 03:00:00FR23110_PM2.5_3,FR23110,39,44184,4.4,2026-06-09 03:00:00+00:00
2026-06-09 03:00:00FR23120_NO2_A,FR23120,3,49007,3.6,2026-06-09 03:00:00+00:00
2026-06-09 03:00:00FR23120_PM10_4,FR23120,24,49007,8.7,2026-06-09 03:00:00+00:00
2026-06-09 03:00:00FR23120_PM2.5_2,FR23120,39,49007,3.9,2026-06-09 03:00:00+00:00
2026-06-09 03:00:00FR23123_NO2_A,FR23123,3,53130,0.68,2026-06-09 03:00:00+00:00
2026-06-09 03:00:00FR23123_O3_A,FR23123,8,53130,48.0,2026-06-09 03:00:00+00:00
2026-06-09 03:00:00FR23123_PM10_3,FR23123,24,53130,11.0,2026-06-09 03:00:00+00:00
2026-06-09 03:00:00FR23123_PM2.5_3,FR23123,39,53130,4.2,2026-06-09 03:00:00+00:00
2026-06-09 03:00:00FR23124_NO2_A,FR23124,3,85289,2.0,2026-06-09 03:00:00+00:00
2026-06-09 03:00:00FR23124_O3_A,FR23124,8,85289,40.0,2026-06-09 03:00:00+00:00
2026-06-09 03:00:00FR23124_PM10_4,FR23124,24,85289,10.0,2026-06-09 03:00:00+00:00
2026-06-09 03:00:00FR23124_PM2.5_2,FR23124,39,85289,3.9,2026-06-09 03:00:00+00:00
2026-06-09 03:00:00FR23149_SO2_A,FR23149,1,44116,0.0,2026-06-09 03:00:00+00:00
2026-06-09 03:00:00FR23150_NO2_A,FR23150,3,49007,2.0,2026-06-09 03:00:00+00:00
2026-06-09 03:00:00FR23150_O3_A,FR23150,8,49007,55.0,2026-06-09 03:00:00+00:00
2026-06-09 03:00:00FR23152_NO2_A,FR23152,3,85191,2.0,2026-06-09 03:00:00+00:00
2026-06-09 03:00:00FR23152_O3_A,FR23152,8,85191,52.0,2026-06-09 03:00:00+00:00
2026-06-09 03:00:00FR23152_PM10_4,FR23152,24,85191,7.6,2026-06-09 03:00:00+00:00
2026-06-09 03:00:00FR23152_PM2.5_2,FR23152,39,85191,3.8,2026-06-09 03:00:00+00:00
2026-06-09 03:00:00FR23157_O3_A,FR23157,8,44018,35.0,2026-06-09 03:00:00+00:00
2026-06-09 03:00:00FR23163_O3_A,FR23163,8,72344,37.0,2026-06-09 03:00:00+00:00
2026-06-09 03:00:00FR23174_NO2_A,FR23174,3,72181,4.9,2026-06-09 03:00:00+00:00
2026-06-09 03:00:00FR23174_PM10_2,FR23174,24,72181,15.0,2026-06-09 03:00:00+00:00
2026-06-09 03:00:00FR23174_PM2.5_1,FR23174,39,72181,5.3,2026-06-09 03:00:00+00:00
2026-06-09 03:00:00FR23175_O3_A,FR23175,8,49035,42.0,2026-06-09 03:00:00+00:00
2026-06-09 03:00:00FR23177_NO2_1,FR23177,3,53210,2.6,2026-06-09 03:00:00+00:00
2026-06-09 03:00:00FR23177_O3_A,FR23177,8,53210,30.0,2026-06-09 03:00:00+00:00
2026-06-09 03:00:00FR23177_PM10_4,FR23177,24,53210,16.0,2026-06-09 03:00:00+00:00
2026-06-09 03:00:00FR23177_PM2.5_2,FR23177,39,53210,4.8,2026-06-09 03:00:00+00:00
2026-06-09 03:00:00FR23178_NO2_1,FR23178,3,44052,3.0,2026-06-09 03:00:00+00:00
2026-06-09 03:00:00FR23178_PM10_3,FR23178,24,44052,8.7,2026-06-09 03:00:00+00:00
2026-06-09 03:00:00FR23178_PM2.5_2,FR23178,39,44052,3.7,2026-06-09 03:00:00+00:00
2026-06-09 03:00:00FR23178_SO2_A,FR23178,1,44052,0.0,2026-06-09 03:00:00+00:00
2026-06-09 03:00:00FR23181_NO2_1,FR23181,3,44184,2.2,2026-06-09 03:00:00+00:00
2026-06-09 03:00:00FR23181_SO2_1,FR23181,1,44184,0.55,2026-06-09 03:00:00+00:00
2026-06-09 03:00:00FR23182_NO2_A,FR23182,3,72181,3.6,2026-06-09 03:00:00+00:00
2026-06-09 03:00:00FR23182_O3_A,FR23182,8,72181,41.0,2026-06-09 03:00:00+00:00
2026-06-09 03:00:00FR23182_PM10_3,FR23182,24,72181,13.0,2026-06-09 03:00:00+00:00
2026-06-09 03:00:00FR23182_PM2.5_2,FR23182,39,72181,4.8,2026-06-09 03:00:00+00:00
2026-06-09 03:00:00FR23188_NO2_A,FR23188,3,44109,1.7,2026-06-09 03:00:00+00:00
2026-06-09 03:00:00FR23188_O3_A,FR23188,8,44109,68.0,2026-06-09 03:00:00+00:00
2026-06-09 03:00:00FR23188_PM10_4,FR23188,24,44109,8.9,2026-06-09 03:00:00+00:00
2026-06-09 03:00:00FR23188_PM2.5_2,FR23188,39,44109,4.0,2026-06-09 03:00:00+00:00
2026-06-09 03:00:00FR23230_O3_A,FR23230,8,44132,69.0,2026-06-09 03:00:00+00:00
2026-06-09 03:00:00FR23238_PM10_A,FR23238,24,44143,13.0,2026-06-09 03:00:00+00:00
2026-06-09 03:00:00FR23238_PM2.5_1,FR23238,39,44143,1.9,2026-06-09 03:00:00+00:00
2026-06-09 03:00:00FR23239_NO2_A,FR23239,3,44020,5.3,2026-06-09 03:00:00+00:00
2026-06-09 03:00:00FR23239_PM10_1,FR23239,24,44020,9.0,2026-06-09 03:00:00+00:00
2026-06-09 03:00:00FR23239_PM2.5_6,FR23239,39,44020,4.0,2026-06-09 03:00:00+00:00
2026-06-09 03:00:00FR23242_NO2_1,FR23242,3,49007,8.9,2026-06-09 03:00:00+00:00
2026-06-09 03:00:00FR23242_PM10_1,FR23242,24,49007,9.6,2026-06-09 03:00:00+00:00
2026-06-09 03:00:00FR23242_PM2.5_1,FR23242,39,49007,5.8,2026-06-09 03:00:00+00:00
2026-06-09 03:00:00FR23249_NO2_A,FR23249,3,44103,3.3,2026-06-09 03:00:00+00:00
2026-06-09 03:00:00FR23249_PM10_1,FR23249,24,44103,6.3,2026-06-09 03:00:00+00:00
2026-06-09 03:00:00FR23249_PM2.5_1,FR23249,39,44103,2.8,2026-06-09 03:00:00+00:00
2026-06-09 03:00:00FR23249_SO2_A,FR23249,1,44103,0.0,2026-06-09 03:00:00+00:00
2026-06-09 03:00:00FR23251_NO2_1,FR23251,3,44109,6.4,2026-06-09 03:00:00+00:00
2026-06-09 03:00:00FR23251_PM2.5_1,FR23251,39,44109,7.8,2026-06-09 03:00:00+00:00
2026-06-09 03:00:00FR23252_NO2_1,FR23252,3,53130,3.8,2026-06-09 03:00:00+00:00
2026-06-09 03:00:00FR23252_PM2.5_1,FR23252,39,53130,2.4,2026-06-09 03:00:00+00:00
2026-06-09 03:00:00FR23259_PM10_1,FR23259,24,44109,8.4,2026-06-09 03:00:00+00:00
2026-06-09 03:00:00FR23259_PM2.5_1,FR23259,39,44109,3.9,2026-06-09 03:00:00+00:00
2026-06-09 02:00:00FR23001_SO2_A,FR23001,1,44052,0.18,2026-06-09 02:00:00+00:00
2026-06-09 02:00:00FR23003_NO2_A,FR23003,3,44052,2.1,2026-06-09 02:00:00+00:00
2026-06-09 02:00:00FR23003_PM10_1,FR23003,24,44052,7.8,2026-06-09 02:00:00+00:00
2026-06-09 02:00:00FR23003_PM2.5_1,FR23003,39,44052,4.0,2026-06-09 02:00:00+00:00
2026-06-09 02:00:00FR23003_SO2_A,FR23003,1,44052,0.0,2026-06-09 02:00:00+00:00
2026-06-09 02:00:00FR23068_NO2_A,FR23068,3,44061,2.2,2026-06-09 02:00:00+00:00
2026-06-09 02:00:00FR23068_PM10_4,FR23068,24,44061,8.5,2026-06-09 02:00:00+00:00
2026-06-09 02:00:00FR23068_PM2.5_1,FR23068,39,44061,3.7,2026-06-09 02:00:00+00:00
2026-06-09 02:00:00FR23068_SO2_A,FR23068,1,44061,0.0,2026-06-09 02:00:00+00:00
2026-06-09 02:00:00FR23069_SO2_A,FR23069,1,44195,0.0,2026-06-09 02:00:00+00:00
2026-06-09 02:00:00FR23070_NO2_A,FR23070,3,44158,1.7,2026-06-09 02:00:00+00:00
2026-06-09 02:00:00FR23070_PM10_3,FR23070,24,44158,7.9,2026-06-09 02:00:00+00:00
2026-06-09 02:00:00FR23070_PM2.5_1,FR23070,39,44158,3.5,2026-06-09 02:00:00+00:00
2026-06-09 02:00:00FR23070_SO2_A,FR23070,1,44158,0.5,2026-06-09 02:00:00+00:00
2026-06-09 02:00:00FR23075_NO2_A,FR23075,3,44210,2.9,2026-06-09 02:00:00+00:00
2026-06-09 02:00:00FR23078_NO2_A,FR23078,3,49099,2.6,2026-06-09 02:00:00+00:00
2026-06-09 02:00:00FR23078_O3_A,FR23078,8,49099,62.0,2026-06-09 02:00:00+00:00
2026-06-09 02:00:00FR23078_PM10_2,FR23078,24,49099,9.6,2026-06-09 02:00:00+00:00
2026-06-09 02:00:00FR23078_PM2.5_2,FR23078,39,49099,2.0,2026-06-09 02:00:00+00:00
2026-06-09 02:00:00FR23110_NO2_A,FR23110,3,44184,1.5,2026-06-09 02:00:00+00:00
2026-06-09 02:00:00FR23110_O3_A,FR23110,8,44184,62.0,2026-06-09 02:00:00+00:00
2026-06-09 02:00:00FR23110_PM10_3,FR23110,24,44184,11.0,2026-06-09 02:00:00+00:00
2026-06-09 02:00:00FR23110_PM2.5_3,FR23110,39,44184,4.3,2026-06-09 02:00:00+00:00
2026-06-09 02:00:00FR23120_NO2_A,FR23120,3,49007,2.2,2026-06-09 02:00:00+00:00
2026-06-09 02:00:00FR23120_PM10_4,FR23120,24,49007,8.4,2026-06-09 02:00:00+00:00
2026-06-09 02:00:00FR23120_PM2.5_2,FR23120,39,49007,3.6,2026-06-09 02:00:00+00:00
2026-06-09 02:00:00FR23123_NO2_A,FR23123,3,53130,2.0,2026-06-09 02:00:00+00:00
2026-06-09 02:00:00FR23123_O3_A,FR23123,8,53130,52.0,2026-06-09 02:00:00+00:00
2026-06-09 02:00:00FR23123_PM10_3,FR23123,24,53130,14.0,2026-06-09 02:00:00+00:00
2026-06-09 02:00:00FR23123_PM2.5_3,FR23123,39,53130,4.9,2026-06-09 02:00:00+00:00
2026-06-09 02:00:00FR23124_NO2_A,FR23124,3,85289,2.0,2026-06-09 02:00:00+00:00
2026-06-09 02:00:00FR23124_O3_A,FR23124,8,85289,33.0,2026-06-09 02:00:00+00:00
2026-06-09 02:00:00FR23124_PM10_4,FR23124,24,85289,10.0,2026-06-09 02:00:00+00:00
2026-06-09 02:00:00FR23124_PM2.5_2,FR23124,39,85289,4.2,2026-06-09 02:00:00+00:00
2026-06-09 02:00:00FR23149_SO2_A,FR23149,1,44116,0.0,2026-06-09 02:00:00+00:00
2026-06-09 02:00:00FR23150_NO2_A,FR23150,3,49007,2.0,2026-06-09 02:00:00+00:00
2026-06-09 02:00:00FR23150_O3_A,FR23150,8,49007,65.0,2026-06-09 02:00:00+00:00
2026-06-09 02:00:00FR23152_NO2_A,FR23152,3,85191,1.0,2026-06-09 02:00:00+00:00
2026-06-09 02:00:00FR23152_O3_A,FR23152,8,85191,63.0,2026-06-09 02:00:00+00:00
2026-06-09 02:00:00FR23152_PM10_4,FR23152,24,85191,9.1,2026-06-09 02:00:00+00:00
2026-06-09 02:00:00FR23152_PM2.5_2,FR23152,39,85191,4.2,2026-06-09 02:00:00+00:00
2026-06-09 02:00:00FR23157_O3_A,FR23157,8,44018,53.0,2026-06-09 02:00:00+00:00
2026-06-09 02:00:00FR23163_O3_A,FR23163,8,72344,41.0,2026-06-09 02:00:00+00:00
2026-06-09 02:00:00FR23174_NO2_A,FR23174,3,72181,3.0,2026-06-09 02:00:00+00:00
2026-06-09 02:00:00FR23174_PM10_2,FR23174,24,72181,13.0,2026-06-09 02:00:00+00:00
2026-06-09 02:00:00FR23174_PM2.5_1,FR23174,39,72181,4.8,2026-06-09 02:00:00+00:00
2026-06-09 02:00:00FR23175_O3_A,FR23175,8,49035,44.0,2026-06-09 02:00:00+00:00
2026-06-09 02:00:00FR23177_NO2_1,FR23177,3,53210,2.9,2026-06-09 02:00:00+00:00
2026-06-09 02:00:00FR23177_O3_A,FR23177,8,53210,33.0,2026-06-09 02:00:00+00:00
2026-06-09 02:00:00FR23177_PM10_4,FR23177,24,53210,15.0,2026-06-09 02:00:00+00:00
2026-06-09 02:00:00FR23177_PM2.5_2,FR23177,39,53210,4.5,2026-06-09 02:00:00+00:00
2026-06-09 02:00:00FR23178_NO2_1,FR23178,3,44052,2.8,2026-06-09 02:00:00+00:00
2026-06-09 02:00:00FR23178_PM10_3,FR23178,24,44052,8.9,2026-06-09 02:00:00+00:00
2026-06-09 02:00:00FR23178_PM2.5_2,FR23178,39,44052,3.8,2026-06-09 02:00:00+00:00
2026-06-09 02:00:00FR23178_SO2_A,FR23178,1,44052,0.0,2026-06-09 02:00:00+00:00
2026-06-09 02:00:00FR23181_NO2_1,FR23181,3,44184,2.1,2026-06-09 02:00:00+00:00
2026-06-09 02:00:00FR23181_SO2_1,FR23181,1,44184,0.0,2026-06-09 02:00:00+00:00
2026-06-09 02:00:00FR23182_NO2_A,FR23182,3,72181,1.6,2026-06-09 02:00:00+00:00
2026-06-09 02:00:00FR23182_O3_A,FR23182,8,72181,53.0,2026-06-09 02:00:00+00:00
2026-06-09 02:00:00FR23182_PM10_3,FR23182,24,72181,11.0,2026-06-09 02:00:00+00:00
2026-06-09 02:00:00FR23182_PM2.5_2,FR23182,39,72181,4.6,2026-06-09 02:00:00+00:00
2026-06-09 02:00:00FR23188_NO2_A,FR23188,3,44109,1.6,2026-06-09 02:00:00+00:00
2026-06-09 02:00:00FR23188_O3_A,FR23188,8,44109,67.0,2026-06-09 02:00:00+00:00
2026-06-09 02:00:00FR23188_PM10_4,FR23188,24,44109,7.3,2026-06-09 02:00:00+00:00
2026-06-09 02:00:00FR23188_PM2.5_2,FR23188,39,44109,3.7,2026-06-09 02:00:00+00:00
2026-06-09 02:00:00FR23230_O3_A,FR23230,8,44132,67.0,2026-06-09 02:00:00+00:00
2026-06-09 02:00:00FR23238_PM10_A,FR23238,24,44143,11.0,2026-06-09 02:00:00+00:00
2026-06-09 02:00:00FR23238_PM2.5_1,FR23238,39,44143,3.5,2026-06-09 02:00:00+00:00
2026-06-09 02:00:00FR23239_NO2_A,FR23239,3,44020,2.1,2026-06-09 02:00:00+00:00
2026-06-09 02:00:00FR23239_PM10_1,FR23239,24,44020,7.8,2026-06-09 02:00:00+00:00
2026-06-09 02:00:00FR23239_PM2.5_6,FR23239,39,44020,3.5,2026-06-09 02:00:00+00:00
2026-06-09 02:00:00FR23242_NO2_1,FR23242,3,49007,3.9,2026-06-09 02:00:00+00:00
2026-06-09 02:00:00FR23242_PM10_1,FR23242,24,49007,11.0,2026-06-09 02:00:00+00:00
2026-06-09 02:00:00FR23242_PM2.5_1,FR23242,39,49007,4.9,2026-06-09 02:00:00+00:00
2026-06-09 02:00:00FR23249_NO2_A,FR23249,3,44103,3.2,2026-06-09 02:00:00+00:00
2026-06-09 02:00:00FR23249_PM10_1,FR23249,24,44103,6.3,2026-06-09 02:00:00+00:00
2026-06-09 02:00:00FR23249_PM2.5_1,FR23249,39,44103,2.8,2026-06-09 02:00:00+00:00
2026-06-09 02:00:00FR23249_SO2_A,FR23249,1,44103,0.0,2026-06-09 02:00:00+00:00
2026-06-09 02:00:00FR23251_NO2_1,FR23251,3,44109,2.0,2026-06-09 02:00:00+00:00
2026-06-09 02:00:00FR23251_PM2.5_1,FR23251,39,44109,11.0,2026-06-09 02:00:00+00:00
2026-06-09 02:00:00FR23252_NO2_1,FR23252,3,53130,5.1,2026-06-09 02:00:00+00:00
2026-06-09 02:00:00FR23252_PM2.5_1,FR23252,39,53130,3.9,2026-06-09 02:00:00+00:00
2026-06-09 02:00:00FR23259_PM10_1,FR23259,24,44109,7.7,2026-06-09 02:00:00+00:00
2026-06-09 02:00:00FR23259_PM2.5_1,FR23259,39,44109,3.6,2026-06-09 02:00:00+00:00
2026-06-09 01:00:00FR23001_SO2_A,FR23001,1,44052,0.2,2026-06-09 01:00:00+00:00
2026-06-09 01:00:00FR23003_NO2_A,FR23003,3,44052,1.8,2026-06-09 01:00:00+00:00
2026-06-09 01:00:00FR23003_PM10_1,FR23003,24,44052,7.5,2026-06-09 01:00:00+00:00
2026-06-09 01:00:00FR23003_PM2.5_1,FR23003,39,44052,3.6,2026-06-09 01:00:00+00:00
2026-06-09 01:00:00FR23003_SO2_A,FR23003,1,44052,0.025,2026-06-09 01:00:00+00:00
2026-06-09 01:00:00FR23068_NO2_A,FR23068,3,44061,2.0,2026-06-09 01:00:00+00:00
2026-06-09 01:00:00FR23068_PM10_4,FR23068,24,44061,8.0,2026-06-09 01:00:00+00:00
2026-06-09 01:00:00FR23068_PM2.5_1,FR23068,39,44061,3.6,2026-06-09 01:00:00+00:00
2026-06-09 01:00:00FR23068_SO2_A,FR23068,1,44061,0.05,2026-06-09 01:00:00+00:00
2026-06-09 01:00:00FR23069_SO2_A,FR23069,1,44195,0.0,2026-06-09 01:00:00+00:00
2026-06-09 01:00:00FR23070_NO2_A,FR23070,3,44158,1.9,2026-06-09 01:00:00+00:00
2026-06-09 01:00:00FR23070_PM10_3,FR23070,24,44158,7.6,2026-06-09 01:00:00+00:00
2026-06-09 01:00:00FR23070_PM2.5_1,FR23070,39,44158,3.2,2026-06-09 01:00:00+00:00
2026-06-09 01:00:00FR23070_SO2_A,FR23070,1,44158,0.067,2026-06-09 01:00:00+00:00
2026-06-09 01:00:00FR23075_NO2_A,FR23075,3,44210,1.8,2026-06-09 01:00:00+00:00
2026-06-09 01:00:00FR23078_NO2_A,FR23078,3,49099,3.5,2026-06-09 01:00:00+00:00
2026-06-09 01:00:00FR23078_O3_A,FR23078,8,49099,60.0,2026-06-09 01:00:00+00:00
2026-06-09 01:00:00FR23078_PM10_2,FR23078,24,49099,7.9,2026-06-09 01:00:00+00:00
2026-06-09 01:00:00FR23078_PM2.5_2,FR23078,39,49099,4.3,2026-06-09 01:00:00+00:00
2026-06-09 01:00:00FR23110_NO2_A,FR23110,3,44184,1.5,2026-06-09 01:00:00+00:00
2026-06-09 01:00:00FR23110_O3_A,FR23110,8,44184,65.0,2026-06-09 01:00:00+00:00
2026-06-09 01:00:00FR23110_PM10_3,FR23110,24,44184,8.7,2026-06-09 01:00:00+00:00
2026-06-09 01:00:00FR23110_PM2.5_3,FR23110,39,44184,3.9,2026-06-09 01:00:00+00:00
2026-06-09 01:00:00FR23120_NO2_A,FR23120,3,49007,2.2,2026-06-09 01:00:00+00:00
2026-06-09 01:00:00FR23120_PM10_4,FR23120,24,49007,8.1,2026-06-09 01:00:00+00:00
2026-06-09 01:00:00FR23120_PM2.5_2,FR23120,39,49007,3.7,2026-06-09 01:00:00+00:00
2026-06-09 01:00:00FR23123_NO2_A,FR23123,3,53130,0.73,2026-06-09 01:00:00+00:00
2026-06-09 01:00:00FR23123_O3_A,FR23123,8,53130,53.0,2026-06-09 01:00:00+00:00
2026-06-09 01:00:00FR23123_PM10_3,FR23123,24,53130,12.0,2026-06-09 01:00:00+00:00
2026-06-09 01:00:00FR23123_PM2.5_3,FR23123,39,53130,4.6,2026-06-09 01:00:00+00:00
2026-06-09 01:00:00FR23124_NO2_A,FR23124,3,85289,1.8,2026-06-09 01:00:00+00:00
2026-06-09 01:00:00FR23124_O3_A,FR23124,8,85289,37.0,2026-06-09 01:00:00+00:00
2026-06-09 01:00:00FR23124_PM10_4,FR23124,24,85289,11.0,2026-06-09 01:00:00+00:00
2026-06-09 01:00:00FR23124_PM2.5_2,FR23124,39,85289,4.5,2026-06-09 01:00:00+00:00
2026-06-09 01:00:00FR23149_SO2_A,FR23149,1,44116,0.0,2026-06-09 01:00:00+00:00
2026-06-09 01:00:00FR23150_NO2_A,FR23150,3,49007,7.4,2026-06-09 01:00:00+00:00
2026-06-09 01:00:00FR23150_O3_A,FR23150,8,49007,58.0,2026-06-09 01:00:00+00:00
2026-06-09 01:00:00FR23152_NO2_A,FR23152,3,85191,0.93,2026-06-09 01:00:00+00:00
2026-06-09 01:00:00FR23152_O3_A,FR23152,8,85191,65.0,2026-06-09 01:00:00+00:00
2026-06-09 01:00:00FR23152_PM10_4,FR23152,24,85191,11.0,2026-06-09 01:00:00+00:00
2026-06-09 01:00:00FR23152_PM2.5_2,FR23152,39,85191,4.8,2026-06-09 01:00:00+00:00
2026-06-09 01:00:00FR23157_O3_A,FR23157,8,44018,63.0,2026-06-09 01:00:00+00:00
2026-06-09 01:00:00FR23163_O3_A,FR23163,8,72344,56.0,2026-06-09 01:00:00+00:00
2026-06-09 01:00:00FR23174_NO2_A,FR23174,3,72181,3.0,2026-06-09 01:00:00+00:00
2026-06-09 01:00:00FR23174_PM10_2,FR23174,24,72181,12.0,2026-06-09 01:00:00+00:00
2026-06-09 01:00:00FR23174_PM2.5_1,FR23174,39,72181,4.7,2026-06-09 01:00:00+00:00
2026-06-09 01:00:00FR23175_O3_A,FR23175,8,49035,59.0,2026-06-09 01:00:00+00:00
2026-06-09 01:00:00FR23177_NO2_1,FR23177,3,53210,3.4,2026-06-09 01:00:00+00:00
2026-06-09 01:00:00FR23177_O3_A,FR23177,8,53210,29.0,2026-06-09 01:00:00+00:00
2026-06-09 01:00:00FR23177_PM10_4,FR23177,24,53210,14.0,2026-06-09 01:00:00+00:00
2026-06-09 01:00:00FR23177_PM2.5_2,FR23177,39,53210,4.6,2026-06-09 01:00:00+00:00
2026-06-09 01:00:00FR23178_NO2_1,FR23178,3,44052,1.7,2026-06-09 01:00:00+00:00
2026-06-09 01:00:00FR23178_PM10_3,FR23178,24,44052,9.0,2026-06-09 01:00:00+00:00
2026-06-09 01:00:00FR23178_PM2.5_2,FR23178,39,44052,3.7,2026-06-09 01:00:00+00:00
2026-06-09 01:00:00FR23178_SO2_A,FR23178,1,44052,0.0,2026-06-09 01:00:00+00:00
2026-06-09 01:00:00FR23181_NO2_1,FR23181,3,44184,1.4,2026-06-09 01:00:00+00:00
2026-06-09 01:00:00FR23181_SO2_1,FR23181,1,44184,0.65,2026-06-09 01:00:00+00:00
2026-06-09 01:00:00FR23182_NO2_A,FR23182,3,72181,1.3,2026-06-09 01:00:00+00:00
2026-06-09 01:00:00FR23182_O3_A,FR23182,8,72181,54.0,2026-06-09 01:00:00+00:00
2026-06-09 01:00:00FR23182_PM10_3,FR23182,24,72181,12.0,2026-06-09 01:00:00+00:00
2026-06-09 01:00:00FR23182_PM2.5_2,FR23182,39,72181,4.9,2026-06-09 01:00:00+00:00
2026-06-09 01:00:00FR23188_NO2_A,FR23188,3,44109,1.6,2026-06-09 01:00:00+00:00
2026-06-09 01:00:00FR23188_O3_A,FR23188,8,44109,67.0,2026-06-09 01:00:00+00:00
2026-06-09 01:00:00FR23188_PM10_4,FR23188,24,44109,7.5,2026-06-09 01:00:00+00:00
2026-06-09 01:00:00FR23188_PM2.5_2,FR23188,39,44109,3.7,2026-06-09 01:00:00+00:00
2026-06-09 01:00:00FR23230_O3_A,FR23230,8,44132,65.0,2026-06-09 01:00:00+00:00
2026-06-09 01:00:00FR23238_PM10_A,FR23238,24,44143,12.0,2026-06-09 01:00:00+00:00
2026-06-09 01:00:00FR23238_PM2.5_1,FR23238,39,44143,4.8,2026-06-09 01:00:00+00:00
2026-06-09 01:00:00FR23239_NO2_A,FR23239,3,44020,1.7,2026-06-09 01:00:00+00:00
2026-06-09 01:00:00FR23239_PM10_1,FR23239,24,44020,7.1,2026-06-09 01:00:00+00:00
2026-06-09 01:00:00FR23239_PM2.5_6,FR23239,39,44020,3.3,2026-06-09 01:00:00+00:00
2026-06-09 01:00:00FR23242_NO2_1,FR23242,3,49007,5.5,2026-06-09 01:00:00+00:00
2026-06-09 01:00:00FR23242_PM10_1,FR23242,24,49007,12.0,2026-06-09 01:00:00+00:00
2026-06-09 01:00:00FR23242_PM2.5_1,FR23242,39,49007,4.2,2026-06-09 01:00:00+00:00
2026-06-09 01:00:00FR23249_NO2_A,FR23249,3,44103,2.1,2026-06-09 01:00:00+00:00
2026-06-09 01:00:00FR23249_PM10_1,FR23249,24,44103,7.6,2026-06-09 01:00:00+00:00
2026-06-09 01:00:00FR23249_PM2.5_1,FR23249,39,44103,3.2,2026-06-09 01:00:00+00:00
2026-06-09 01:00:00FR23249_SO2_A,FR23249,1,44103,0.0,2026-06-09 01:00:00+00:00
2026-06-09 01:00:00FR23251_NO2_1,FR23251,3,44109,1.8,2026-06-09 01:00:00+00:00
2026-06-09 01:00:00FR23251_PM2.5_1,FR23251,39,44109,3.6,2026-06-09 01:00:00+00:00
2026-06-09 01:00:00FR23252_NO2_1,FR23252,3,53130,3.2,2026-06-09 01:00:00+00:00
2026-06-09 01:00:00FR23252_PM2.5_1,FR23252,39,53130,5.7,2026-06-09 01:00:00+00:00
2026-06-09 01:00:00FR23259_PM10_1,FR23259,24,44109,7.2,2026-06-09 01:00:00+00:00
2026-06-09 01:00:00FR23259_PM2.5_1,FR23259,39,44109,3.4,2026-06-09 01:00:00+00:00
2026-06-09 00:00:00FR23001_SO2_A,FR23001,1,44052,0.2,2026-06-09 00:00:00+00:00
2026-06-09 00:00:00FR23003_NO2_A,FR23003,3,44052,1.3,2026-06-09 00:00:00+00:00
2026-06-09 00:00:00FR23003_PM10_1,FR23003,24,44052,7.3,2026-06-09 00:00:00+00:00
2026-06-09 00:00:00FR23003_PM2.5_1,FR23003,39,44052,3.5,2026-06-09 00:00:00+00:00
2026-06-09 00:00:00FR23003_SO2_A,FR23003,1,44052,0.0,2026-06-09 00:00:00+00:00
2026-06-09 00:00:00FR23068_NO2_A,FR23068,3,44061,1.7,2026-06-09 00:00:00+00:00
2026-06-09 00:00:00FR23068_PM10_4,FR23068,24,44061,7.7,2026-06-09 00:00:00+00:00
2026-06-09 00:00:00FR23068_PM2.5_1,FR23068,39,44061,3.6,2026-06-09 00:00:00+00:00
2026-06-09 00:00:00FR23068_SO2_A,FR23068,1,44061,0.18,2026-06-09 00:00:00+00:00
2026-06-09 00:00:00FR23069_SO2_A,FR23069,1,44195,0.0,2026-06-09 00:00:00+00:00
2026-06-09 00:00:00FR23070_NO2_A,FR23070,3,44158,2.0,2026-06-09 00:00:00+00:00
2026-06-09 00:00:00FR23070_PM10_3,FR23070,24,44158,6.0,2026-06-09 00:00:00+00:00
2026-06-09 00:00:00FR23070_PM2.5_1,FR23070,39,44158,2.8,2026-06-09 00:00:00+00:00
2026-06-09 00:00:00FR23070_SO2_A,FR23070,1,44158,0.2,2026-06-09 00:00:00+00:00
2026-06-09 00:00:00FR23075_NO2_A,FR23075,3,44210,1.8,2026-06-09 00:00:00+00:00
2026-06-09 00:00:00FR23078_NO2_A,FR23078,3,49099,4.1,2026-06-09 00:00:00+00:00
2026-06-09 00:00:00FR23078_O3_A,FR23078,8,49099,62.0,2026-06-09 00:00:00+00:00
2026-06-09 00:00:00FR23078_PM10_2,FR23078,24,49099,7.3,2026-06-09 00:00:00+00:00
2026-06-09 00:00:00FR23078_PM2.5_2,FR23078,39,49099,0.0,2026-06-09 00:00:00+00:00
2026-06-09 00:00:00FR23110_NO2_A,FR23110,3,44184,1.4,2026-06-09 00:00:00+00:00
2026-06-09 00:00:00FR23110_O3_A,FR23110,8,44184,68.0,2026-06-09 00:00:00+00:00
2026-06-09 00:00:00FR23110_PM10_3,FR23110,24,44184,8.1,2026-06-09 00:00:00+00:00
2026-06-09 00:00:00FR23110_PM2.5_3,FR23110,39,44184,3.7,2026-06-09 00:00:00+00:00
2026-06-09 00:00:00FR23120_NO2_A,FR23120,3,49007,2.6,2026-06-09 00:00:00+00:00
2026-06-09 00:00:00FR23120_PM10_4,FR23120,24,49007,7.9,2026-06-09 00:00:00+00:00
2026-06-09 00:00:00FR23120_PM2.5_2,FR23120,39,49007,3.5,2026-06-09 00:00:00+00:00
2026-06-09 00:00:00FR23123_NO2_A,FR23123,3,53130,0.9,2026-06-09 00:00:00+00:00
2026-06-09 00:00:00FR23123_O3_A,FR23123,8,53130,53.0,2026-06-09 00:00:00+00:00
2026-06-09 00:00:00FR23123_PM10_3,FR23123,24,53130,9.5,2026-06-09 00:00:00+00:00
2026-06-09 00:00:00FR23123_PM2.5_3,FR23123,39,53130,4.3,2026-06-09 00:00:00+00:00
2026-06-09 00:00:00FR23124_NO2_A,FR23124,3,85289,1.4,2026-06-09 00:00:00+00:00
2026-06-09 00:00:00FR23124_O3_A,FR23124,8,85289,48.0,2026-06-09 00:00:00+00:00
2026-06-09 00:00:00FR23124_PM10_4,FR23124,24,85289,10.0,2026-06-09 00:00:00+00:00
2026-06-09 00:00:00FR23124_PM2.5_2,FR23124,39,85289,4.2,2026-06-09 00:00:00+00:00
2026-06-09 00:00:00FR23149_SO2_A,FR23149,1,44116,0.0,2026-06-09 00:00:00+00:00
2026-06-09 00:00:00FR23150_NO2_A,FR23150,3,49007,5.7,2026-06-09 00:00:00+00:00
2026-06-09 00:00:00FR23150_O3_A,FR23150,8,49007,57.0,2026-06-09 00:00:00+00:00
2026-06-09 00:00:00FR23152_NO2_A,FR23152,3,85191,0.7,2026-06-09 00:00:00+00:00
2026-06-09 00:00:00FR23152_O3_A,FR23152,8,85191,69.0,2026-06-09 00:00:00+00:00
2026-06-09 00:00:00FR23152_PM10_4,FR23152,24,85191,10.0,2026-06-09 00:00:00+00:00
2026-06-09 00:00:00FR23152_PM2.5_2,FR23152,39,85191,4.7,2026-06-09 00:00:00+00:00
2026-06-09 00:00:00FR23157_O3_A,FR23157,8,44018,63.0,2026-06-09 00:00:00+00:00
2026-06-09 00:00:00FR23163_O3_A,FR23163,8,72344,55.0,2026-06-09 00:00:00+00:00
2026-06-09 00:00:00FR23174_NO2_A,FR23174,3,72181,2.8,2026-06-09 00:00:00+00:00
2026-06-09 00:00:00FR23174_PM10_2,FR23174,24,72181,13.0,2026-06-09 00:00:00+00:00
2026-06-09 00:00:00FR23174_PM2.5_1,FR23174,39,72181,4.4,2026-06-09 00:00:00+00:00
2026-06-09 00:00:00FR23175_O3_A,FR23175,8,49035,52.0,2026-06-09 00:00:00+00:00
2026-06-09 00:00:00FR23177_NO2_1,FR23177,3,53210,1.9,2026-06-09 00:00:00+00:00
2026-06-09 00:00:00FR23177_O3_A,FR23177,8,53210,47.0,2026-06-09 00:00:00+00:00
2026-06-09 00:00:00FR23177_PM10_4,FR23177,24,53210,10.0,2026-06-09 00:00:00+00:00
2026-06-09 00:00:00FR23177_PM2.5_2,FR23177,39,53210,4.1,2026-06-09 00:00:00+00:00
2026-06-09 00:00:00FR23178_NO2_1,FR23178,3,44052,3.0,2026-06-09 00:00:00+00:00
2026-06-09 00:00:00FR23178_PM10_3,FR23178,24,44052,8.9,2026-06-09 00:00:00+00:00
2026-06-09 00:00:00FR23178_PM2.5_2,FR23178,39,44052,3.8,2026-06-09 00:00:00+00:00
2026-06-09 00:00:00FR23178_SO2_A,FR23178,1,44052,0.0,2026-06-09 00:00:00+00:00
2026-06-09 00:00:00FR23181_NO2_1,FR23181,3,44184,1.3,2026-06-09 00:00:00+00:00
2026-06-09 00:00:00FR23181_SO2_1,FR23181,1,44184,0.75,2026-06-09 00:00:00+00:00
2026-06-09 00:00:00FR23182_NO2_A,FR23182,3,72181,2.8,2026-06-09 00:00:00+00:00
2026-06-09 00:00:00FR23182_O3_A,FR23182,8,72181,55.0,2026-06-09 00:00:00+00:00
2026-06-09 00:00:00FR23182_PM10_3,FR23182,24,72181,12.0,2026-06-09 00:00:00+00:00
2026-06-09 00:00:00FR23182_PM2.5_2,FR23182,39,72181,5.0,2026-06-09 00:00:00+00:00
2026-06-09 00:00:00FR23188_NO2_A,FR23188,3,44109,2.3,2026-06-09 00:00:00+00:00
2026-06-09 00:00:00FR23188_O3_A,FR23188,8,44109,65.0,2026-06-09 00:00:00+00:00
2026-06-09 00:00:00FR23188_PM10_4,FR23188,24,44109,7.6,2026-06-09 00:00:00+00:00
2026-06-09 00:00:00FR23188_PM2.5_2,FR23188,39,44109,3.3,2026-06-09 00:00:00+00:00
2026-06-09 00:00:00FR23230_O3_A,FR23230,8,44132,68.0,2026-06-09 00:00:00+00:00
2026-06-09 00:00:00FR23238_PM10_A,FR23238,24,44143,12.0,2026-06-09 00:00:00+00:00
2026-06-09 00:00:00FR23238_PM2.5_1,FR23238,39,44143,3.2,2026-06-09 00:00:00+00:00
2026-06-09 00:00:00FR23239_NO2_A,FR23239,3,44020,1.7,2026-06-09 00:00:00+00:00
2026-06-09 00:00:00FR23239_PM10_1,FR23239,24,44020,7.3,2026-06-09 00:00:00+00:00
2026-06-09 00:00:00FR23239_PM2.5_6,FR23239,39,44020,3.2,2026-06-09 00:00:00+00:00
2026-06-09 00:00:00FR23242_NO2_1,FR23242,3,49007,7.0,2026-06-09 00:00:00+00:00
2026-06-09 00:00:00FR23242_PM10_1,FR23242,24,49007,11.0,2026-06-09 00:00:00+00:00
2026-06-09 00:00:00FR23242_PM2.5_1,FR23242,39,49007,2.6,2026-06-09 00:00:00+00:00
2026-06-09 00:00:00FR23249_NO2_A,FR23249,3,44103,1.2,2026-06-09 00:00:00+00:00
2026-06-09 00:00:00FR23249_PM10_1,FR23249,24,44103,7.2,2026-06-09 00:00:00+00:00
2026-06-09 00:00:00FR23249_PM2.5_1,FR23249,39,44103,3.3,2026-06-09 00:00:00+00:00
2026-06-09 00:00:00FR23249_SO2_A,FR23249,1,44103,0.0,2026-06-09 00:00:00+00:00
2026-06-09 00:00:00FR23251_NO2_1,FR23251,3,44109,2.3,2026-06-09 00:00:00+00:00
2026-06-09 00:00:00FR23251_PM2.5_1,FR23251,39,44109,3.9,2026-06-09 00:00:00+00:00
2026-06-09 00:00:00FR23252_NO2_1,FR23252,3,53130,3.6,2026-06-09 00:00:00+00:00
2026-06-09 00:00:00FR23252_PM2.5_1,FR23252,39,53130,5.2,2026-06-09 00:00:00+00:00
2026-06-09 00:00:00FR23259_PM10_1,FR23259,24,44109,7.2,2026-06-09 00:00:00+00:00
2026-06-09 00:00:00FR23259_PM2.5_1,FR23259,39,44109,3.3,2026-06-09 00:00:00+00:00
